2025-11-19 09:15:00 [ERROR] app.core.task_manager:205 - Task failed: ValidationError: 11 validation errors for Movie
episodes_info.26.air_time
  Value error, 无效的时间格式: , 应该使用 ISO 格式如 '20:00:00' [type=value_error, input_value='', input_type=str]
    For further information visit https://errors.pydantic.dev/2.11/v/value_error
episodes_info.27.air_time
  Value error, 无效的时间格式: , 应该使用 ISO 格式如 '20:00:00' [type=value_error, input_value='', input_type=str]
    For further information visit https://errors.pydantic.dev/2.11/v/value_error
episodes_info.28.air_time
  Value error, 无效的时间格式: , 应该使用 ISO 格式如 '20:00:00' [type=value_error, input_value='', input_type=str]
    For further information visit https://errors.pydantic.dev/2.11/v/value_error
episodes_info.29.air_time
  Value error, 无效的时间格式: , 应该使用 ISO 格式如 '20:00:00' [type=value_error, input_value='', input_type=str]
    For further information visit https://errors.pydantic.dev/2.11/v/value_error
episodes_info.30.air_time
  Value error, 无效的时间格式: , 应该使用 ISO 格式如 '20:00:00' [type=value_error, input_value='', input_type=str]
    For further information visit https://errors.pydantic.dev/2.11/v/value_error
episodes_info.31.air_time
  Value error, 无效的时间格式: , 应该使用 ISO 格式如 '20:00:00' [type=value_error, input_value='', input_type=str]
    For further information visit https://errors.pydantic.dev/2.11/v/value_error
episodes_info.32.air_time
  Value error, 无效的时间格式: , 应该使用 ISO 格式如 '20:00:00' [type=value_error, input_value='', input_type=str]
    For further information visit https://errors.pydantic.dev/2.11/v/value_error
episodes_info.33.air_time
  Value error, 无效的时间格式: , 应该使用 ISO 格式如 '20:00:00' [type=value_error, input_value='', input_type=str]
    For further information visit https://errors.pydantic.dev/2.11/v/value_error
episodes_info.34.air_time
  Value error, 无效的时间格式: , 应该使用 ISO 格式如 '20:00:00' [type=value_error, input_value='', input_type=str]
    For further information visit https://errors.pydantic.dev/2.11/v/value_error
episodes_info.35.air_time
  Value error, 无效的时间格式: , 应该使用 ISO 格式如 '20:00:00' [type=value_error, input_value='', input_type=str]
    For further information visit https://errors.pydantic.dev/2.11/v/value_error
episodes_info.36.air_time
  Value error, 无效的时间格式: , 应该使用 ISO 格式如 '20:00:00' [type=value_error, input_value='', input_type=str]
    For further information visit https://errors.pydantic.dev/2.11/v/value_error
Traceback (most recent call last):
  File "D:\HLworkspace\temp\SyncCloudDisk2.0\app\core\task_manager.py", line 187, in _wrap_and_run
    result = await coro_fn(rec.params, progress_callback=progress_cb, log_callback=log_cb)
             ^^^^^^^^^^^^^^^^^^^^^^^^^^^^^^^^^^^^^^^^^^^^^^^^^^^^^^^^^^^^^^^^^^^^^^^^^^^^^
  File "D:\HLworkspace\temp\SyncCloudDisk2.0\app\core\scheduler.py", line 501, in coro_fn
    return await entry.fn(params_to_pass, progress_callback, log_callback)
           ^^^^^^^^^^^^^^^^^^^^^^^^^^^^^^^^^^^^^^^^^^^^^^^^^^^^^^^^^^^^^^^
  File "D:\HLworkspace\temp\SyncCloudDisk2.0\app\core\task_registry.py", line 96, in _wrapped
    return await fn(model_instance, progress_callback, log_callback, *args, **kwargs)
           ^^^^^^^^^^^^^^^^^^^^^^^^^^^^^^^^^^^^^^^^^^^^^^^^^^^^^^^^^^^^^^^^^^^^^^^^^^
  File "D:\HLworkspace\temp\SyncCloudDisk2.0\app\flow\sync_new_movie_flow.py", line 162, in flow2
    today_movies=await movie_repository.find_movies_with_episode_today()
                 ^^^^^^^^^^^^^^^^^^^^^^^^^^^^^^^^^^^^^^^^^^^^^^^^^^^^^^^
  File "D:\HLworkspace\temp\SyncCloudDisk2.0\app\database\movie_repository.py", line 164, in find_movies_with_episode_today
    return await MovieRepository.find_movies_with_episode_on(today, tz)
           ^^^^^^^^^^^^^^^^^^^^^^^^^^^^^^^^^^^^^^^^^^^^^^^^^^^^^^^^^^^^
  File "D:\HLworkspace\temp\SyncCloudDisk2.0\app\database\movie_repository.py", line 158, in find_movies_with_episode_on
    return await cursor.to_list()
           ^^^^^^^^^^^^^^^^^^^^^^
  File "D:\HLworkspace\temp\SyncCloudDisk2.0\.venv\Lib\site-packages\beanie\odm\queries\cursor.py", line 75, in to_list
    parse_obj(projection, i, lazy_parse=self.lazy_parse)
  File "D:\HLworkspace\temp\SyncCloudDisk2.0\.venv\Lib\site-packages\beanie\odm\utils\parsing.py", line 146, in parse_obj
    result = parse_model(model, data)
             ^^^^^^^^^^^^^^^^^^^^^^^^
  File "D:\HLworkspace\temp\SyncCloudDisk2.0\.venv\Lib\site-packages\beanie\odm\utils\pydantic.py", line 40, in parse_model
    return model_type.model_validate(data)
           ^^^^^^^^^^^^^^^^^^^^^^^^^^^^^^^
  File "D:\HLworkspace\temp\SyncCloudDisk2.0\.venv\Lib\site-packages\pydantic\main.py", line 705, in model_validate
    return cls.__pydantic_validator__.validate_python(
           ^^^^^^^^^^^^^^^^^^^^^^^^^^^^^^^^^^^^^^^^^^^
pydantic_core._pydantic_core.ValidationError: 11 validation errors for Movie
episodes_info.26.air_time
  Value error, 无效的时间格式: , 应该使用 ISO 格式如 '20:00:00' [type=value_error, input_value='', input_type=str]
    For further information visit https://errors.pydantic.dev/2.11/v/value_error
episodes_info.27.air_time
  Value error, 无效的时间格式: , 应该使用 ISO 格式如 '20:00:00' [type=value_error, input_value='', input_type=str]
    For further information visit https://errors.pydantic.dev/2.11/v/value_error
episodes_info.28.air_time
  Value error, 无效的时间格式: , 应该使用 ISO 格式如 '20:00:00' [type=value_error, input_value='', input_type=str]
    For further information visit https://errors.pydantic.dev/2.11/v/value_error
episodes_info.29.air_time
  Value error, 无效的时间格式: , 应该使用 ISO 格式如 '20:00:00' [type=value_error, input_value='', input_type=str]
    For further information visit https://errors.pydantic.dev/2.11/v/value_error
episodes_info.30.air_time
  Value error, 无效的时间格式: , 应该使用 ISO 格式如 '20:00:00' [type=value_error, input_value='', input_type=str]
    For further information visit https://errors.pydantic.dev/2.11/v/value_error
episodes_info.31.air_time
  Value error, 无效的时间格式: , 应该使用 ISO 格式如 '20:00:00' [type=value_error, input_value='', input_type=str]
    For further information visit https://errors.pydantic.dev/2.11/v/value_error
episodes_info.32.air_time
  Value error, 无效的时间格式: , 应该使用 ISO 格式如 '20:00:00' [type=value_error, input_value='', input_type=str]
    For further information visit https://errors.pydantic.dev/2.11/v/value_error
episodes_info.33.air_time
  Value error, 无效的时间格式: , 应该使用 ISO 格式如 '20:00:00' [type=value_error, input_value='', input_type=str]
    For further information visit https://errors.pydantic.dev/2.11/v/value_error
episodes_info.34.air_time
  Value error, 无效的时间格式: , 应该使用 ISO 格式如 '20:00:00' [type=value_error, input_value='', input_type=str]
    For further information visit https://errors.pydantic.dev/2.11/v/value_error
episodes_info.35.air_time
  Value error, 无效的时间格式: , 应该使用 ISO 格式如 '20:00:00' [type=value_error, input_value='', input_type=str]
    For further information visit https://errors.pydantic.dev/2.11/v/value_error
episodes_info.36.air_time
  Value error, 无效的时间格式: , 应该使用 ISO 格式如 '20:00:00' [type=value_error, input_value='', input_type=str]
    For further information visit https://errors.pydantic.dev/2.11/v/value_error
2025-11-19 09:15:00 [ERROR] app.core.task_manager:205 - Task failed: ValidationError: 11 validation errors for Movie
episodes_info.26.air_time
  Value error, 无效的时间格式: , 应该使用 ISO 格式如 '20:00:00' [type=value_error, input_value='', input_type=str]
    For further information visit https://errors.pydantic.dev/2.11/v/value_error
episodes_info.27.air_time
  Value error, 无效的时间格式: , 应该使用 ISO 格式如 '20:00:00' [type=value_error, input_value='', input_type=str]
    For further information visit https://errors.pydantic.dev/2.11/v/value_error
episodes_info.28.air_time
  Value error, 无效的时间格式: , 应该使用 ISO 格式如 '20:00:00' [type=value_error, input_value='', input_type=str]
    For further information visit https://errors.pydantic.dev/2.11/v/value_error
episodes_info.29.air_time
  Value error, 无效的时间格式: , 应该使用 ISO 格式如 '20:00:00' [type=value_error, input_value='', input_type=str]
    For further information visit https://errors.pydantic.dev/2.11/v/value_error
episodes_info.30.air_time
  Value error, 无效的时间格式: , 应该使用 ISO 格式如 '20:00:00' [type=value_error, input_value='', input_type=str]
    For further information visit https://errors.pydantic.dev/2.11/v/value_error
episodes_info.31.air_time
  Value error, 无效的时间格式: , 应该使用 ISO 格式如 '20:00:00' [type=value_error, input_value='', input_type=str]
    For further information visit https://errors.pydantic.dev/2.11/v/value_error
episodes_info.32.air_time
  Value error, 无效的时间格式: , 应该使用 ISO 格式如 '20:00:00' [type=value_error, input_value='', input_type=str]
    For further information visit https://errors.pydantic.dev/2.11/v/value_error
episodes_info.33.air_time
  Value error, 无效的时间格式: , 应该使用 ISO 格式如 '20:00:00' [type=value_error, input_value='', input_type=str]
    For further information visit https://errors.pydantic.dev/2.11/v/value_error
episodes_info.34.air_time
  Value error, 无效的时间格式: , 应该使用 ISO 格式如 '20:00:00' [type=value_error, input_value='', input_type=str]
    For further information visit https://errors.pydantic.dev/2.11/v/value_error
episodes_info.35.air_time
  Value error, 无效的时间格式: , 应该使用 ISO 格式如 '20:00:00' [type=value_error, input_value='', input_type=str]
    For further information visit https://errors.pydantic.dev/2.11/v/value_error
episodes_info.36.air_time
  Value error, 无效的时间格式: , 应该使用 ISO 格式如 '20:00:00' [type=value_error, input_value='', input_type=str]
    For further information visit https://errors.pydantic.dev/2.11/v/value_error
Traceback (most recent call last):
  File "D:\HLworkspace\temp\SyncCloudDisk2.0\app\core\task_manager.py", line 187, in _wrap_and_run
    result = await coro_fn(rec.params, progress_callback=progress_cb, log_callback=log_cb)
             ^^^^^^^^^^^^^^^^^^^^^^^^^^^^^^^^^^^^^^^^^^^^^^^^^^^^^^^^^^^^^^^^^^^^^^^^^^^^^
  File "D:\HLworkspace\temp\SyncCloudDisk2.0\app\core\scheduler.py", line 501, in coro_fn
    return await entry.fn(params_to_pass, progress_callback, log_callback)
           ^^^^^^^^^^^^^^^^^^^^^^^^^^^^^^^^^^^^^^^^^^^^^^^^^^^^^^^^^^^^^^^
  File "D:\HLworkspace\temp\SyncCloudDisk2.0\app\core\task_registry.py", line 96, in _wrapped
    return await fn(model_instance, progress_callback, log_callback, *args, **kwargs)
           ^^^^^^^^^^^^^^^^^^^^^^^^^^^^^^^^^^^^^^^^^^^^^^^^^^^^^^^^^^^^^^^^^^^^^^^^^^
  File "D:\HLworkspace\temp\SyncCloudDisk2.0\app\flow\sync_new_movie_flow.py", line 307, in p6
    movies=await movie_repository.find(
           ^^^^^^^^^^^^^^^^^^^^^^^^^^^^
  File "D:\HLworkspace\temp\SyncCloudDisk2.0\app\database\movie_repository.py", line 209, in find
    return await self._generic_repo.find(
           ^^^^^^^^^^^^^^^^^^^^^^^^^^^^^^
  File "D:\HLworkspace\temp\SyncCloudDisk2.0\app\utils\generic_crud.py", line 233, in find
    return [self.model.parse_obj(d) for d in docs]
            ^^^^^^^^^^^^^^^^^^^^^^^
  File "D:\HLworkspace\temp\SyncCloudDisk2.0\.venv\Lib\site-packages\pydantic\main.py", line 1335, in parse_obj
    return cls.model_validate(obj)
           ^^^^^^^^^^^^^^^^^^^^^^^
  File "D:\HLworkspace\temp\SyncCloudDisk2.0\.venv\Lib\site-packages\pydantic\main.py", line 705, in model_validate
    return cls.__pydantic_validator__.validate_python(
           ^^^^^^^^^^^^^^^^^^^^^^^^^^^^^^^^^^^^^^^^^^^
pydantic_core._pydantic_core.ValidationError: 11 validation errors for Movie
episodes_info.26.air_time
  Value error, 无效的时间格式: , 应该使用 ISO 格式如 '20:00:00' [type=value_error, input_value='', input_type=str]
    For further information visit https://errors.pydantic.dev/2.11/v/value_error
episodes_info.27.air_time
  Value error, 无效的时间格式: , 应该使用 ISO 格式如 '20:00:00' [type=value_error, input_value='', input_type=str]
    For further information visit https://errors.pydantic.dev/2.11/v/value_error
episodes_info.28.air_time
  Value error, 无效的时间格式: , 应该使用 ISO 格式如 '20:00:00' [type=value_error, input_value='', input_type=str]
    For further information visit https://errors.pydantic.dev/2.11/v/value_error
episodes_info.29.air_time
  Value error, 无效的时间格式: , 应该使用 ISO 格式如 '20:00:00' [type=value_error, input_value='', input_type=str]
    For further information visit https://errors.pydantic.dev/2.11/v/value_error
episodes_info.30.air_time
  Value error, 无效的时间格式: , 应该使用 ISO 格式如 '20:00:00' [type=value_error, input_value='', input_type=str]
    For further information visit https://errors.pydantic.dev/2.11/v/value_error
episodes_info.31.air_time
  Value error, 无效的时间格式: , 应该使用 ISO 格式如 '20:00:00' [type=value_error, input_value='', input_type=str]
    For further information visit https://errors.pydantic.dev/2.11/v/value_error
episodes_info.32.air_time
  Value error, 无效的时间格式: , 应该使用 ISO 格式如 '20:00:00' [type=value_error, input_value='', input_type=str]
    For further information visit https://errors.pydantic.dev/2.11/v/value_error
episodes_info.33.air_time
  Value error, 无效的时间格式: , 应该使用 ISO 格式如 '20:00:00' [type=value_error, input_value='', input_type=str]
    For further information visit https://errors.pydantic.dev/2.11/v/value_error
episodes_info.34.air_time
  Value error, 无效的时间格式: , 应该使用 ISO 格式如 '20:00:00' [type=value_error, input_value='', input_type=str]
    For further information visit https://errors.pydantic.dev/2.11/v/value_error
episodes_info.35.air_time
  Value error, 无效的时间格式: , 应该使用 ISO 格式如 '20:00:00' [type=value_error, input_value='', input_type=str]
    For further information visit https://errors.pydantic.dev/2.11/v/value_error
episodes_info.36.air_time
  Value error, 无效的时间格式: , 应该使用 ISO 格式如 '20:00:00' [type=value_error, input_value='', input_type=str]
    For further information visit https://errors.pydantic.dev/2.11/v/value_error
2025-11-19 09:15:18 [INFO] telethon.client.updates:344 - Got difference for account updates
2025-11-19 09:15:19 [INFO] telethon.client.updates:443 - Got difference for channel 1859684449 updates
2025-11-19 09:15:19 [INFO] telethon.client.updates:443 - Got difference for channel 1780401093 updates
2025-11-19 09:15:19 [INFO] telethon.client.updates:443 - Got difference for channel 2158983339 updates
2025-11-19 09:15:19 [INFO] telethon.client.updates:443 - Got difference for channel 1401724496 updates
2025-11-19 09:15:20 [INFO] telethon.client.updates:443 - Got difference for channel 1730305106 updates
2025-11-19 09:15:20 [INFO] telethon.client.updates:443 - Got difference for channel 1617621330 updates
2025-11-19 09:15:20 [INFO] telethon.client.updates:443 - Got difference for channel 1688099294 updates
2025-11-19 09:15:21 [INFO] telethon.client.updates:443 - Got difference for channel 1669747816 updates
2025-11-19 09:15:21 [INFO] telethon.client.updates:443 - Got difference for channel 1580372425 updates
2025-11-19 09:15:22 [INFO] telethon.client.updates:443 - Got difference for channel 1084638970 updates
2025-11-19 09:15:24 [INFO] telethon.client.updates:443 - Got difference for channel 1615611517 updates
2025-11-19 09:15:27 [INFO] telethon.client.updates:443 - Got difference for channel 1280467440 updates
2025-11-19 09:16:27 [INFO] telethon.client.updates:443 - Got difference for channel 1084638970 updates
2025-11-19 09:16:27 [INFO] telethon.client.updates:443 - Got difference for channel 2193554291 updates
2025-11-19 09:17:27 [INFO] telethon.client.updates:443 - Got difference for channel 1290825027 updates
2025-11-19 09:17:27 [INFO] telethon.client.updates:443 - Got difference for channel 1580372425 updates
2025-11-19 09:17:27 [INFO] telethon.client.updates:443 - Got difference for channel 2016939647 updates
2025-11-19 09:18:22 [INFO] telethon.client.updates:443 - Got difference for channel 2209378593 updates
2025-11-19 09:18:22 [INFO] telethon.client.updates:443 - Got difference for channel 1831403495 updates
2025-11-19 09:18:23 [INFO] telethon.client.updates:443 - Got difference for channel 1669747816 updates
2025-11-19 09:18:23 [INFO] telethon.client.updates:443 - Got difference for channel 1084638970 updates
2025-11-19 09:18:52 [INFO] telethon.client.updates:443 - Got difference for channel 1617621330 updates
2025-11-19 09:19:27 [INFO] telethon.client.updates:443 - Got difference for channel 1084638970 updates
2025-11-19 09:19:27 [INFO] telethon.client.updates:443 - Got difference for channel 2193554291 updates
2025-11-19 09:19:52 [INFO] telethon.client.updates:443 - Got difference for channel 1084638970 updates
2025-11-19 09:20:00 [INFO] app.core.scheduler:480 - Dispatching scheduled job f8e4963f2a92414589a557957998c0a7 -> 将所有网盘已更新到最新进度的movie推送到平台
2025-11-19 09:20:00 [INFO] app.core.scheduler:506 - Scheduled job f8e4963f2a92414589a557957998c0a7 dispatched to task_manager
2025-11-19 09:20:00 [INFO] root:162 - [task eba82f0232774a598c29e438c483bce6] log handler attached for capture
2025-11-19 09:20:00 [ERROR] app.core.task_manager:205 - Task failed: ValidationError: 11 validation errors for Movie
episodes_info.26.air_time
  Value error, 无效的时间格式: , 应该使用 ISO 格式如 '20:00:00' [type=value_error, input_value='', input_type=str]
    For further information visit https://errors.pydantic.dev/2.11/v/value_error
episodes_info.27.air_time
  Value error, 无效的时间格式: , 应该使用 ISO 格式如 '20:00:00' [type=value_error, input_value='', input_type=str]
    For further information visit https://errors.pydantic.dev/2.11/v/value_error
episodes_info.28.air_time
  Value error, 无效的时间格式: , 应该使用 ISO 格式如 '20:00:00' [type=value_error, input_value='', input_type=str]
    For further information visit https://errors.pydantic.dev/2.11/v/value_error
episodes_info.29.air_time
  Value error, 无效的时间格式: , 应该使用 ISO 格式如 '20:00:00' [type=value_error, input_value='', input_type=str]
    For further information visit https://errors.pydantic.dev/2.11/v/value_error
episodes_info.30.air_time
  Value error, 无效的时间格式: , 应该使用 ISO 格式如 '20:00:00' [type=value_error, input_value='', input_type=str]
    For further information visit https://errors.pydantic.dev/2.11/v/value_error
episodes_info.31.air_time
  Value error, 无效的时间格式: , 应该使用 ISO 格式如 '20:00:00' [type=value_error, input_value='', input_type=str]
    For further information visit https://errors.pydantic.dev/2.11/v/value_error
episodes_info.32.air_time
  Value error, 无效的时间格式: , 应该使用 ISO 格式如 '20:00:00' [type=value_error, input_value='', input_type=str]
    For further information visit https://errors.pydantic.dev/2.11/v/value_error
episodes_info.33.air_time
  Value error, 无效的时间格式: , 应该使用 ISO 格式如 '20:00:00' [type=value_error, input_value='', input_type=str]
    For further information visit https://errors.pydantic.dev/2.11/v/value_error
episodes_info.34.air_time
  Value error, 无效的时间格式: , 应该使用 ISO 格式如 '20:00:00' [type=value_error, input_value='', input_type=str]
    For further information visit https://errors.pydantic.dev/2.11/v/value_error
episodes_info.35.air_time
  Value error, 无效的时间格式: , 应该使用 ISO 格式如 '20:00:00' [type=value_error, input_value='', input_type=str]
    For further information visit https://errors.pydantic.dev/2.11/v/value_error
episodes_info.36.air_time
  Value error, 无效的时间格式: , 应该使用 ISO 格式如 '20:00:00' [type=value_error, input_value='', input_type=str]
    For further information visit https://errors.pydantic.dev/2.11/v/value_error
Traceback (most recent call last):
  File "D:\HLworkspace\temp\SyncCloudDisk2.0\app\core\task_manager.py", line 187, in _wrap_and_run
    result = await coro_fn(rec.params, progress_callback=progress_cb, log_callback=log_cb)
             ^^^^^^^^^^^^^^^^^^^^^^^^^^^^^^^^^^^^^^^^^^^^^^^^^^^^^^^^^^^^^^^^^^^^^^^^^^^^^
  File "D:\HLworkspace\temp\SyncCloudDisk2.0\app\core\scheduler.py", line 501, in coro_fn
    return await entry.fn(params_to_pass, progress_callback, log_callback)
           ^^^^^^^^^^^^^^^^^^^^^^^^^^^^^^^^^^^^^^^^^^^^^^^^^^^^^^^^^^^^^^^
  File "D:\HLworkspace\temp\SyncCloudDisk2.0\app\core\task_registry.py", line 96, in _wrapped
    return await fn(model_instance, progress_callback, log_callback, *args, **kwargs)
           ^^^^^^^^^^^^^^^^^^^^^^^^^^^^^^^^^^^^^^^^^^^^^^^^^^^^^^^^^^^^^^^^^^^^^^^^^^
  File "D:\HLworkspace\temp\SyncCloudDisk2.0\app\flow\sync_new_movie_flow.py", line 307, in p6
    movies=await movie_repository.find(
           ^^^^^^^^^^^^^^^^^^^^^^^^^^^^
  File "D:\HLworkspace\temp\SyncCloudDisk2.0\app\database\movie_repository.py", line 209, in find
    return await self._generic_repo.find(
           ^^^^^^^^^^^^^^^^^^^^^^^^^^^^^^
  File "D:\HLworkspace\temp\SyncCloudDisk2.0\app\utils\generic_crud.py", line 233, in find
    return [self.model.parse_obj(d) for d in docs]
            ^^^^^^^^^^^^^^^^^^^^^^^
  File "D:\HLworkspace\temp\SyncCloudDisk2.0\.venv\Lib\site-packages\pydantic\main.py", line 1335, in parse_obj
    return cls.model_validate(obj)
           ^^^^^^^^^^^^^^^^^^^^^^^
  File "D:\HLworkspace\temp\SyncCloudDisk2.0\.venv\Lib\site-packages\pydantic\main.py", line 705, in model_validate
    return cls.__pydantic_validator__.validate_python(
           ^^^^^^^^^^^^^^^^^^^^^^^^^^^^^^^^^^^^^^^^^^^
pydantic_core._pydantic_core.ValidationError: 11 validation errors for Movie
episodes_info.26.air_time
  Value error, 无效的时间格式: , 应该使用 ISO 格式如 '20:00:00' [type=value_error, input_value='', input_type=str]
    For further information visit https://errors.pydantic.dev/2.11/v/value_error
episodes_info.27.air_time
  Value error, 无效的时间格式: , 应该使用 ISO 格式如 '20:00:00' [type=value_error, input_value='', input_type=str]
    For further information visit https://errors.pydantic.dev/2.11/v/value_error
episodes_info.28.air_time
  Value error, 无效的时间格式: , 应该使用 ISO 格式如 '20:00:00' [type=value_error, input_value='', input_type=str]
    For further information visit https://errors.pydantic.dev/2.11/v/value_error
episodes_info.29.air_time
  Value error, 无效的时间格式: , 应该使用 ISO 格式如 '20:00:00' [type=value_error, input_value='', input_type=str]
    For further information visit https://errors.pydantic.dev/2.11/v/value_error
episodes_info.30.air_time
  Value error, 无效的时间格式: , 应该使用 ISO 格式如 '20:00:00' [type=value_error, input_value='', input_type=str]
    For further information visit https://errors.pydantic.dev/2.11/v/value_error
episodes_info.31.air_time
  Value error, 无效的时间格式: , 应该使用 ISO 格式如 '20:00:00' [type=value_error, input_value='', input_type=str]
    For further information visit https://errors.pydantic.dev/2.11/v/value_error
episodes_info.32.air_time
  Value error, 无效的时间格式: , 应该使用 ISO 格式如 '20:00:00' [type=value_error, input_value='', input_type=str]
    For further information visit https://errors.pydantic.dev/2.11/v/value_error
episodes_info.33.air_time
  Value error, 无效的时间格式: , 应该使用 ISO 格式如 '20:00:00' [type=value_error, input_value='', input_type=str]
    For further information visit https://errors.pydantic.dev/2.11/v/value_error
episodes_info.34.air_time
  Value error, 无效的时间格式: , 应该使用 ISO 格式如 '20:00:00' [type=value_error, input_value='', input_type=str]
    For further information visit https://errors.pydantic.dev/2.11/v/value_error
episodes_info.35.air_time
  Value error, 无效的时间格式: , 应该使用 ISO 格式如 '20:00:00' [type=value_error, input_value='', input_type=str]
    For further information visit https://errors.pydantic.dev/2.11/v/value_error
episodes_info.36.air_time
  Value error, 无效的时间格式: , 应该使用 ISO 格式如 '20:00:00' [type=value_error, input_value='', input_type=str]
    For further information visit https://errors.pydantic.dev/2.11/v/value_error
2025-11-19 09:20:18 [INFO] telethon.client.updates:443 - Got difference for channel 1850014529 updates
2025-11-19 09:20:18 [INFO] telethon.client.updates:443 - Got difference for channel 2193554291 updates
2025-11-19 09:20:18 [INFO] telethon.client.updates:443 - Got difference for channel 2016939647 updates
2025-11-19 09:20:18 [INFO] telethon.client.updates:443 - Got difference for channel 2209378593 updates
2025-11-19 09:20:36 [INFO] telethon.client.updates:443 - Got difference for channel 1854654416 updates
2025-11-19 09:21:10 [INFO] telethon.client.updates:443 - Got difference for channel 2545038672 updates
2025-11-19 09:21:10 [INFO] telethon.client.updates:443 - Got difference for channel 1280467440 updates
2025-11-19 09:21:11 [INFO] telethon.client.updates:443 - Got difference for channel 1780401093 updates
2025-11-19 09:21:11 [INFO] telethon.client.updates:443 - Got difference for channel 1688099294 updates
2025-11-19 09:21:48 [INFO] telethon.client.updates:443 - Got difference for channel 1401724496 updates
2025-11-19 09:21:48 [INFO] telethon.client.updates:443 - Got difference for channel 1669747816 updates
2025-11-19 09:22:27 [INFO] telethon.client.updates:443 - Got difference for channel 1780401093 updates
2025-11-19 09:23:27 [INFO] telethon.client.updates:443 - Got difference for channel 2209378593 updates
2025-11-19 09:23:27 [INFO] telethon.client.updates:443 - Got difference for channel 1780401093 updates
2025-11-19 09:23:27 [INFO] telethon.client.updates:443 - Got difference for channel 1580372425 updates
2025-11-19 09:23:28 [INFO] telethon.client.updates:443 - Got difference for channel 1669747816 updates
2025-11-19 09:23:40 [INFO] telethon.client.updates:443 - Got difference for channel 1780401093 updates
2025-11-19 09:24:24 [INFO] telethon.client.updates:443 - Got difference for channel 1617621330 updates
2025-11-19 09:24:24 [INFO] telethon.client.updates:443 - Got difference for channel 2158983339 updates
2025-11-19 09:24:25 [INFO] telethon.client.updates:443 - Got difference for channel 1688099294 updates
2025-11-19 09:24:25 [INFO] telethon.client.updates:443 - Got difference for channel 2016939647 updates
2025-11-19 09:25:00 [INFO] app.core.scheduler:480 - Dispatching scheduled job f8e4963f2a92414589a557957998c0a7 -> 将所有网盘已更新到最新进度的movie推送到平台
2025-11-19 09:25:00 [INFO] app.core.scheduler:506 - Scheduled job f8e4963f2a92414589a557957998c0a7 dispatched to task_manager
2025-11-19 09:25:00 [INFO] root:162 - [task 24a35a0f120c455f9d12620cc1364821] log handler attached for capture
2025-11-19 09:25:00 [ERROR] app.core.task_manager:205 - Task failed: ValidationError: 11 validation errors for Movie
episodes_info.26.air_time
  Value error, 无效的时间格式: , 应该使用 ISO 格式如 '20:00:00' [type=value_error, input_value='', input_type=str]
    For further information visit https://errors.pydantic.dev/2.11/v/value_error
episodes_info.27.air_time
  Value error, 无效的时间格式: , 应该使用 ISO 格式如 '20:00:00' [type=value_error, input_value='', input_type=str]
    For further information visit https://errors.pydantic.dev/2.11/v/value_error
episodes_info.28.air_time
  Value error, 无效的时间格式: , 应该使用 ISO 格式如 '20:00:00' [type=value_error, input_value='', input_type=str]
    For further information visit https://errors.pydantic.dev/2.11/v/value_error
episodes_info.29.air_time
  Value error, 无效的时间格式: , 应该使用 ISO 格式如 '20:00:00' [type=value_error, input_value='', input_type=str]
    For further information visit https://errors.pydantic.dev/2.11/v/value_error
episodes_info.30.air_time
  Value error, 无效的时间格式: , 应该使用 ISO 格式如 '20:00:00' [type=value_error, input_value='', input_type=str]
    For further information visit https://errors.pydantic.dev/2.11/v/value_error
episodes_info.31.air_time
  Value error, 无效的时间格式: , 应该使用 ISO 格式如 '20:00:00' [type=value_error, input_value='', input_type=str]
    For further information visit https://errors.pydantic.dev/2.11/v/value_error
episodes_info.32.air_time
  Value error, 无效的时间格式: , 应该使用 ISO 格式如 '20:00:00' [type=value_error, input_value='', input_type=str]
    For further information visit https://errors.pydantic.dev/2.11/v/value_error
episodes_info.33.air_time
  Value error, 无效的时间格式: , 应该使用 ISO 格式如 '20:00:00' [type=value_error, input_value='', input_type=str]
    For further information visit https://errors.pydantic.dev/2.11/v/value_error
episodes_info.34.air_time
  Value error, 无效的时间格式: , 应该使用 ISO 格式如 '20:00:00' [type=value_error, input_value='', input_type=str]
    For further information visit https://errors.pydantic.dev/2.11/v/value_error
episodes_info.35.air_time
  Value error, 无效的时间格式: , 应该使用 ISO 格式如 '20:00:00' [type=value_error, input_value='', input_type=str]
    For further information visit https://errors.pydantic.dev/2.11/v/value_error
episodes_info.36.air_time
  Value error, 无效的时间格式: , 应该使用 ISO 格式如 '20:00:00' [type=value_error, input_value='', input_type=str]
    For further information visit https://errors.pydantic.dev/2.11/v/value_error
Traceback (most recent call last):
  File "D:\HLworkspace\temp\SyncCloudDisk2.0\app\core\task_manager.py", line 187, in _wrap_and_run
    result = await coro_fn(rec.params, progress_callback=progress_cb, log_callback=log_cb)
             ^^^^^^^^^^^^^^^^^^^^^^^^^^^^^^^^^^^^^^^^^^^^^^^^^^^^^^^^^^^^^^^^^^^^^^^^^^^^^
  File "D:\HLworkspace\temp\SyncCloudDisk2.0\app\core\scheduler.py", line 501, in coro_fn
    return await entry.fn(params_to_pass, progress_callback, log_callback)
           ^^^^^^^^^^^^^^^^^^^^^^^^^^^^^^^^^^^^^^^^^^^^^^^^^^^^^^^^^^^^^^^
  File "D:\HLworkspace\temp\SyncCloudDisk2.0\app\core\task_registry.py", line 96, in _wrapped
    return await fn(model_instance, progress_callback, log_callback, *args, **kwargs)
           ^^^^^^^^^^^^^^^^^^^^^^^^^^^^^^^^^^^^^^^^^^^^^^^^^^^^^^^^^^^^^^^^^^^^^^^^^^
  File "D:\HLworkspace\temp\SyncCloudDisk2.0\app\flow\sync_new_movie_flow.py", line 307, in p6
    movies=await movie_repository.find(
           ^^^^^^^^^^^^^^^^^^^^^^^^^^^^
  File "D:\HLworkspace\temp\SyncCloudDisk2.0\app\database\movie_repository.py", line 209, in find
    return await self._generic_repo.find(
           ^^^^^^^^^^^^^^^^^^^^^^^^^^^^^^
  File "D:\HLworkspace\temp\SyncCloudDisk2.0\app\utils\generic_crud.py", line 233, in find
    return [self.model.parse_obj(d) for d in docs]
            ^^^^^^^^^^^^^^^^^^^^^^^
  File "D:\HLworkspace\temp\SyncCloudDisk2.0\.venv\Lib\site-packages\pydantic\main.py", line 1335, in parse_obj
    return cls.model_validate(obj)
           ^^^^^^^^^^^^^^^^^^^^^^^
  File "D:\HLworkspace\temp\SyncCloudDisk2.0\.venv\Lib\site-packages\pydantic\main.py", line 705, in model_validate
    return cls.__pydantic_validator__.validate_python(
           ^^^^^^^^^^^^^^^^^^^^^^^^^^^^^^^^^^^^^^^^^^^
pydantic_core._pydantic_core.ValidationError: 11 validation errors for Movie
episodes_info.26.air_time
  Value error, 无效的时间格式: , 应该使用 ISO 格式如 '20:00:00' [type=value_error, input_value='', input_type=str]
    For further information visit https://errors.pydantic.dev/2.11/v/value_error
episodes_info.27.air_time
  Value error, 无效的时间格式: , 应该使用 ISO 格式如 '20:00:00' [type=value_error, input_value='', input_type=str]
    For further information visit https://errors.pydantic.dev/2.11/v/value_error
episodes_info.28.air_time
  Value error, 无效的时间格式: , 应该使用 ISO 格式如 '20:00:00' [type=value_error, input_value='', input_type=str]
    For further information visit https://errors.pydantic.dev/2.11/v/value_error
episodes_info.29.air_time
  Value error, 无效的时间格式: , 应该使用 ISO 格式如 '20:00:00' [type=value_error, input_value='', input_type=str]
    For further information visit https://errors.pydantic.dev/2.11/v/value_error
episodes_info.30.air_time
  Value error, 无效的时间格式: , 应该使用 ISO 格式如 '20:00:00' [type=value_error, input_value='', input_type=str]
    For further information visit https://errors.pydantic.dev/2.11/v/value_error
episodes_info.31.air_time
  Value error, 无效的时间格式: , 应该使用 ISO 格式如 '20:00:00' [type=value_error, input_value='', input_type=str]
    For further information visit https://errors.pydantic.dev/2.11/v/value_error
episodes_info.32.air_time
  Value error, 无效的时间格式: , 应该使用 ISO 格式如 '20:00:00' [type=value_error, input_value='', input_type=str]
    For further information visit https://errors.pydantic.dev/2.11/v/value_error
episodes_info.33.air_time
  Value error, 无效的时间格式: , 应该使用 ISO 格式如 '20:00:00' [type=value_error, input_value='', input_type=str]
    For further information visit https://errors.pydantic.dev/2.11/v/value_error
episodes_info.34.air_time
  Value error, 无效的时间格式: , 应该使用 ISO 格式如 '20:00:00' [type=value_error, input_value='', input_type=str]
    For further information visit https://errors.pydantic.dev/2.11/v/value_error
episodes_info.35.air_time
  Value error, 无效的时间格式: , 应该使用 ISO 格式如 '20:00:00' [type=value_error, input_value='', input_type=str]
    For further information visit https://errors.pydantic.dev/2.11/v/value_error
episodes_info.36.air_time
  Value error, 无效的时间格式: , 应该使用 ISO 格式如 '20:00:00' [type=value_error, input_value='', input_type=str]
    For further information visit https://errors.pydantic.dev/2.11/v/value_error
2025-11-19 09:25:27 [INFO] telethon.client.updates:443 - Got difference for channel 1280467440 updates
2025-11-19 09:25:27 [INFO] telethon.client.updates:443 - Got difference for channel 1617621330 updates
2025-11-19 09:25:27 [INFO] telethon.client.updates:443 - Got difference for channel 1084638970 updates
2025-11-19 09:25:28 [INFO] telethon.client.updates:443 - Got difference for channel 2193554291 updates
2025-11-19 09:26:27 [INFO] telethon.client.updates:443 - Got difference for channel 1580372425 updates
2025-11-19 09:26:27 [INFO] telethon.client.updates:443 - Got difference for channel 1084638970 updates
2025-11-19 09:26:27 [INFO] telethon.client.updates:443 - Got difference for channel 2158983339 updates
2025-11-19 09:27:27 [INFO] telethon.client.updates:443 - Got difference for channel 2014194320 updates
2025-11-19 09:27:27 [INFO] telethon.client.updates:443 - Got difference for channel 2209378593 updates
2025-11-19 09:27:28 [INFO] telethon.client.updates:443 - Got difference for channel 1780401093 updates
2025-11-19 09:27:28 [INFO] telethon.client.updates:443 - Got difference for channel 1743606520 updates
2025-11-19 09:27:28 [INFO] telethon.client.updates:443 - Got difference for channel 1084638970 updates
2025-11-19 09:27:28 [INFO] telethon.client.updates:443 - Got difference for channel 1688099294 updates
2025-11-19 09:28:27 [INFO] telethon.client.updates:443 - Got difference for channel 1280467440 updates
2025-11-19 09:28:27 [INFO] telethon.client.updates:443 - Got difference for channel 2014194320 updates
2025-11-19 09:28:28 [INFO] telethon.client.updates:443 - Got difference for channel 2278863895 updates
2025-11-19 09:28:28 [INFO] telethon.client.updates:443 - Got difference for channel 2193554291 updates
2025-11-19 09:28:28 [INFO] telethon.client.updates:443 - Got difference for channel 1084638970 updates
2025-11-19 09:28:28 [INFO] telethon.client.updates:443 - Got difference for channel 2013319423 updates
2025-11-19 09:29:06 [INFO] telethon.client.updates:443 - Got difference for channel 1688099294 updates
2025-11-19 09:29:06 [INFO] telethon.client.updates:443 - Got difference for channel 1617621330 updates
2025-11-19 09:29:06 [INFO] telethon.client.updates:443 - Got difference for channel 1084638970 updates
2025-11-19 09:30:00 [INFO] app.core.scheduler:480 - Dispatching scheduled job 6f853106834c42dbb500a627c0aa1bbc -> 同步今日可更新影视资源到网盘
2025-11-19 09:30:00 [INFO] app.core.scheduler:506 - Scheduled job 6f853106834c42dbb500a627c0aa1bbc dispatched to task_manager
2025-11-19 09:30:00 [INFO] app.core.scheduler:480 - Dispatching scheduled job f8e4963f2a92414589a557957998c0a7 -> 将所有网盘已更新到最新进度的movie推送到平台
2025-11-19 09:30:00 [INFO] app.core.scheduler:506 - Scheduled job f8e4963f2a92414589a557957998c0a7 dispatched to task_manager
2025-11-19 09:30:00 [INFO] root:162 - [task c0f71e8b88c64ad9ac9a6ea2d8a5c09c] log handler attached for capture
2025-11-19 09:30:00 [INFO] root:162 - [task 52cb44ecf1a9441f8edfc3af0ec1325c] log handler attached for capture
2025-11-19 09:30:00 [ERROR] app.core.task_manager:205 - Task failed: ValidationError: 11 validation errors for Movie
episodes_info.26.air_time
  Value error, 无效的时间格式: , 应该使用 ISO 格式如 '20:00:00' [type=value_error, input_value='', input_type=str]
    For further information visit https://errors.pydantic.dev/2.11/v/value_error
episodes_info.27.air_time
  Value error, 无效的时间格式: , 应该使用 ISO 格式如 '20:00:00' [type=value_error, input_value='', input_type=str]
    For further information visit https://errors.pydantic.dev/2.11/v/value_error
episodes_info.28.air_time
  Value error, 无效的时间格式: , 应该使用 ISO 格式如 '20:00:00' [type=value_error, input_value='', input_type=str]
    For further information visit https://errors.pydantic.dev/2.11/v/value_error
episodes_info.29.air_time
  Value error, 无效的时间格式: , 应该使用 ISO 格式如 '20:00:00' [type=value_error, input_value='', input_type=str]
    For further information visit https://errors.pydantic.dev/2.11/v/value_error
episodes_info.30.air_time
  Value error, 无效的时间格式: , 应该使用 ISO 格式如 '20:00:00' [type=value_error, input_value='', input_type=str]
    For further information visit https://errors.pydantic.dev/2.11/v/value_error
episodes_info.31.air_time
  Value error, 无效的时间格式: , 应该使用 ISO 格式如 '20:00:00' [type=value_error, input_value='', input_type=str]
    For further information visit https://errors.pydantic.dev/2.11/v/value_error
episodes_info.32.air_time
  Value error, 无效的时间格式: , 应该使用 ISO 格式如 '20:00:00' [type=value_error, input_value='', input_type=str]
    For further information visit https://errors.pydantic.dev/2.11/v/value_error
episodes_info.33.air_time
  Value error, 无效的时间格式: , 应该使用 ISO 格式如 '20:00:00' [type=value_error, input_value='', input_type=str]
    For further information visit https://errors.pydantic.dev/2.11/v/value_error
episodes_info.34.air_time
  Value error, 无效的时间格式: , 应该使用 ISO 格式如 '20:00:00' [type=value_error, input_value='', input_type=str]
    For further information visit https://errors.pydantic.dev/2.11/v/value_error
episodes_info.35.air_time
  Value error, 无效的时间格式: , 应该使用 ISO 格式如 '20:00:00' [type=value_error, input_value='', input_type=str]
    For further information visit https://errors.pydantic.dev/2.11/v/value_error
episodes_info.36.air_time
  Value error, 无效的时间格式: , 应该使用 ISO 格式如 '20:00:00' [type=value_error, input_value='', input_type=str]
    For further information visit https://errors.pydantic.dev/2.11/v/value_error
Traceback (most recent call last):
  File "D:\HLworkspace\temp\SyncCloudDisk2.0\app\core\task_manager.py", line 187, in _wrap_and_run
    result = await coro_fn(rec.params, progress_callback=progress_cb, log_callback=log_cb)
             ^^^^^^^^^^^^^^^^^^^^^^^^^^^^^^^^^^^^^^^^^^^^^^^^^^^^^^^^^^^^^^^^^^^^^^^^^^^^^
  File "D:\HLworkspace\temp\SyncCloudDisk2.0\app\core\scheduler.py", line 501, in coro_fn
    return await entry.fn(params_to_pass, progress_callback, log_callback)
           ^^^^^^^^^^^^^^^^^^^^^^^^^^^^^^^^^^^^^^^^^^^^^^^^^^^^^^^^^^^^^^^
  File "D:\HLworkspace\temp\SyncCloudDisk2.0\app\core\task_registry.py", line 96, in _wrapped
    return await fn(model_instance, progress_callback, log_callback, *args, **kwargs)
           ^^^^^^^^^^^^^^^^^^^^^^^^^^^^^^^^^^^^^^^^^^^^^^^^^^^^^^^^^^^^^^^^^^^^^^^^^^
  File "D:\HLworkspace\temp\SyncCloudDisk2.0\app\flow\sync_new_movie_flow.py", line 162, in flow2
    today_movies=await movie_repository.find_movies_with_episode_today()
                 ^^^^^^^^^^^^^^^^^^^^^^^^^^^^^^^^^^^^^^^^^^^^^^^^^^^^^^^
  File "D:\HLworkspace\temp\SyncCloudDisk2.0\app\database\movie_repository.py", line 164, in find_movies_with_episode_today
    return await MovieRepository.find_movies_with_episode_on(today, tz)
           ^^^^^^^^^^^^^^^^^^^^^^^^^^^^^^^^^^^^^^^^^^^^^^^^^^^^^^^^^^^^
  File "D:\HLworkspace\temp\SyncCloudDisk2.0\app\database\movie_repository.py", line 158, in find_movies_with_episode_on
    return await cursor.to_list()
           ^^^^^^^^^^^^^^^^^^^^^^
  File "D:\HLworkspace\temp\SyncCloudDisk2.0\.venv\Lib\site-packages\beanie\odm\queries\cursor.py", line 75, in to_list
    parse_obj(projection, i, lazy_parse=self.lazy_parse)
  File "D:\HLworkspace\temp\SyncCloudDisk2.0\.venv\Lib\site-packages\beanie\odm\utils\parsing.py", line 146, in parse_obj
    result = parse_model(model, data)
             ^^^^^^^^^^^^^^^^^^^^^^^^
  File "D:\HLworkspace\temp\SyncCloudDisk2.0\.venv\Lib\site-packages\beanie\odm\utils\pydantic.py", line 40, in parse_model
    return model_type.model_validate(data)
           ^^^^^^^^^^^^^^^^^^^^^^^^^^^^^^^
  File "D:\HLworkspace\temp\SyncCloudDisk2.0\.venv\Lib\site-packages\pydantic\main.py", line 705, in model_validate
    return cls.__pydantic_validator__.validate_python(
           ^^^^^^^^^^^^^^^^^^^^^^^^^^^^^^^^^^^^^^^^^^^
pydantic_core._pydantic_core.ValidationError: 11 validation errors for Movie
episodes_info.26.air_time
  Value error, 无效的时间格式: , 应该使用 ISO 格式如 '20:00:00' [type=value_error, input_value='', input_type=str]
    For further information visit https://errors.pydantic.dev/2.11/v/value_error
episodes_info.27.air_time
  Value error, 无效的时间格式: , 应该使用 ISO 格式如 '20:00:00' [type=value_error, input_value='', input_type=str]
    For further information visit https://errors.pydantic.dev/2.11/v/value_error
episodes_info.28.air_time
  Value error, 无效的时间格式: , 应该使用 ISO 格式如 '20:00:00' [type=value_error, input_value='', input_type=str]
    For further information visit https://errors.pydantic.dev/2.11/v/value_error
episodes_info.29.air_time
  Value error, 无效的时间格式: , 应该使用 ISO 格式如 '20:00:00' [type=value_error, input_value='', input_type=str]
    For further information visit https://errors.pydantic.dev/2.11/v/value_error
episodes_info.30.air_time
  Value error, 无效的时间格式: , 应该使用 ISO 格式如 '20:00:00' [type=value_error, input_value='', input_type=str]
    For further information visit https://errors.pydantic.dev/2.11/v/value_error
episodes_info.31.air_time
  Value error, 无效的时间格式: , 应该使用 ISO 格式如 '20:00:00' [type=value_error, input_value='', input_type=str]
    For further information visit https://errors.pydantic.dev/2.11/v/value_error
episodes_info.32.air_time
  Value error, 无效的时间格式: , 应该使用 ISO 格式如 '20:00:00' [type=value_error, input_value='', input_type=str]
    For further information visit https://errors.pydantic.dev/2.11/v/value_error
episodes_info.33.air_time
  Value error, 无效的时间格式: , 应该使用 ISO 格式如 '20:00:00' [type=value_error, input_value='', input_type=str]
    For further information visit https://errors.pydantic.dev/2.11/v/value_error
episodes_info.34.air_time
  Value error, 无效的时间格式: , 应该使用 ISO 格式如 '20:00:00' [type=value_error, input_value='', input_type=str]
    For further information visit https://errors.pydantic.dev/2.11/v/value_error
episodes_info.35.air_time
  Value error, 无效的时间格式: , 应该使用 ISO 格式如 '20:00:00' [type=value_error, input_value='', input_type=str]
    For further information visit https://errors.pydantic.dev/2.11/v/value_error
episodes_info.36.air_time
  Value error, 无效的时间格式: , 应该使用 ISO 格式如 '20:00:00' [type=value_error, input_value='', input_type=str]
    For further information visit https://errors.pydantic.dev/2.11/v/value_error
2025-11-19 09:30:00 [ERROR] app.core.task_manager:205 - Task failed: ValidationError: 11 validation errors for Movie
episodes_info.26.air_time
  Value error, 无效的时间格式: , 应该使用 ISO 格式如 '20:00:00' [type=value_error, input_value='', input_type=str]
    For further information visit https://errors.pydantic.dev/2.11/v/value_error
episodes_info.27.air_time
  Value error, 无效的时间格式: , 应该使用 ISO 格式如 '20:00:00' [type=value_error, input_value='', input_type=str]
    For further information visit https://errors.pydantic.dev/2.11/v/value_error
episodes_info.28.air_time
  Value error, 无效的时间格式: , 应该使用 ISO 格式如 '20:00:00' [type=value_error, input_value='', input_type=str]
    For further information visit https://errors.pydantic.dev/2.11/v/value_error
episodes_info.29.air_time
  Value error, 无效的时间格式: , 应该使用 ISO 格式如 '20:00:00' [type=value_error, input_value='', input_type=str]
    For further information visit https://errors.pydantic.dev/2.11/v/value_error
episodes_info.30.air_time
  Value error, 无效的时间格式: , 应该使用 ISO 格式如 '20:00:00' [type=value_error, input_value='', input_type=str]
    For further information visit https://errors.pydantic.dev/2.11/v/value_error
episodes_info.31.air_time
  Value error, 无效的时间格式: , 应该使用 ISO 格式如 '20:00:00' [type=value_error, input_value='', input_type=str]
    For further information visit https://errors.pydantic.dev/2.11/v/value_error
episodes_info.32.air_time
  Value error, 无效的时间格式: , 应该使用 ISO 格式如 '20:00:00' [type=value_error, input_value='', input_type=str]
    For further information visit https://errors.pydantic.dev/2.11/v/value_error
episodes_info.33.air_time
  Value error, 无效的时间格式: , 应该使用 ISO 格式如 '20:00:00' [type=value_error, input_value='', input_type=str]
    For further information visit https://errors.pydantic.dev/2.11/v/value_error
episodes_info.34.air_time
  Value error, 无效的时间格式: , 应该使用 ISO 格式如 '20:00:00' [type=value_error, input_value='', input_type=str]
    For further information visit https://errors.pydantic.dev/2.11/v/value_error
episodes_info.35.air_time
  Value error, 无效的时间格式: , 应该使用 ISO 格式如 '20:00:00' [type=value_error, input_value='', input_type=str]
    For further information visit https://errors.pydantic.dev/2.11/v/value_error
episodes_info.36.air_time
  Value error, 无效的时间格式: , 应该使用 ISO 格式如 '20:00:00' [type=value_error, input_value='', input_type=str]
    For further information visit https://errors.pydantic.dev/2.11/v/value_error
Traceback (most recent call last):
  File "D:\HLworkspace\temp\SyncCloudDisk2.0\app\core\task_manager.py", line 187, in _wrap_and_run
    result = await coro_fn(rec.params, progress_callback=progress_cb, log_callback=log_cb)
             ^^^^^^^^^^^^^^^^^^^^^^^^^^^^^^^^^^^^^^^^^^^^^^^^^^^^^^^^^^^^^^^^^^^^^^^^^^^^^
  File "D:\HLworkspace\temp\SyncCloudDisk2.0\app\core\scheduler.py", line 501, in coro_fn
    return await entry.fn(params_to_pass, progress_callback, log_callback)
           ^^^^^^^^^^^^^^^^^^^^^^^^^^^^^^^^^^^^^^^^^^^^^^^^^^^^^^^^^^^^^^^
  File "D:\HLworkspace\temp\SyncCloudDisk2.0\app\core\task_registry.py", line 96, in _wrapped
    return await fn(model_instance, progress_callback, log_callback, *args, **kwargs)
           ^^^^^^^^^^^^^^^^^^^^^^^^^^^^^^^^^^^^^^^^^^^^^^^^^^^^^^^^^^^^^^^^^^^^^^^^^^
  File "D:\HLworkspace\temp\SyncCloudDisk2.0\app\flow\sync_new_movie_flow.py", line 307, in p6
    movies=await movie_repository.find(
           ^^^^^^^^^^^^^^^^^^^^^^^^^^^^
  File "D:\HLworkspace\temp\SyncCloudDisk2.0\app\database\movie_repository.py", line 209, in find
    return await self._generic_repo.find(
           ^^^^^^^^^^^^^^^^^^^^^^^^^^^^^^
  File "D:\HLworkspace\temp\SyncCloudDisk2.0\app\utils\generic_crud.py", line 233, in find
    return [self.model.parse_obj(d) for d in docs]
            ^^^^^^^^^^^^^^^^^^^^^^^
  File "D:\HLworkspace\temp\SyncCloudDisk2.0\.venv\Lib\site-packages\pydantic\main.py", line 1335, in parse_obj
    return cls.model_validate(obj)
           ^^^^^^^^^^^^^^^^^^^^^^^
  File "D:\HLworkspace\temp\SyncCloudDisk2.0\.venv\Lib\site-packages\pydantic\main.py", line 705, in model_validate
    return cls.__pydantic_validator__.validate_python(
           ^^^^^^^^^^^^^^^^^^^^^^^^^^^^^^^^^^^^^^^^^^^
pydantic_core._pydantic_core.ValidationError: 11 validation errors for Movie
episodes_info.26.air_time
  Value error, 无效的时间格式: , 应该使用 ISO 格式如 '20:00:00' [type=value_error, input_value='', input_type=str]
    For further information visit https://errors.pydantic.dev/2.11/v/value_error
episodes_info.27.air_time
  Value error, 无效的时间格式: , 应该使用 ISO 格式如 '20:00:00' [type=value_error, input_value='', input_type=str]
    For further information visit https://errors.pydantic.dev/2.11/v/value_error
episodes_info.28.air_time
  Value error, 无效的时间格式: , 应该使用 ISO 格式如 '20:00:00' [type=value_error, input_value='', input_type=str]
    For further information visit https://errors.pydantic.dev/2.11/v/value_error
episodes_info.29.air_time
  Value error, 无效的时间格式: , 应该使用 ISO 格式如 '20:00:00' [type=value_error, input_value='', input_type=str]
    For further information visit https://errors.pydantic.dev/2.11/v/value_error
episodes_info.30.air_time
  Value error, 无效的时间格式: , 应该使用 ISO 格式如 '20:00:00' [type=value_error, input_value='', input_type=str]
    For further information visit https://errors.pydantic.dev/2.11/v/value_error
episodes_info.31.air_time
  Value error, 无效的时间格式: , 应该使用 ISO 格式如 '20:00:00' [type=value_error, input_value='', input_type=str]
    For further information visit https://errors.pydantic.dev/2.11/v/value_error
episodes_info.32.air_time
  Value error, 无效的时间格式: , 应该使用 ISO 格式如 '20:00:00' [type=value_error, input_value='', input_type=str]
    For further information visit https://errors.pydantic.dev/2.11/v/value_error
episodes_info.33.air_time
  Value error, 无效的时间格式: , 应该使用 ISO 格式如 '20:00:00' [type=value_error, input_value='', input_type=str]
    For further information visit https://errors.pydantic.dev/2.11/v/value_error
episodes_info.34.air_time
  Value error, 无效的时间格式: , 应该使用 ISO 格式如 '20:00:00' [type=value_error, input_value='', input_type=str]
    For further information visit https://errors.pydantic.dev/2.11/v/value_error
episodes_info.35.air_time
  Value error, 无效的时间格式: , 应该使用 ISO 格式如 '20:00:00' [type=value_error, input_value='', input_type=str]
    For further information visit https://errors.pydantic.dev/2.11/v/value_error
episodes_info.36.air_time
  Value error, 无效的时间格式: , 应该使用 ISO 格式如 '20:00:00' [type=value_error, input_value='', input_type=str]
    For further information visit https://errors.pydantic.dev/2.11/v/value_error
2025-11-19 09:30:19 [INFO] telethon.client.updates:344 - Got difference for account updates
2025-11-19 09:30:19 [INFO] telethon.client.updates:443 - Got difference for channel 1688099294 updates
2025-11-19 09:30:19 [INFO] telethon.client.updates:443 - Got difference for channel 2073046329 updates
2025-11-19 09:30:20 [INFO] telethon.client.updates:443 - Got difference for channel 1401724496 updates
2025-11-19 09:30:20 [INFO] telethon.client.updates:443 - Got difference for channel 1872908471 updates
2025-11-19 09:30:20 [INFO] telethon.client.updates:443 - Got difference for channel 1084638970 updates
2025-11-19 09:30:20 [INFO] telethon.client.updates:443 - Got difference for channel 2209378593 updates
2025-11-19 09:30:21 [INFO] telethon.client.updates:443 - Got difference for channel 1859684449 updates
2025-11-19 09:30:21 [INFO] telethon.client.updates:443 - Got difference for channel 1669747816 updates
2025-11-19 09:30:21 [INFO] telethon.client.updates:443 - Got difference for channel 1580372425 updates
2025-11-19 09:30:21 [INFO] telethon.client.updates:443 - Got difference for channel 1730305106 updates
2025-11-19 09:30:22 [INFO] telethon.client.updates:443 - Got difference for channel 1934088126 updates
2025-11-19 09:31:27 [INFO] telethon.client.updates:443 - Got difference for channel 2545038672 updates
2025-11-19 09:31:27 [INFO] telethon.client.updates:443 - Got difference for channel 2158983339 updates
2025-11-19 09:31:28 [INFO] telethon.client.updates:443 - Got difference for channel 1669747816 updates
2025-11-19 09:31:28 [INFO] telethon.client.updates:443 - Got difference for channel 1780401093 updates
2025-11-19 09:31:28 [INFO] telethon.client.updates:443 - Got difference for channel 2193554291 updates
2025-11-19 09:32:27 [INFO] telethon.client.updates:443 - Got difference for channel 1084638970 updates
2025-11-19 09:32:28 [INFO] telethon.client.updates:443 - Got difference for channel 1739110235 updates
2025-11-19 09:32:29 [INFO] telethon.client.updates:443 - Got difference for channel 2105390266 updates
2025-11-19 09:33:22 [INFO] telethon.client.updates:443 - Got difference for channel 1580372425 updates
2025-11-19 09:34:28 [INFO] telethon.client.updates:443 - Got difference for channel 1280467440 updates
2025-11-19 09:34:28 [INFO] telethon.client.updates:443 - Got difference for channel 2209378593 updates
2025-11-19 09:34:28 [INFO] telethon.client.updates:443 - Got difference for channel 1084638970 updates
2025-11-19 09:35:00 [INFO] app.core.scheduler:480 - Dispatching scheduled job f8e4963f2a92414589a557957998c0a7 -> 将所有网盘已更新到最新进度的movie推送到平台
2025-11-19 09:35:00 [INFO] app.core.scheduler:506 - Scheduled job f8e4963f2a92414589a557957998c0a7 dispatched to task_manager
2025-11-19 09:35:00 [INFO] root:162 - [task d490955f879544df80c01f2c8e6541ce] log handler attached for capture
2025-11-19 09:35:00 [ERROR] app.core.task_manager:205 - Task failed: ValidationError: 11 validation errors for Movie
episodes_info.26.air_time
  Value error, 无效的时间格式: , 应该使用 ISO 格式如 '20:00:00' [type=value_error, input_value='', input_type=str]
    For further information visit https://errors.pydantic.dev/2.11/v/value_error
episodes_info.27.air_time
  Value error, 无效的时间格式: , 应该使用 ISO 格式如 '20:00:00' [type=value_error, input_value='', input_type=str]
    For further information visit https://errors.pydantic.dev/2.11/v/value_error
episodes_info.28.air_time
  Value error, 无效的时间格式: , 应该使用 ISO 格式如 '20:00:00' [type=value_error, input_value='', input_type=str]
    For further information visit https://errors.pydantic.dev/2.11/v/value_error
episodes_info.29.air_time
  Value error, 无效的时间格式: , 应该使用 ISO 格式如 '20:00:00' [type=value_error, input_value='', input_type=str]
    For further information visit https://errors.pydantic.dev/2.11/v/value_error
episodes_info.30.air_time
  Value error, 无效的时间格式: , 应该使用 ISO 格式如 '20:00:00' [type=value_error, input_value='', input_type=str]
    For further information visit https://errors.pydantic.dev/2.11/v/value_error
episodes_info.31.air_time
  Value error, 无效的时间格式: , 应该使用 ISO 格式如 '20:00:00' [type=value_error, input_value='', input_type=str]
    For further information visit https://errors.pydantic.dev/2.11/v/value_error
episodes_info.32.air_time
  Value error, 无效的时间格式: , 应该使用 ISO 格式如 '20:00:00' [type=value_error, input_value='', input_type=str]
    For further information visit https://errors.pydantic.dev/2.11/v/value_error
episodes_info.33.air_time
  Value error, 无效的时间格式: , 应该使用 ISO 格式如 '20:00:00' [type=value_error, input_value='', input_type=str]
    For further information visit https://errors.pydantic.dev/2.11/v/value_error
episodes_info.34.air_time
  Value error, 无效的时间格式: , 应该使用 ISO 格式如 '20:00:00' [type=value_error, input_value='', input_type=str]
    For further information visit https://errors.pydantic.dev/2.11/v/value_error
episodes_info.35.air_time
  Value error, 无效的时间格式: , 应该使用 ISO 格式如 '20:00:00' [type=value_error, input_value='', input_type=str]
    For further information visit https://errors.pydantic.dev/2.11/v/value_error
episodes_info.36.air_time
  Value error, 无效的时间格式: , 应该使用 ISO 格式如 '20:00:00' [type=value_error, input_value='', input_type=str]
    For further information visit https://errors.pydantic.dev/2.11/v/value_error
Traceback (most recent call last):
  File "D:\HLworkspace\temp\SyncCloudDisk2.0\app\core\task_manager.py", line 187, in _wrap_and_run
    result = await coro_fn(rec.params, progress_callback=progress_cb, log_callback=log_cb)
             ^^^^^^^^^^^^^^^^^^^^^^^^^^^^^^^^^^^^^^^^^^^^^^^^^^^^^^^^^^^^^^^^^^^^^^^^^^^^^
  File "D:\HLworkspace\temp\SyncCloudDisk2.0\app\core\scheduler.py", line 501, in coro_fn
    return await entry.fn(params_to_pass, progress_callback, log_callback)
           ^^^^^^^^^^^^^^^^^^^^^^^^^^^^^^^^^^^^^^^^^^^^^^^^^^^^^^^^^^^^^^^
  File "D:\HLworkspace\temp\SyncCloudDisk2.0\app\core\task_registry.py", line 96, in _wrapped
    return await fn(model_instance, progress_callback, log_callback, *args, **kwargs)
           ^^^^^^^^^^^^^^^^^^^^^^^^^^^^^^^^^^^^^^^^^^^^^^^^^^^^^^^^^^^^^^^^^^^^^^^^^^
  File "D:\HLworkspace\temp\SyncCloudDisk2.0\app\flow\sync_new_movie_flow.py", line 307, in p6
    movies=await movie_repository.find(
           ^^^^^^^^^^^^^^^^^^^^^^^^^^^^
  File "D:\HLworkspace\temp\SyncCloudDisk2.0\app\database\movie_repository.py", line 209, in find
    return await self._generic_repo.find(
           ^^^^^^^^^^^^^^^^^^^^^^^^^^^^^^
  File "D:\HLworkspace\temp\SyncCloudDisk2.0\app\utils\generic_crud.py", line 233, in find
    return [self.model.parse_obj(d) for d in docs]
            ^^^^^^^^^^^^^^^^^^^^^^^
  File "D:\HLworkspace\temp\SyncCloudDisk2.0\.venv\Lib\site-packages\pydantic\main.py", line 1335, in parse_obj
    return cls.model_validate(obj)
           ^^^^^^^^^^^^^^^^^^^^^^^
  File "D:\HLworkspace\temp\SyncCloudDisk2.0\.venv\Lib\site-packages\pydantic\main.py", line 705, in model_validate
    return cls.__pydantic_validator__.validate_python(
           ^^^^^^^^^^^^^^^^^^^^^^^^^^^^^^^^^^^^^^^^^^^
pydantic_core._pydantic_core.ValidationError: 11 validation errors for Movie
episodes_info.26.air_time
  Value error, 无效的时间格式: , 应该使用 ISO 格式如 '20:00:00' [type=value_error, input_value='', input_type=str]
    For further information visit https://errors.pydantic.dev/2.11/v/value_error
episodes_info.27.air_time
  Value error, 无效的时间格式: , 应该使用 ISO 格式如 '20:00:00' [type=value_error, input_value='', input_type=str]
    For further information visit https://errors.pydantic.dev/2.11/v/value_error
episodes_info.28.air_time
  Value error, 无效的时间格式: , 应该使用 ISO 格式如 '20:00:00' [type=value_error, input_value='', input_type=str]
    For further information visit https://errors.pydantic.dev/2.11/v/value_error
episodes_info.29.air_time
  Value error, 无效的时间格式: , 应该使用 ISO 格式如 '20:00:00' [type=value_error, input_value='', input_type=str]
    For further information visit https://errors.pydantic.dev/2.11/v/value_error
episodes_info.30.air_time
  Value error, 无效的时间格式: , 应该使用 ISO 格式如 '20:00:00' [type=value_error, input_value='', input_type=str]
    For further information visit https://errors.pydantic.dev/2.11/v/value_error
episodes_info.31.air_time
  Value error, 无效的时间格式: , 应该使用 ISO 格式如 '20:00:00' [type=value_error, input_value='', input_type=str]
    For further information visit https://errors.pydantic.dev/2.11/v/value_error
episodes_info.32.air_time
  Value error, 无效的时间格式: , 应该使用 ISO 格式如 '20:00:00' [type=value_error, input_value='', input_type=str]
    For further information visit https://errors.pydantic.dev/2.11/v/value_error
episodes_info.33.air_time
  Value error, 无效的时间格式: , 应该使用 ISO 格式如 '20:00:00' [type=value_error, input_value='', input_type=str]
    For further information visit https://errors.pydantic.dev/2.11/v/value_error
episodes_info.34.air_time
  Value error, 无效的时间格式: , 应该使用 ISO 格式如 '20:00:00' [type=value_error, input_value='', input_type=str]
    For further information visit https://errors.pydantic.dev/2.11/v/value_error
episodes_info.35.air_time
  Value error, 无效的时间格式: , 应该使用 ISO 格式如 '20:00:00' [type=value_error, input_value='', input_type=str]
    For further information visit https://errors.pydantic.dev/2.11/v/value_error
episodes_info.36.air_time
  Value error, 无效的时间格式: , 应该使用 ISO 格式如 '20:00:00' [type=value_error, input_value='', input_type=str]
    For further information visit https://errors.pydantic.dev/2.11/v/value_error
2025-11-19 09:35:19 [INFO] telethon.client.updates:443 - Got difference for channel 1084638970 updates
2025-11-19 09:35:19 [INFO] telethon.client.updates:443 - Got difference for channel 1373840858 updates
2025-11-19 09:36:11 [INFO] telethon.client.updates:443 - Got difference for channel 2209378593 updates
2025-11-19 09:36:11 [INFO] telethon.client.updates:443 - Got difference for channel 2193554291 updates
2025-11-19 09:36:11 [INFO] telethon.client.updates:443 - Got difference for channel 1580372425 updates
2025-11-19 09:36:11 [INFO] telethon.client.updates:443 - Got difference for channel 1084638970 updates
2025-11-19 09:36:12 [INFO] telethon.client.updates:443 - Got difference for channel 1688099294 updates
2025-11-19 09:37:27 [INFO] telethon.client.updates:443 - Got difference for channel 1561455638 updates
2025-11-19 09:37:28 [INFO] telethon.client.updates:443 - Got difference for channel 1084638970 updates
2025-11-19 09:38:27 [INFO] telethon.client.updates:443 - Got difference for channel 1688099294 updates
2025-11-19 09:38:28 [INFO] telethon.client.updates:443 - Got difference for channel 1084638970 updates
2025-11-19 09:38:28 [INFO] telethon.client.updates:443 - Got difference for channel 2016939647 updates
2025-11-19 09:38:41 [INFO] telethon.client.updates:443 - Got difference for channel 1280467440 updates
2025-11-19 09:38:41 [INFO] telethon.client.updates:443 - Got difference for channel 2209378593 updates
2025-11-19 09:38:42 [INFO] telethon.client.updates:443 - Got difference for channel 1084638970 updates
2025-11-19 09:39:25 [INFO] telethon.client.updates:443 - Got difference for channel 1280467440 updates
2025-11-19 09:39:25 [INFO] telethon.client.updates:443 - Got difference for channel 2545038672 updates
2025-11-19 09:39:25 [INFO] telethon.client.updates:443 - Got difference for channel 2193554291 updates
2025-11-19 09:39:25 [INFO] telethon.client.updates:443 - Got difference for channel 1084638970 updates
2025-11-19 09:39:26 [INFO] telethon.client.updates:443 - Got difference for channel 1688099294 updates
2025-11-19 09:40:00 [INFO] app.core.scheduler:480 - Dispatching scheduled job f8e4963f2a92414589a557957998c0a7 -> 将所有网盘已更新到最新进度的movie推送到平台
2025-11-19 09:40:00 [INFO] app.core.scheduler:506 - Scheduled job f8e4963f2a92414589a557957998c0a7 dispatched to task_manager
2025-11-19 09:40:00 [INFO] root:162 - [task fcfccd72cc3a44bca4b3df10b6f5e38b] log handler attached for capture
2025-11-19 09:40:00 [ERROR] app.core.task_manager:205 - Task failed: ValidationError: 11 validation errors for Movie
episodes_info.26.air_time
  Value error, 无效的时间格式: , 应该使用 ISO 格式如 '20:00:00' [type=value_error, input_value='', input_type=str]
    For further information visit https://errors.pydantic.dev/2.11/v/value_error
episodes_info.27.air_time
  Value error, 无效的时间格式: , 应该使用 ISO 格式如 '20:00:00' [type=value_error, input_value='', input_type=str]
    For further information visit https://errors.pydantic.dev/2.11/v/value_error
episodes_info.28.air_time
  Value error, 无效的时间格式: , 应该使用 ISO 格式如 '20:00:00' [type=value_error, input_value='', input_type=str]
    For further information visit https://errors.pydantic.dev/2.11/v/value_error
episodes_info.29.air_time
  Value error, 无效的时间格式: , 应该使用 ISO 格式如 '20:00:00' [type=value_error, input_value='', input_type=str]
    For further information visit https://errors.pydantic.dev/2.11/v/value_error
episodes_info.30.air_time
  Value error, 无效的时间格式: , 应该使用 ISO 格式如 '20:00:00' [type=value_error, input_value='', input_type=str]
    For further information visit https://errors.pydantic.dev/2.11/v/value_error
episodes_info.31.air_time
  Value error, 无效的时间格式: , 应该使用 ISO 格式如 '20:00:00' [type=value_error, input_value='', input_type=str]
    For further information visit https://errors.pydantic.dev/2.11/v/value_error
episodes_info.32.air_time
  Value error, 无效的时间格式: , 应该使用 ISO 格式如 '20:00:00' [type=value_error, input_value='', input_type=str]
    For further information visit https://errors.pydantic.dev/2.11/v/value_error
episodes_info.33.air_time
  Value error, 无效的时间格式: , 应该使用 ISO 格式如 '20:00:00' [type=value_error, input_value='', input_type=str]
    For further information visit https://errors.pydantic.dev/2.11/v/value_error
episodes_info.34.air_time
  Value error, 无效的时间格式: , 应该使用 ISO 格式如 '20:00:00' [type=value_error, input_value='', input_type=str]
    For further information visit https://errors.pydantic.dev/2.11/v/value_error
episodes_info.35.air_time
  Value error, 无效的时间格式: , 应该使用 ISO 格式如 '20:00:00' [type=value_error, input_value='', input_type=str]
    For further information visit https://errors.pydantic.dev/2.11/v/value_error
episodes_info.36.air_time
  Value error, 无效的时间格式: , 应该使用 ISO 格式如 '20:00:00' [type=value_error, input_value='', input_type=str]
    For further information visit https://errors.pydantic.dev/2.11/v/value_error
Traceback (most recent call last):
  File "D:\HLworkspace\temp\SyncCloudDisk2.0\app\core\task_manager.py", line 187, in _wrap_and_run
    result = await coro_fn(rec.params, progress_callback=progress_cb, log_callback=log_cb)
             ^^^^^^^^^^^^^^^^^^^^^^^^^^^^^^^^^^^^^^^^^^^^^^^^^^^^^^^^^^^^^^^^^^^^^^^^^^^^^
  File "D:\HLworkspace\temp\SyncCloudDisk2.0\app\core\scheduler.py", line 501, in coro_fn
    return await entry.fn(params_to_pass, progress_callback, log_callback)
           ^^^^^^^^^^^^^^^^^^^^^^^^^^^^^^^^^^^^^^^^^^^^^^^^^^^^^^^^^^^^^^^
  File "D:\HLworkspace\temp\SyncCloudDisk2.0\app\core\task_registry.py", line 96, in _wrapped
    return await fn(model_instance, progress_callback, log_callback, *args, **kwargs)
           ^^^^^^^^^^^^^^^^^^^^^^^^^^^^^^^^^^^^^^^^^^^^^^^^^^^^^^^^^^^^^^^^^^^^^^^^^^
  File "D:\HLworkspace\temp\SyncCloudDisk2.0\app\flow\sync_new_movie_flow.py", line 307, in p6
    movies=await movie_repository.find(
           ^^^^^^^^^^^^^^^^^^^^^^^^^^^^
  File "D:\HLworkspace\temp\SyncCloudDisk2.0\app\database\movie_repository.py", line 209, in find
    return await self._generic_repo.find(
           ^^^^^^^^^^^^^^^^^^^^^^^^^^^^^^
  File "D:\HLworkspace\temp\SyncCloudDisk2.0\app\utils\generic_crud.py", line 233, in find
    return [self.model.parse_obj(d) for d in docs]
            ^^^^^^^^^^^^^^^^^^^^^^^
  File "D:\HLworkspace\temp\SyncCloudDisk2.0\.venv\Lib\site-packages\pydantic\main.py", line 1335, in parse_obj
    return cls.model_validate(obj)
           ^^^^^^^^^^^^^^^^^^^^^^^
  File "D:\HLworkspace\temp\SyncCloudDisk2.0\.venv\Lib\site-packages\pydantic\main.py", line 705, in model_validate
    return cls.__pydantic_validator__.validate_python(
           ^^^^^^^^^^^^^^^^^^^^^^^^^^^^^^^^^^^^^^^^^^^
pydantic_core._pydantic_core.ValidationError: 11 validation errors for Movie
episodes_info.26.air_time
  Value error, 无效的时间格式: , 应该使用 ISO 格式如 '20:00:00' [type=value_error, input_value='', input_type=str]
    For further information visit https://errors.pydantic.dev/2.11/v/value_error
episodes_info.27.air_time
  Value error, 无效的时间格式: , 应该使用 ISO 格式如 '20:00:00' [type=value_error, input_value='', input_type=str]
    For further information visit https://errors.pydantic.dev/2.11/v/value_error
episodes_info.28.air_time
  Value error, 无效的时间格式: , 应该使用 ISO 格式如 '20:00:00' [type=value_error, input_value='', input_type=str]
    For further information visit https://errors.pydantic.dev/2.11/v/value_error
episodes_info.29.air_time
  Value error, 无效的时间格式: , 应该使用 ISO 格式如 '20:00:00' [type=value_error, input_value='', input_type=str]
    For further information visit https://errors.pydantic.dev/2.11/v/value_error
episodes_info.30.air_time
  Value error, 无效的时间格式: , 应该使用 ISO 格式如 '20:00:00' [type=value_error, input_value='', input_type=str]
    For further information visit https://errors.pydantic.dev/2.11/v/value_error
episodes_info.31.air_time
  Value error, 无效的时间格式: , 应该使用 ISO 格式如 '20:00:00' [type=value_error, input_value='', input_type=str]
    For further information visit https://errors.pydantic.dev/2.11/v/value_error
episodes_info.32.air_time
  Value error, 无效的时间格式: , 应该使用 ISO 格式如 '20:00:00' [type=value_error, input_value='', input_type=str]
    For further information visit https://errors.pydantic.dev/2.11/v/value_error
episodes_info.33.air_time
  Value error, 无效的时间格式: , 应该使用 ISO 格式如 '20:00:00' [type=value_error, input_value='', input_type=str]
    For further information visit https://errors.pydantic.dev/2.11/v/value_error
episodes_info.34.air_time
  Value error, 无效的时间格式: , 应该使用 ISO 格式如 '20:00:00' [type=value_error, input_value='', input_type=str]
    For further information visit https://errors.pydantic.dev/2.11/v/value_error
episodes_info.35.air_time
  Value error, 无效的时间格式: , 应该使用 ISO 格式如 '20:00:00' [type=value_error, input_value='', input_type=str]
    For further information visit https://errors.pydantic.dev/2.11/v/value_error
episodes_info.36.air_time
  Value error, 无效的时间格式: , 应该使用 ISO 格式如 '20:00:00' [type=value_error, input_value='', input_type=str]
    For further information visit https://errors.pydantic.dev/2.11/v/value_error
2025-11-19 09:40:27 [INFO] telethon.client.updates:443 - Got difference for channel 1850014529 updates
2025-11-19 09:40:28 [INFO] telethon.client.updates:443 - Got difference for channel 1688099294 updates
2025-11-19 09:40:28 [INFO] telethon.client.updates:443 - Got difference for channel 2158983339 updates
2025-11-19 09:40:28 [INFO] telethon.client.updates:443 - Got difference for channel 1280467440 updates
2025-11-19 09:41:27 [INFO] telethon.client.updates:443 - Got difference for channel 1580372425 updates
2025-11-19 09:41:28 [INFO] telethon.client.updates:443 - Got difference for channel 1084638970 updates
2025-11-19 09:42:27 [INFO] telethon.client.updates:443 - Got difference for channel 2193554291 updates
2025-11-19 09:42:28 [INFO] telethon.client.updates:443 - Got difference for channel 1688099294 updates
2025-11-19 09:42:28 [INFO] telethon.client.updates:443 - Got difference for channel 2209378593 updates
2025-11-19 09:43:27 [INFO] telethon.client.updates:443 - Got difference for channel 2209378593 updates
2025-11-19 09:43:28 [INFO] telethon.client.updates:443 - Got difference for channel 1280467440 updates
2025-11-19 09:44:07 [INFO] telethon.client.updates:443 - Got difference for channel 2209378593 updates
2025-11-19 09:44:07 [INFO] telethon.client.updates:443 - Got difference for channel 1373840858 updates
2025-11-19 09:44:07 [INFO] telethon.client.updates:443 - Got difference for channel 1831403495 updates
2025-11-19 09:44:27 [INFO] telethon.client.updates:443 - Got difference for channel 2193554291 updates
2025-11-19 09:44:28 [INFO] telethon.client.updates:443 - Got difference for channel 2016939647 updates
2025-11-19 09:45:00 [INFO] app.core.scheduler:480 - Dispatching scheduled job 6f853106834c42dbb500a627c0aa1bbc -> 同步今日可更新影视资源到网盘
2025-11-19 09:45:00 [INFO] app.core.scheduler:506 - Scheduled job 6f853106834c42dbb500a627c0aa1bbc dispatched to task_manager
2025-11-19 09:45:00 [INFO] app.core.scheduler:480 - Dispatching scheduled job f8e4963f2a92414589a557957998c0a7 -> 将所有网盘已更新到最新进度的movie推送到平台
2025-11-19 09:45:00 [INFO] app.core.scheduler:506 - Scheduled job f8e4963f2a92414589a557957998c0a7 dispatched to task_manager
2025-11-19 09:45:00 [INFO] root:162 - [task 1127a0338a51488da1550960797cb15a] log handler attached for capture
2025-11-19 09:45:00 [INFO] root:162 - [task 9c461c9198214282909b402c4afb5f92] log handler attached for capture
2025-11-19 09:45:00 [ERROR] app.core.task_manager:205 - Task failed: ValidationError: 11 validation errors for Movie
episodes_info.26.air_time
  Value error, 无效的时间格式: , 应该使用 ISO 格式如 '20:00:00' [type=value_error, input_value='', input_type=str]
    For further information visit https://errors.pydantic.dev/2.11/v/value_error
episodes_info.27.air_time
  Value error, 无效的时间格式: , 应该使用 ISO 格式如 '20:00:00' [type=value_error, input_value='', input_type=str]
    For further information visit https://errors.pydantic.dev/2.11/v/value_error
episodes_info.28.air_time
  Value error, 无效的时间格式: , 应该使用 ISO 格式如 '20:00:00' [type=value_error, input_value='', input_type=str]
    For further information visit https://errors.pydantic.dev/2.11/v/value_error
episodes_info.29.air_time
  Value error, 无效的时间格式: , 应该使用 ISO 格式如 '20:00:00' [type=value_error, input_value='', input_type=str]
    For further information visit https://errors.pydantic.dev/2.11/v/value_error
episodes_info.30.air_time
  Value error, 无效的时间格式: , 应该使用 ISO 格式如 '20:00:00' [type=value_error, input_value='', input_type=str]
    For further information visit https://errors.pydantic.dev/2.11/v/value_error
episodes_info.31.air_time
  Value error, 无效的时间格式: , 应该使用 ISO 格式如 '20:00:00' [type=value_error, input_value='', input_type=str]
    For further information visit https://errors.pydantic.dev/2.11/v/value_error
episodes_info.32.air_time
  Value error, 无效的时间格式: , 应该使用 ISO 格式如 '20:00:00' [type=value_error, input_value='', input_type=str]
    For further information visit https://errors.pydantic.dev/2.11/v/value_error
episodes_info.33.air_time
  Value error, 无效的时间格式: , 应该使用 ISO 格式如 '20:00:00' [type=value_error, input_value='', input_type=str]
    For further information visit https://errors.pydantic.dev/2.11/v/value_error
episodes_info.34.air_time
  Value error, 无效的时间格式: , 应该使用 ISO 格式如 '20:00:00' [type=value_error, input_value='', input_type=str]
    For further information visit https://errors.pydantic.dev/2.11/v/value_error
episodes_info.35.air_time
  Value error, 无效的时间格式: , 应该使用 ISO 格式如 '20:00:00' [type=value_error, input_value='', input_type=str]
    For further information visit https://errors.pydantic.dev/2.11/v/value_error
episodes_info.36.air_time
  Value error, 无效的时间格式: , 应该使用 ISO 格式如 '20:00:00' [type=value_error, input_value='', input_type=str]
    For further information visit https://errors.pydantic.dev/2.11/v/value_error
Traceback (most recent call last):
  File "D:\HLworkspace\temp\SyncCloudDisk2.0\app\core\task_manager.py", line 187, in _wrap_and_run
    result = await coro_fn(rec.params, progress_callback=progress_cb, log_callback=log_cb)
             ^^^^^^^^^^^^^^^^^^^^^^^^^^^^^^^^^^^^^^^^^^^^^^^^^^^^^^^^^^^^^^^^^^^^^^^^^^^^^
  File "D:\HLworkspace\temp\SyncCloudDisk2.0\app\core\scheduler.py", line 501, in coro_fn
    return await entry.fn(params_to_pass, progress_callback, log_callback)
           ^^^^^^^^^^^^^^^^^^^^^^^^^^^^^^^^^^^^^^^^^^^^^^^^^^^^^^^^^^^^^^^
  File "D:\HLworkspace\temp\SyncCloudDisk2.0\app\core\task_registry.py", line 96, in _wrapped
    return await fn(model_instance, progress_callback, log_callback, *args, **kwargs)
           ^^^^^^^^^^^^^^^^^^^^^^^^^^^^^^^^^^^^^^^^^^^^^^^^^^^^^^^^^^^^^^^^^^^^^^^^^^
  File "D:\HLworkspace\temp\SyncCloudDisk2.0\app\flow\sync_new_movie_flow.py", line 162, in flow2
    today_movies=await movie_repository.find_movies_with_episode_today()
                 ^^^^^^^^^^^^^^^^^^^^^^^^^^^^^^^^^^^^^^^^^^^^^^^^^^^^^^^
  File "D:\HLworkspace\temp\SyncCloudDisk2.0\app\database\movie_repository.py", line 164, in find_movies_with_episode_today
    return await MovieRepository.find_movies_with_episode_on(today, tz)
           ^^^^^^^^^^^^^^^^^^^^^^^^^^^^^^^^^^^^^^^^^^^^^^^^^^^^^^^^^^^^
  File "D:\HLworkspace\temp\SyncCloudDisk2.0\app\database\movie_repository.py", line 158, in find_movies_with_episode_on
    return await cursor.to_list()
           ^^^^^^^^^^^^^^^^^^^^^^
  File "D:\HLworkspace\temp\SyncCloudDisk2.0\.venv\Lib\site-packages\beanie\odm\queries\cursor.py", line 75, in to_list
    parse_obj(projection, i, lazy_parse=self.lazy_parse)
  File "D:\HLworkspace\temp\SyncCloudDisk2.0\.venv\Lib\site-packages\beanie\odm\utils\parsing.py", line 146, in parse_obj
    result = parse_model(model, data)
             ^^^^^^^^^^^^^^^^^^^^^^^^
  File "D:\HLworkspace\temp\SyncCloudDisk2.0\.venv\Lib\site-packages\beanie\odm\utils\pydantic.py", line 40, in parse_model
    return model_type.model_validate(data)
           ^^^^^^^^^^^^^^^^^^^^^^^^^^^^^^^
  File "D:\HLworkspace\temp\SyncCloudDisk2.0\.venv\Lib\site-packages\pydantic\main.py", line 705, in model_validate
    return cls.__pydantic_validator__.validate_python(
           ^^^^^^^^^^^^^^^^^^^^^^^^^^^^^^^^^^^^^^^^^^^
pydantic_core._pydantic_core.ValidationError: 11 validation errors for Movie
episodes_info.26.air_time
  Value error, 无效的时间格式: , 应该使用 ISO 格式如 '20:00:00' [type=value_error, input_value='', input_type=str]
    For further information visit https://errors.pydantic.dev/2.11/v/value_error
episodes_info.27.air_time
  Value error, 无效的时间格式: , 应该使用 ISO 格式如 '20:00:00' [type=value_error, input_value='', input_type=str]
    For further information visit https://errors.pydantic.dev/2.11/v/value_error
episodes_info.28.air_time
  Value error, 无效的时间格式: , 应该使用 ISO 格式如 '20:00:00' [type=value_error, input_value='', input_type=str]
    For further information visit https://errors.pydantic.dev/2.11/v/value_error
episodes_info.29.air_time
  Value error, 无效的时间格式: , 应该使用 ISO 格式如 '20:00:00' [type=value_error, input_value='', input_type=str]
    For further information visit https://errors.pydantic.dev/2.11/v/value_error
episodes_info.30.air_time
  Value error, 无效的时间格式: , 应该使用 ISO 格式如 '20:00:00' [type=value_error, input_value='', input_type=str]
    For further information visit https://errors.pydantic.dev/2.11/v/value_error
episodes_info.31.air_time
  Value error, 无效的时间格式: , 应该使用 ISO 格式如 '20:00:00' [type=value_error, input_value='', input_type=str]
    For further information visit https://errors.pydantic.dev/2.11/v/value_error
episodes_info.32.air_time
  Value error, 无效的时间格式: , 应该使用 ISO 格式如 '20:00:00' [type=value_error, input_value='', input_type=str]
    For further information visit https://errors.pydantic.dev/2.11/v/value_error
episodes_info.33.air_time
  Value error, 无效的时间格式: , 应该使用 ISO 格式如 '20:00:00' [type=value_error, input_value='', input_type=str]
    For further information visit https://errors.pydantic.dev/2.11/v/value_error
episodes_info.34.air_time
  Value error, 无效的时间格式: , 应该使用 ISO 格式如 '20:00:00' [type=value_error, input_value='', input_type=str]
    For further information visit https://errors.pydantic.dev/2.11/v/value_error
episodes_info.35.air_time
  Value error, 无效的时间格式: , 应该使用 ISO 格式如 '20:00:00' [type=value_error, input_value='', input_type=str]
    For further information visit https://errors.pydantic.dev/2.11/v/value_error
episodes_info.36.air_time
  Value error, 无效的时间格式: , 应该使用 ISO 格式如 '20:00:00' [type=value_error, input_value='', input_type=str]
    For further information visit https://errors.pydantic.dev/2.11/v/value_error
2025-11-19 09:45:00 [ERROR] app.core.task_manager:205 - Task failed: ValidationError: 11 validation errors for Movie
episodes_info.26.air_time
  Value error, 无效的时间格式: , 应该使用 ISO 格式如 '20:00:00' [type=value_error, input_value='', input_type=str]
    For further information visit https://errors.pydantic.dev/2.11/v/value_error
episodes_info.27.air_time
  Value error, 无效的时间格式: , 应该使用 ISO 格式如 '20:00:00' [type=value_error, input_value='', input_type=str]
    For further information visit https://errors.pydantic.dev/2.11/v/value_error
episodes_info.28.air_time
  Value error, 无效的时间格式: , 应该使用 ISO 格式如 '20:00:00' [type=value_error, input_value='', input_type=str]
    For further information visit https://errors.pydantic.dev/2.11/v/value_error
episodes_info.29.air_time
  Value error, 无效的时间格式: , 应该使用 ISO 格式如 '20:00:00' [type=value_error, input_value='', input_type=str]
    For further information visit https://errors.pydantic.dev/2.11/v/value_error
episodes_info.30.air_time
  Value error, 无效的时间格式: , 应该使用 ISO 格式如 '20:00:00' [type=value_error, input_value='', input_type=str]
    For further information visit https://errors.pydantic.dev/2.11/v/value_error
episodes_info.31.air_time
  Value error, 无效的时间格式: , 应该使用 ISO 格式如 '20:00:00' [type=value_error, input_value='', input_type=str]
    For further information visit https://errors.pydantic.dev/2.11/v/value_error
episodes_info.32.air_time
  Value error, 无效的时间格式: , 应该使用 ISO 格式如 '20:00:00' [type=value_error, input_value='', input_type=str]
    For further information visit https://errors.pydantic.dev/2.11/v/value_error
episodes_info.33.air_time
  Value error, 无效的时间格式: , 应该使用 ISO 格式如 '20:00:00' [type=value_error, input_value='', input_type=str]
    For further information visit https://errors.pydantic.dev/2.11/v/value_error
episodes_info.34.air_time
  Value error, 无效的时间格式: , 应该使用 ISO 格式如 '20:00:00' [type=value_error, input_value='', input_type=str]
    For further information visit https://errors.pydantic.dev/2.11/v/value_error
episodes_info.35.air_time
  Value error, 无效的时间格式: , 应该使用 ISO 格式如 '20:00:00' [type=value_error, input_value='', input_type=str]
    For further information visit https://errors.pydantic.dev/2.11/v/value_error
episodes_info.36.air_time
  Value error, 无效的时间格式: , 应该使用 ISO 格式如 '20:00:00' [type=value_error, input_value='', input_type=str]
    For further information visit https://errors.pydantic.dev/2.11/v/value_error
Traceback (most recent call last):
  File "D:\HLworkspace\temp\SyncCloudDisk2.0\app\core\task_manager.py", line 187, in _wrap_and_run
    result = await coro_fn(rec.params, progress_callback=progress_cb, log_callback=log_cb)
             ^^^^^^^^^^^^^^^^^^^^^^^^^^^^^^^^^^^^^^^^^^^^^^^^^^^^^^^^^^^^^^^^^^^^^^^^^^^^^
  File "D:\HLworkspace\temp\SyncCloudDisk2.0\app\core\scheduler.py", line 501, in coro_fn
    return await entry.fn(params_to_pass, progress_callback, log_callback)
           ^^^^^^^^^^^^^^^^^^^^^^^^^^^^^^^^^^^^^^^^^^^^^^^^^^^^^^^^^^^^^^^
  File "D:\HLworkspace\temp\SyncCloudDisk2.0\app\core\task_registry.py", line 96, in _wrapped
    return await fn(model_instance, progress_callback, log_callback, *args, **kwargs)
           ^^^^^^^^^^^^^^^^^^^^^^^^^^^^^^^^^^^^^^^^^^^^^^^^^^^^^^^^^^^^^^^^^^^^^^^^^^
  File "D:\HLworkspace\temp\SyncCloudDisk2.0\app\flow\sync_new_movie_flow.py", line 307, in p6
    movies=await movie_repository.find(
           ^^^^^^^^^^^^^^^^^^^^^^^^^^^^
  File "D:\HLworkspace\temp\SyncCloudDisk2.0\app\database\movie_repository.py", line 209, in find
    return await self._generic_repo.find(
           ^^^^^^^^^^^^^^^^^^^^^^^^^^^^^^
  File "D:\HLworkspace\temp\SyncCloudDisk2.0\app\utils\generic_crud.py", line 233, in find
    return [self.model.parse_obj(d) for d in docs]
            ^^^^^^^^^^^^^^^^^^^^^^^
  File "D:\HLworkspace\temp\SyncCloudDisk2.0\.venv\Lib\site-packages\pydantic\main.py", line 1335, in parse_obj
    return cls.model_validate(obj)
           ^^^^^^^^^^^^^^^^^^^^^^^
  File "D:\HLworkspace\temp\SyncCloudDisk2.0\.venv\Lib\site-packages\pydantic\main.py", line 705, in model_validate
    return cls.__pydantic_validator__.validate_python(
           ^^^^^^^^^^^^^^^^^^^^^^^^^^^^^^^^^^^^^^^^^^^
pydantic_core._pydantic_core.ValidationError: 11 validation errors for Movie
episodes_info.26.air_time
  Value error, 无效的时间格式: , 应该使用 ISO 格式如 '20:00:00' [type=value_error, input_value='', input_type=str]
    For further information visit https://errors.pydantic.dev/2.11/v/value_error
episodes_info.27.air_time
  Value error, 无效的时间格式: , 应该使用 ISO 格式如 '20:00:00' [type=value_error, input_value='', input_type=str]
    For further information visit https://errors.pydantic.dev/2.11/v/value_error
episodes_info.28.air_time
  Value error, 无效的时间格式: , 应该使用 ISO 格式如 '20:00:00' [type=value_error, input_value='', input_type=str]
    For further information visit https://errors.pydantic.dev/2.11/v/value_error
episodes_info.29.air_time
  Value error, 无效的时间格式: , 应该使用 ISO 格式如 '20:00:00' [type=value_error, input_value='', input_type=str]
    For further information visit https://errors.pydantic.dev/2.11/v/value_error
episodes_info.30.air_time
  Value error, 无效的时间格式: , 应该使用 ISO 格式如 '20:00:00' [type=value_error, input_value='', input_type=str]
    For further information visit https://errors.pydantic.dev/2.11/v/value_error
episodes_info.31.air_time
  Value error, 无效的时间格式: , 应该使用 ISO 格式如 '20:00:00' [type=value_error, input_value='', input_type=str]
    For further information visit https://errors.pydantic.dev/2.11/v/value_error
episodes_info.32.air_time
  Value error, 无效的时间格式: , 应该使用 ISO 格式如 '20:00:00' [type=value_error, input_value='', input_type=str]
    For further information visit https://errors.pydantic.dev/2.11/v/value_error
episodes_info.33.air_time
  Value error, 无效的时间格式: , 应该使用 ISO 格式如 '20:00:00' [type=value_error, input_value='', input_type=str]
    For further information visit https://errors.pydantic.dev/2.11/v/value_error
episodes_info.34.air_time
  Value error, 无效的时间格式: , 应该使用 ISO 格式如 '20:00:00' [type=value_error, input_value='', input_type=str]
    For further information visit https://errors.pydantic.dev/2.11/v/value_error
episodes_info.35.air_time
  Value error, 无效的时间格式: , 应该使用 ISO 格式如 '20:00:00' [type=value_error, input_value='', input_type=str]
    For further information visit https://errors.pydantic.dev/2.11/v/value_error
episodes_info.36.air_time
  Value error, 无效的时间格式: , 应该使用 ISO 格式如 '20:00:00' [type=value_error, input_value='', input_type=str]
    For further information visit https://errors.pydantic.dev/2.11/v/value_error
2025-11-19 09:45:20 [INFO] telethon.client.updates:344 - Got difference for account updates
2025-11-19 09:45:20 [INFO] telethon.client.updates:443 - Got difference for channel 1780401093 updates
2025-11-19 09:45:20 [INFO] telethon.client.updates:443 - Got difference for channel 2545038672 updates
2025-11-19 09:45:20 [INFO] telethon.client.updates:443 - Got difference for channel 1401724496 updates
2025-11-19 09:45:20 [INFO] telethon.client.updates:443 - Got difference for channel 1617621330 updates
2025-11-19 09:45:21 [INFO] telethon.client.updates:443 - Got difference for channel 1373840858 updates
2025-11-19 09:45:21 [INFO] telethon.client.updates:443 - Got difference for channel 1280467440 updates
2025-11-19 09:45:21 [INFO] telethon.client.updates:443 - Got difference for channel 1084638970 updates
2025-11-19 09:45:21 [INFO] telethon.client.updates:443 - Got difference for channel 1615611517 updates
2025-11-19 09:45:22 [INFO] telethon.client.updates:443 - Got difference for channel 1580372425 updates
2025-11-19 09:45:22 [INFO] telethon.client.updates:443 - Got difference for channel 1688099294 updates
2025-11-19 09:45:23 [INFO] telethon.client.updates:443 - Got difference for channel 2073046329 updates
2025-11-19 09:45:23 [INFO] telethon.client.updates:443 - Got difference for channel 1641913470 updates
2025-11-19 09:45:24 [INFO] telethon.client.updates:443 - Got difference for channel 1934088126 updates
2025-11-19 09:46:28 [INFO] telethon.client.updates:443 - Got difference for channel 1850014529 updates
2025-11-19 09:46:28 [INFO] telethon.client.updates:443 - Got difference for channel 1084638970 updates
2025-11-19 09:47:28 [INFO] telethon.client.updates:443 - Got difference for channel 1580372425 updates
2025-11-19 09:47:28 [INFO] telethon.client.updates:443 - Got difference for channel 1084638970 updates
2025-11-19 09:47:28 [INFO] telethon.client.updates:443 - Got difference for channel 2209378593 updates
2025-11-19 09:47:29 [INFO] telethon.client.updates:443 - Got difference for channel 2193554291 updates
2025-11-19 09:48:23 [INFO] telethon.client.updates:443 - Got difference for channel 1401724496 updates
2025-11-19 09:48:23 [INFO] telethon.client.updates:443 - Got difference for channel 1084638970 updates
2025-11-19 09:48:23 [INFO] telethon.client.updates:443 - Got difference for channel 1688099294 updates
2025-11-19 09:48:24 [INFO] telethon.client.updates:443 - Got difference for channel 2209378593 updates
2025-11-19 09:48:27 [INFO] telethon.client.updates:443 - Got difference for channel 1280467440 updates
2025-11-19 09:49:27 [INFO] telethon.client.updates:443 - Got difference for channel 1084638970 updates
2025-11-19 09:49:53 [INFO] telethon.client.updates:443 - Got difference for channel 1084638970 updates
2025-11-19 09:49:53 [INFO] telethon.client.updates:443 - Got difference for channel 1280467440 updates
2025-11-19 09:49:53 [INFO] telethon.client.updates:443 - Got difference for channel 2193554291 updates
2025-11-19 09:50:00 [INFO] app.core.scheduler:480 - Dispatching scheduled job f8e4963f2a92414589a557957998c0a7 -> 将所有网盘已更新到最新进度的movie推送到平台
2025-11-19 09:50:00 [INFO] app.core.scheduler:506 - Scheduled job f8e4963f2a92414589a557957998c0a7 dispatched to task_manager
2025-11-19 09:50:00 [INFO] root:162 - [task b4dae0b4d4dc4453a6e12b82994e861e] log handler attached for capture
2025-11-19 09:50:00 [ERROR] app.core.task_manager:205 - Task failed: ValidationError: 11 validation errors for Movie
episodes_info.26.air_time
  Value error, 无效的时间格式: , 应该使用 ISO 格式如 '20:00:00' [type=value_error, input_value='', input_type=str]
    For further information visit https://errors.pydantic.dev/2.11/v/value_error
episodes_info.27.air_time
  Value error, 无效的时间格式: , 应该使用 ISO 格式如 '20:00:00' [type=value_error, input_value='', input_type=str]
    For further information visit https://errors.pydantic.dev/2.11/v/value_error
episodes_info.28.air_time
  Value error, 无效的时间格式: , 应该使用 ISO 格式如 '20:00:00' [type=value_error, input_value='', input_type=str]
    For further information visit https://errors.pydantic.dev/2.11/v/value_error
episodes_info.29.air_time
  Value error, 无效的时间格式: , 应该使用 ISO 格式如 '20:00:00' [type=value_error, input_value='', input_type=str]
    For further information visit https://errors.pydantic.dev/2.11/v/value_error
episodes_info.30.air_time
  Value error, 无效的时间格式: , 应该使用 ISO 格式如 '20:00:00' [type=value_error, input_value='', input_type=str]
    For further information visit https://errors.pydantic.dev/2.11/v/value_error
episodes_info.31.air_time
  Value error, 无效的时间格式: , 应该使用 ISO 格式如 '20:00:00' [type=value_error, input_value='', input_type=str]
    For further information visit https://errors.pydantic.dev/2.11/v/value_error
episodes_info.32.air_time
  Value error, 无效的时间格式: , 应该使用 ISO 格式如 '20:00:00' [type=value_error, input_value='', input_type=str]
    For further information visit https://errors.pydantic.dev/2.11/v/value_error
episodes_info.33.air_time
  Value error, 无效的时间格式: , 应该使用 ISO 格式如 '20:00:00' [type=value_error, input_value='', input_type=str]
    For further information visit https://errors.pydantic.dev/2.11/v/value_error
episodes_info.34.air_time
  Value error, 无效的时间格式: , 应该使用 ISO 格式如 '20:00:00' [type=value_error, input_value='', input_type=str]
    For further information visit https://errors.pydantic.dev/2.11/v/value_error
episodes_info.35.air_time
  Value error, 无效的时间格式: , 应该使用 ISO 格式如 '20:00:00' [type=value_error, input_value='', input_type=str]
    For further information visit https://errors.pydantic.dev/2.11/v/value_error
episodes_info.36.air_time
  Value error, 无效的时间格式: , 应该使用 ISO 格式如 '20:00:00' [type=value_error, input_value='', input_type=str]
    For further information visit https://errors.pydantic.dev/2.11/v/value_error
Traceback (most recent call last):
  File "D:\HLworkspace\temp\SyncCloudDisk2.0\app\core\task_manager.py", line 187, in _wrap_and_run
    result = await coro_fn(rec.params, progress_callback=progress_cb, log_callback=log_cb)
             ^^^^^^^^^^^^^^^^^^^^^^^^^^^^^^^^^^^^^^^^^^^^^^^^^^^^^^^^^^^^^^^^^^^^^^^^^^^^^
  File "D:\HLworkspace\temp\SyncCloudDisk2.0\app\core\scheduler.py", line 501, in coro_fn
    return await entry.fn(params_to_pass, progress_callback, log_callback)
           ^^^^^^^^^^^^^^^^^^^^^^^^^^^^^^^^^^^^^^^^^^^^^^^^^^^^^^^^^^^^^^^
  File "D:\HLworkspace\temp\SyncCloudDisk2.0\app\core\task_registry.py", line 96, in _wrapped
    return await fn(model_instance, progress_callback, log_callback, *args, **kwargs)
           ^^^^^^^^^^^^^^^^^^^^^^^^^^^^^^^^^^^^^^^^^^^^^^^^^^^^^^^^^^^^^^^^^^^^^^^^^^
  File "D:\HLworkspace\temp\SyncCloudDisk2.0\app\flow\sync_new_movie_flow.py", line 307, in p6
    movies=await movie_repository.find(
           ^^^^^^^^^^^^^^^^^^^^^^^^^^^^
  File "D:\HLworkspace\temp\SyncCloudDisk2.0\app\database\movie_repository.py", line 209, in find
    return await self._generic_repo.find(
           ^^^^^^^^^^^^^^^^^^^^^^^^^^^^^^
  File "D:\HLworkspace\temp\SyncCloudDisk2.0\app\utils\generic_crud.py", line 233, in find
    return [self.model.parse_obj(d) for d in docs]
            ^^^^^^^^^^^^^^^^^^^^^^^
  File "D:\HLworkspace\temp\SyncCloudDisk2.0\.venv\Lib\site-packages\pydantic\main.py", line 1335, in parse_obj
    return cls.model_validate(obj)
           ^^^^^^^^^^^^^^^^^^^^^^^
  File "D:\HLworkspace\temp\SyncCloudDisk2.0\.venv\Lib\site-packages\pydantic\main.py", line 705, in model_validate
    return cls.__pydantic_validator__.validate_python(
           ^^^^^^^^^^^^^^^^^^^^^^^^^^^^^^^^^^^^^^^^^^^
pydantic_core._pydantic_core.ValidationError: 11 validation errors for Movie
episodes_info.26.air_time
  Value error, 无效的时间格式: , 应该使用 ISO 格式如 '20:00:00' [type=value_error, input_value='', input_type=str]
    For further information visit https://errors.pydantic.dev/2.11/v/value_error
episodes_info.27.air_time
  Value error, 无效的时间格式: , 应该使用 ISO 格式如 '20:00:00' [type=value_error, input_value='', input_type=str]
    For further information visit https://errors.pydantic.dev/2.11/v/value_error
episodes_info.28.air_time
  Value error, 无效的时间格式: , 应该使用 ISO 格式如 '20:00:00' [type=value_error, input_value='', input_type=str]
    For further information visit https://errors.pydantic.dev/2.11/v/value_error
episodes_info.29.air_time
  Value error, 无效的时间格式: , 应该使用 ISO 格式如 '20:00:00' [type=value_error, input_value='', input_type=str]
    For further information visit https://errors.pydantic.dev/2.11/v/value_error
episodes_info.30.air_time
  Value error, 无效的时间格式: , 应该使用 ISO 格式如 '20:00:00' [type=value_error, input_value='', input_type=str]
    For further information visit https://errors.pydantic.dev/2.11/v/value_error
episodes_info.31.air_time
  Value error, 无效的时间格式: , 应该使用 ISO 格式如 '20:00:00' [type=value_error, input_value='', input_type=str]
    For further information visit https://errors.pydantic.dev/2.11/v/value_error
episodes_info.32.air_time
  Value error, 无效的时间格式: , 应该使用 ISO 格式如 '20:00:00' [type=value_error, input_value='', input_type=str]
    For further information visit https://errors.pydantic.dev/2.11/v/value_error
episodes_info.33.air_time
  Value error, 无效的时间格式: , 应该使用 ISO 格式如 '20:00:00' [type=value_error, input_value='', input_type=str]
    For further information visit https://errors.pydantic.dev/2.11/v/value_error
episodes_info.34.air_time
  Value error, 无效的时间格式: , 应该使用 ISO 格式如 '20:00:00' [type=value_error, input_value='', input_type=str]
    For further information visit https://errors.pydantic.dev/2.11/v/value_error
episodes_info.35.air_time
  Value error, 无效的时间格式: , 应该使用 ISO 格式如 '20:00:00' [type=value_error, input_value='', input_type=str]
    For further information visit https://errors.pydantic.dev/2.11/v/value_error
episodes_info.36.air_time
  Value error, 无效的时间格式: , 应该使用 ISO 格式如 '20:00:00' [type=value_error, input_value='', input_type=str]
    For further information visit https://errors.pydantic.dev/2.11/v/value_error
2025-11-19 09:50:19 [INFO] telethon.client.updates:443 - Got difference for channel 2193554291 updates
2025-11-19 09:50:28 [INFO] telethon.client.updates:443 - Got difference for channel 1084638970 updates
2025-11-19 09:50:28 [INFO] telethon.client.updates:443 - Got difference for channel 1280467440 updates
2025-11-19 09:51:11 [INFO] telethon.client.updates:443 - Got difference for channel 1617621330 updates
2025-11-19 09:51:12 [INFO] telethon.client.updates:443 - Got difference for channel 1084638970 updates
2025-11-19 09:51:12 [INFO] telethon.client.updates:443 - Got difference for channel 1688099294 updates
2025-11-19 09:51:27 [INFO] telethon.client.updates:443 - Got difference for channel 1084638970 updates
2025-11-19 09:51:49 [INFO] telethon.client.updates:443 - Got difference for channel 2545038672 updates
2025-11-19 09:51:49 [INFO] telethon.client.updates:443 - Got difference for channel 1084638970 updates
2025-11-19 09:52:28 [INFO] telethon.client.updates:443 - Got difference for channel 1280467440 updates
2025-11-19 09:53:28 [INFO] telethon.client.updates:443 - Got difference for channel 1280467440 updates
2025-11-19 09:53:28 [INFO] telethon.client.updates:443 - Got difference for channel 1780401093 updates
2025-11-19 09:53:28 [INFO] telethon.client.updates:443 - Got difference for channel 2193554291 updates
2025-11-19 09:53:41 [INFO] telethon.client.updates:443 - Got difference for channel 1084638970 updates
2025-11-19 09:54:25 [INFO] telethon.client.updates:443 - Got difference for channel 1580372425 updates
2025-11-19 09:54:26 [INFO] telethon.client.updates:443 - Got difference for channel 1688099294 updates
2025-11-19 09:54:26 [INFO] telethon.client.updates:443 - Got difference for channel 1280467440 updates
2025-11-19 09:54:27 [INFO] telethon.client.updates:443 - Got difference for channel 2545038672 updates
2025-11-19 09:54:29 [INFO] telethon.client.updates:443 - Got difference for channel 2016939647 updates
2025-11-19 09:55:00 [INFO] app.core.scheduler:480 - Dispatching scheduled job f8e4963f2a92414589a557957998c0a7 -> 将所有网盘已更新到最新进度的movie推送到平台
2025-11-19 09:55:00 [INFO] app.core.scheduler:506 - Scheduled job f8e4963f2a92414589a557957998c0a7 dispatched to task_manager
2025-11-19 09:55:00 [INFO] root:162 - [task db963326f4354264b6abb20048faa311] log handler attached for capture
2025-11-19 09:55:00 [ERROR] app.core.task_manager:205 - Task failed: ValidationError: 11 validation errors for Movie
episodes_info.26.air_time
  Value error, 无效的时间格式: , 应该使用 ISO 格式如 '20:00:00' [type=value_error, input_value='', input_type=str]
    For further information visit https://errors.pydantic.dev/2.11/v/value_error
episodes_info.27.air_time
  Value error, 无效的时间格式: , 应该使用 ISO 格式如 '20:00:00' [type=value_error, input_value='', input_type=str]
    For further information visit https://errors.pydantic.dev/2.11/v/value_error
episodes_info.28.air_time
  Value error, 无效的时间格式: , 应该使用 ISO 格式如 '20:00:00' [type=value_error, input_value='', input_type=str]
    For further information visit https://errors.pydantic.dev/2.11/v/value_error
episodes_info.29.air_time
  Value error, 无效的时间格式: , 应该使用 ISO 格式如 '20:00:00' [type=value_error, input_value='', input_type=str]
    For further information visit https://errors.pydantic.dev/2.11/v/value_error
episodes_info.30.air_time
  Value error, 无效的时间格式: , 应该使用 ISO 格式如 '20:00:00' [type=value_error, input_value='', input_type=str]
    For further information visit https://errors.pydantic.dev/2.11/v/value_error
episodes_info.31.air_time
  Value error, 无效的时间格式: , 应该使用 ISO 格式如 '20:00:00' [type=value_error, input_value='', input_type=str]
    For further information visit https://errors.pydantic.dev/2.11/v/value_error
episodes_info.32.air_time
  Value error, 无效的时间格式: , 应该使用 ISO 格式如 '20:00:00' [type=value_error, input_value='', input_type=str]
    For further information visit https://errors.pydantic.dev/2.11/v/value_error
episodes_info.33.air_time
  Value error, 无效的时间格式: , 应该使用 ISO 格式如 '20:00:00' [type=value_error, input_value='', input_type=str]
    For further information visit https://errors.pydantic.dev/2.11/v/value_error
episodes_info.34.air_time
  Value error, 无效的时间格式: , 应该使用 ISO 格式如 '20:00:00' [type=value_error, input_value='', input_type=str]
    For further information visit https://errors.pydantic.dev/2.11/v/value_error
episodes_info.35.air_time
  Value error, 无效的时间格式: , 应该使用 ISO 格式如 '20:00:00' [type=value_error, input_value='', input_type=str]
    For further information visit https://errors.pydantic.dev/2.11/v/value_error
episodes_info.36.air_time
  Value error, 无效的时间格式: , 应该使用 ISO 格式如 '20:00:00' [type=value_error, input_value='', input_type=str]
    For further information visit https://errors.pydantic.dev/2.11/v/value_error
Traceback (most recent call last):
  File "D:\HLworkspace\temp\SyncCloudDisk2.0\app\core\task_manager.py", line 187, in _wrap_and_run
    result = await coro_fn(rec.params, progress_callback=progress_cb, log_callback=log_cb)
             ^^^^^^^^^^^^^^^^^^^^^^^^^^^^^^^^^^^^^^^^^^^^^^^^^^^^^^^^^^^^^^^^^^^^^^^^^^^^^
  File "D:\HLworkspace\temp\SyncCloudDisk2.0\app\core\scheduler.py", line 501, in coro_fn
    return await entry.fn(params_to_pass, progress_callback, log_callback)
           ^^^^^^^^^^^^^^^^^^^^^^^^^^^^^^^^^^^^^^^^^^^^^^^^^^^^^^^^^^^^^^^
  File "D:\HLworkspace\temp\SyncCloudDisk2.0\app\core\task_registry.py", line 96, in _wrapped
    return await fn(model_instance, progress_callback, log_callback, *args, **kwargs)
           ^^^^^^^^^^^^^^^^^^^^^^^^^^^^^^^^^^^^^^^^^^^^^^^^^^^^^^^^^^^^^^^^^^^^^^^^^^
  File "D:\HLworkspace\temp\SyncCloudDisk2.0\app\flow\sync_new_movie_flow.py", line 307, in p6
    movies=await movie_repository.find(
           ^^^^^^^^^^^^^^^^^^^^^^^^^^^^
  File "D:\HLworkspace\temp\SyncCloudDisk2.0\app\database\movie_repository.py", line 209, in find
    return await self._generic_repo.find(
           ^^^^^^^^^^^^^^^^^^^^^^^^^^^^^^
  File "D:\HLworkspace\temp\SyncCloudDisk2.0\app\utils\generic_crud.py", line 233, in find
    return [self.model.parse_obj(d) for d in docs]
            ^^^^^^^^^^^^^^^^^^^^^^^
  File "D:\HLworkspace\temp\SyncCloudDisk2.0\.venv\Lib\site-packages\pydantic\main.py", line 1335, in parse_obj
    return cls.model_validate(obj)
           ^^^^^^^^^^^^^^^^^^^^^^^
  File "D:\HLworkspace\temp\SyncCloudDisk2.0\.venv\Lib\site-packages\pydantic\main.py", line 705, in model_validate
    return cls.__pydantic_validator__.validate_python(
           ^^^^^^^^^^^^^^^^^^^^^^^^^^^^^^^^^^^^^^^^^^^
pydantic_core._pydantic_core.ValidationError: 11 validation errors for Movie
episodes_info.26.air_time
  Value error, 无效的时间格式: , 应该使用 ISO 格式如 '20:00:00' [type=value_error, input_value='', input_type=str]
    For further information visit https://errors.pydantic.dev/2.11/v/value_error
episodes_info.27.air_time
  Value error, 无效的时间格式: , 应该使用 ISO 格式如 '20:00:00' [type=value_error, input_value='', input_type=str]
    For further information visit https://errors.pydantic.dev/2.11/v/value_error
episodes_info.28.air_time
  Value error, 无效的时间格式: , 应该使用 ISO 格式如 '20:00:00' [type=value_error, input_value='', input_type=str]
    For further information visit https://errors.pydantic.dev/2.11/v/value_error
episodes_info.29.air_time
  Value error, 无效的时间格式: , 应该使用 ISO 格式如 '20:00:00' [type=value_error, input_value='', input_type=str]
    For further information visit https://errors.pydantic.dev/2.11/v/value_error
episodes_info.30.air_time
  Value error, 无效的时间格式: , 应该使用 ISO 格式如 '20:00:00' [type=value_error, input_value='', input_type=str]
    For further information visit https://errors.pydantic.dev/2.11/v/value_error
episodes_info.31.air_time
  Value error, 无效的时间格式: , 应该使用 ISO 格式如 '20:00:00' [type=value_error, input_value='', input_type=str]
    For further information visit https://errors.pydantic.dev/2.11/v/value_error
episodes_info.32.air_time
  Value error, 无效的时间格式: , 应该使用 ISO 格式如 '20:00:00' [type=value_error, input_value='', input_type=str]
    For further information visit https://errors.pydantic.dev/2.11/v/value_error
episodes_info.33.air_time
  Value error, 无效的时间格式: , 应该使用 ISO 格式如 '20:00:00' [type=value_error, input_value='', input_type=str]
    For further information visit https://errors.pydantic.dev/2.11/v/value_error
episodes_info.34.air_time
  Value error, 无效的时间格式: , 应该使用 ISO 格式如 '20:00:00' [type=value_error, input_value='', input_type=str]
    For further information visit https://errors.pydantic.dev/2.11/v/value_error
episodes_info.35.air_time
  Value error, 无效的时间格式: , 应该使用 ISO 格式如 '20:00:00' [type=value_error, input_value='', input_type=str]
    For further information visit https://errors.pydantic.dev/2.11/v/value_error
episodes_info.36.air_time
  Value error, 无效的时间格式: , 应该使用 ISO 格式如 '20:00:00' [type=value_error, input_value='', input_type=str]
    For further information visit https://errors.pydantic.dev/2.11/v/value_error
2025-11-19 09:55:28 [INFO] telethon.client.updates:443 - Got difference for channel 1084638970 updates
2025-11-19 09:55:28 [INFO] telethon.client.updates:443 - Got difference for channel 2209378593 updates
2025-11-19 09:55:54 [INFO] app.core.scheduler:439 - CronScheduler loop cancelled
2025-11-19 09:56:56 [INFO] telethon.crypto.libssl:79 - Failed to load SSL library: <class 'OSError'> (no library called "ssl" found)
2025-11-19 09:56:56 [INFO] telethon.crypto.aes:25 - cryptg module not installed and libssl not found, falling back to (slower) Python encryption
2025-11-19 09:59:32 [INFO] telethon.crypto.libssl:79 - Failed to load SSL library: <class 'OSError'> (no library called "ssl" found)
2025-11-19 09:59:32 [INFO] telethon.crypto.aes:25 - cryptg module not installed and libssl not found, falling back to (slower) Python encryption
2025-11-19 10:00:12 [INFO] app.core.scheduler:572 - Loaded 5 cron jobs from DB
2025-11-19 10:00:12 [INFO] app.core.scheduler:123 - CronScheduler started (Beanie persistence)
2025-11-19 10:00:12 [INFO] app.core.scheduler:480 - Dispatching scheduled job 6f853106834c42dbb500a627c0aa1bbc -> 同步今日可更新影视资源到网盘
2025-11-19 10:00:12 [INFO] app.core.scheduler:506 - Scheduled job 6f853106834c42dbb500a627c0aa1bbc dispatched to task_manager
2025-11-19 10:00:12 [INFO] app.core.scheduler:480 - Dispatching scheduled job f8e4963f2a92414589a557957998c0a7 -> 将所有网盘已更新到最新进度的movie推送到平台
2025-11-19 10:00:12 [INFO] app.core.scheduler:506 - Scheduled job f8e4963f2a92414589a557957998c0a7 dispatched to task_manager
2025-11-19 10:00:12 [INFO] root:162 - [task 551a4fcc119b451caa68f37862bb6f4a] log handler attached for capture
2025-11-19 10:00:12 [INFO] root:162 - [task e25533bf59a44b81bf50f8e1c98719aa] log handler attached for capture
2025-11-19 10:00:12 [INFO] app.flow.sync_new_movie_flow:174 - 今日已到更新时间点的movie:[]
2025-11-19 10:00:12 [WARNING] app.flow.sync_new_movie_flow:179 - 这些movie由于tmdb_info为空无法同步：[]
2025-11-19 10:00:12 [INFO] app.flow.sync_new_movie_flow:319 - 将['赴山海', '欢乐家长群2', '暴风圈', '照镜辞', '漫威丧尸', '弥留之国的爱丽丝 第三季', '行骗天下KR', '健力士王朝', '犯罪现场 Zero', '科斯缇娜酒店', '和平使者 第二季', '入青云', '回魂计', '水龙吟', '锦月令', '四喜', '棕眼之谜', '三人行', '黑盒子', '大厨小婿', '乌蒙深处', '凤凰台上']发布至平台
2025-11-19 10:00:17 [INFO] app.core.scheduler:480 - Dispatching scheduled job c2e99644883b4e45970ae3659962985d -> 获取今日新的影视，从人人视频抓取
2025-11-19 10:00:17 [INFO] app.core.scheduler:506 - Scheduled job c2e99644883b4e45970ae3659962985d dispatched to task_manager
2025-11-19 10:00:17 [INFO] root:162 - [task dc9b6acf274241a1980a84e9c098ea15] log handler attached for capture
2025-11-19 10:00:18 [ERROR] app.modules.new_movie_metadata_collector.clients.renren_client:120 - renren client error: 'NoneType' object is not iterable
Traceback (most recent call last):
  File "D:\HLworkspace\temp\SyncCloudDisk2.0\app\modules\new_movie_metadata_collector\clients\renren_client.py", line 117, in get_date_movies
    result_data.extend(r['data']['content'])
TypeError: 'NoneType' object is not iterable
2025-11-19 10:05:00 [INFO] app.core.scheduler:480 - Dispatching scheduled job f8e4963f2a92414589a557957998c0a7 -> 将所有网盘已更新到最新进度的movie推送到平台
2025-11-19 10:05:00 [INFO] app.core.scheduler:506 - Scheduled job f8e4963f2a92414589a557957998c0a7 dispatched to task_manager
2025-11-19 10:05:00 [INFO] root:162 - [task 06d79314133e4cec9b74fdf2ee8a2f68] log handler attached for capture
2025-11-19 10:05:00 [INFO] app.flow.sync_new_movie_flow:319 - 将['赴山海', '欢乐家长群2', '暴风圈', '照镜辞', '漫威丧尸', '弥留之国的爱丽丝 第三季', '行骗天下KR', '健力士王朝', '犯罪现场 Zero', '科斯缇娜酒店', '和平使者 第二季', '入青云', '回魂计', '水龙吟', '锦月令', '四喜', '棕眼之谜', '三人行', '黑盒子', '大厨小婿', '乌蒙深处', '凤凰台上']发布至平台
2025-11-19 10:10:00 [INFO] app.core.scheduler:480 - Dispatching scheduled job f8e4963f2a92414589a557957998c0a7 -> 将所有网盘已更新到最新进度的movie推送到平台
2025-11-19 10:10:00 [INFO] app.core.scheduler:506 - Scheduled job f8e4963f2a92414589a557957998c0a7 dispatched to task_manager
2025-11-19 10:10:00 [INFO] root:162 - [task bd6217853aaa4060ad4c5f224aa506df] log handler attached for capture
2025-11-19 10:10:00 [INFO] app.flow.sync_new_movie_flow:319 - 将['赴山海', '欢乐家长群2', '暴风圈', '照镜辞', '漫威丧尸', '弥留之国的爱丽丝 第三季', '行骗天下KR', '健力士王朝', '犯罪现场 Zero', '科斯缇娜酒店', '和平使者 第二季', '入青云', '回魂计', '水龙吟', '锦月令', '四喜', '棕眼之谜', '三人行', '黑盒子', '大厨小婿', '乌蒙深处', '凤凰台上']发布至平台
2025-11-19 10:15:00 [INFO] app.core.scheduler:480 - Dispatching scheduled job 6f853106834c42dbb500a627c0aa1bbc -> 同步今日可更新影视资源到网盘
2025-11-19 10:15:00 [INFO] app.core.scheduler:506 - Scheduled job 6f853106834c42dbb500a627c0aa1bbc dispatched to task_manager
2025-11-19 10:15:00 [INFO] app.core.scheduler:480 - Dispatching scheduled job f8e4963f2a92414589a557957998c0a7 -> 将所有网盘已更新到最新进度的movie推送到平台
2025-11-19 10:15:00 [INFO] app.core.scheduler:506 - Scheduled job f8e4963f2a92414589a557957998c0a7 dispatched to task_manager
2025-11-19 10:15:00 [INFO] root:162 - [task 43dffe2f225b4e829c5055c2046d098d] log handler attached for capture
2025-11-19 10:15:00 [INFO] root:162 - [task 5a8476c6723a4f24b1b89fd87dfc7100] log handler attached for capture
2025-11-19 10:15:00 [INFO] app.flow.sync_new_movie_flow:174 - 今日已到更新时间点的movie:[]
2025-11-19 10:15:00 [WARNING] app.flow.sync_new_movie_flow:179 - 这些movie由于tmdb_info为空无法同步：[]
2025-11-19 10:15:00 [INFO] app.flow.sync_new_movie_flow:319 - 将['赴山海', '欢乐家长群2', '暴风圈', '照镜辞', '漫威丧尸', '弥留之国的爱丽丝 第三季', '行骗天下KR', '健力士王朝', '犯罪现场 Zero', '科斯缇娜酒店', '和平使者 第二季', '入青云', '回魂计', '水龙吟', '锦月令', '四喜', '棕眼之谜', '三人行', '黑盒子', '大厨小婿', '乌蒙深处', '凤凰台上']发布至平台
2025-11-19 10:15:38 [INFO] app.core.scheduler:439 - CronScheduler loop cancelled
2025-11-19 10:16:52 [INFO] telethon.crypto.libssl:79 - Failed to load SSL library: <class 'OSError'> (no library called "ssl" found)
2025-11-19 10:16:52 [INFO] telethon.crypto.aes:25 - cryptg module not installed and libssl not found, falling back to (slower) Python encryption
2025-11-19 10:16:52 [ERROR] asyncio:1785 - Exception in callback _ProactorBasePipeTransport._call_connection_lost(None)
handle: <Handle _ProactorBasePipeTransport._call_connection_lost(None)>
Traceback (most recent call last):
  File "C:\Users\helon\AppData\Local\Programs\Python\Python312\Lib\asyncio\events.py", line 84, in _run
    self._context.run(self._callback, *self._args)
  File "C:\Users\helon\AppData\Local\Programs\Python\Python312\Lib\asyncio\proactor_events.py", line 165, in _call_connection_lost
    self._sock.shutdown(socket.SHUT_RDWR)
ConnectionResetError: [WinError 10054] 远程主机强迫关闭了一个现有的连接。
2025-11-19 11:23:35 [INFO] app.modules.storage_operations.interfaces.cloud_disk_operator_interface:179 - 开始重建目录：\资源分享\TV
2025-11-19 11:23:35 [INFO] app.modules.storage_operations.interfaces.cloud_disk_operator_interface:184 - 正在获取子文件列表...
2025-11-19 11:23:36 [INFO] app.modules.storage_operations.interfaces.cloud_disk_operator_interface:186 - 获取到子文件数量: 3
2025-11-19 11:23:36 [INFO] app.modules.storage_operations.interfaces.cloud_disk_operator_interface:189 - 正在确保临时目录存在: \资源分享\TV_temp
2025-11-19 11:23:37 [WARNING] __main__:86 - 未get到\资源分享\TV_temp:list index out of range
2025-11-19 11:23:39 [INFO] app.modules.storage_operations.interfaces.cloud_disk_operator_interface:192 - 开始将文件移动至临时目录...
2025-11-19 11:23:41 [INFO] app.modules.storage_operations.interfaces.cloud_disk_operator_interface:194 - 文件移动成功，正在删除原目录索引...
2025-11-19 11:25:56 [INFO] app.modules.storage_operations.interfaces.cloud_disk_operator_interface:179 - 开始重建目录：\资源分享\TV
2025-11-19 11:25:57 [INFO] app.modules.storage_operations.interfaces.cloud_disk_operator_interface:184 - 正在获取子文件列表...
2025-11-19 11:25:57 [INFO] app.modules.storage_operations.interfaces.cloud_disk_operator_interface:186 - 获取到子文件数量: 0
2025-11-19 11:25:57 [INFO] app.modules.storage_operations.interfaces.cloud_disk_operator_interface:189 - 正在确保临时目录存在: \资源分享\TV_temp
2025-11-19 11:25:58 [INFO] app.modules.storage_operations.interfaces.cloud_disk_operator_interface:192 - 开始将文件移动至临时目录...
2025-11-19 11:25:59 [ERROR] app.modules.storage_operations.interfaces.cloud_disk_operator_interface:205 - 文件移到失败
2025-11-19 11:32:38 [INFO] app.modules.storage_operations.interfaces.cloud_disk_operator_interface:179 - 开始重建目录：\资源分享\TV
2025-11-19 11:32:39 [INFO] app.modules.storage_operations.interfaces.cloud_disk_operator_interface:184 - 正在获取子文件列表...
2025-11-19 11:32:40 [INFO] app.modules.storage_operations.interfaces.cloud_disk_operator_interface:186 - 获取到子文件数量: 0
2025-11-19 11:32:40 [INFO] app.modules.storage_operations.interfaces.cloud_disk_operator_interface:189 - 正在确保临时目录存在: \资源分享\TV_temp
2025-11-19 11:32:41 [INFO] app.modules.storage_operations.interfaces.cloud_disk_operator_interface:192 - 开始将文件移动至临时目录...
2025-11-19 11:32:42 [ERROR] app.modules.storage_operations.interfaces.cloud_disk_operator_interface:205 - 文件移到失败
2025-11-19 11:34:37 [INFO] app.modules.storage_operations.interfaces.cloud_disk_operator_interface:179 - 开始重建目录：\资源分享\TV
2025-11-19 11:34:37 [INFO] app.modules.storage_operations.interfaces.cloud_disk_operator_interface:184 - 正在获取子文件列表...
2025-11-19 11:34:38 [INFO] app.modules.storage_operations.interfaces.cloud_disk_operator_interface:186 - 获取到子文件数量: 0
2025-11-19 11:34:38 [INFO] app.modules.storage_operations.interfaces.cloud_disk_operator_interface:189 - 正在确保临时目录存在: \资源分享\TV_temp
2025-11-19 11:34:39 [INFO] app.modules.storage_operations.interfaces.cloud_disk_operator_interface:192 - 开始将文件移动至临时目录...
2025-11-19 11:34:40 [ERROR] app.modules.storage_operations.interfaces.cloud_disk_operator_interface:205 - 文件移到失败
2025-11-19 11:35:23 [INFO] app.modules.storage_operations.interfaces.cloud_disk_operator_interface:179 - 开始重建目录：\资源分享\TV\测试
2025-11-19 11:35:23 [WARNING] __main__:86 - 未get到\资源分享\TV\测试:list index out of range
2025-11-19 11:35:23 [INFO] app.modules.storage_operations.interfaces.cloud_disk_operator_interface:182 - 云盘无该文件目录，无需重建
2025-11-19 11:35:50 [INFO] app.modules.storage_operations.interfaces.cloud_disk_operator_interface:179 - 开始重建目录：\资源分享\TV\测试
2025-11-19 11:35:51 [INFO] app.modules.storage_operations.interfaces.cloud_disk_operator_interface:184 - 正在获取子文件列表...
2025-11-19 11:35:52 [INFO] app.modules.storage_operations.interfaces.cloud_disk_operator_interface:186 - 获取到子文件数量: 1
2025-11-19 11:35:52 [INFO] app.modules.storage_operations.interfaces.cloud_disk_operator_interface:189 - 正在确保临时目录存在: \资源分享\TV\测试_temp
2025-11-19 11:35:53 [WARNING] __main__:86 - 未get到\资源分享\TV\测试_temp:list index out of range
2025-11-19 11:35:54 [ERROR] __main__:118 - 目录创建失败,path=/资源分享/TV/测试_temp,name=4295quark,error=创建/资源分享/TV/测试_temp失败：<bound method ClientResponse.text of <ClientResponse(https://drive-pc.quark.cn/1/clouddrive/file?pr=ucpro&fr=pc&uc_param_str=) [404 None]>
<CIMultiDictProxy('Date': 'Wed, 19 Nov 2025 03:35:54 GMT', 'Content-Type': 'application/json;charset=UTF-8', 'Transfer-Encoding': 'chunked', 'Connection': 'keep-alive', 'Server': 'Tengine', 'Vary': 'Accept-Encoding', 'X-Content-Type-Options': 'nosniff', 'X-XSS-Protection': '1; mode=block', 'Cache-Control': 'no-cache, no-store, max-age=0, must-revalidate', 'Pragma': 'no-cache', 'Expires': '0', 'X-Frame-Options': 'DENY', 'Strict-Transport-Security': 'max-age=31536000 ; includeSubDomains', 'X-Application-Context': 'clouddrive-api:dev,online,quark:9019', 'x-req-id': '95tnrl-27fc8dd0bb1e20', 'Access-Control-Allow-Origin': 'https://pan.quark.cn', 'Vary': 'Origin', 'Access-Control-Allow-Credentials': 'true', 'Content-Encoding': 'gzip', 'EagleEye-TraceId': '2104f3d617635233539701702ea9af')>
>
2025-11-19 11:35:54 [INFO] app.modules.storage_operations.interfaces.cloud_disk_operator_interface:192 - 开始将文件移动至临时目录...
2025-11-19 11:35:54 [ERROR] app.modules.storage_operations.interfaces.cloud_disk_operator_interface:205 - 文件移到失败
2025-11-19 11:38:00 [INFO] app.modules.storage_operations.interfaces.cloud_disk_operator_interface:179 - 开始重建目录：\资源分享\TV\测试
2025-11-19 11:38:00 [INFO] app.modules.storage_operations.interfaces.cloud_disk_operator_interface:184 - 正在获取子文件列表...
2025-11-19 11:38:01 [INFO] app.modules.storage_operations.interfaces.cloud_disk_operator_interface:186 - 获取到子文件数量: 1
2025-11-19 11:38:01 [INFO] app.modules.storage_operations.interfaces.cloud_disk_operator_interface:189 - 正在确保临时目录存在: \资源分享\TV\测试_t
2025-11-19 11:38:02 [WARNING] __main__:86 - 未get到\资源分享\TV\测试_t:list index out of range
2025-11-19 11:38:04 [INFO] app.modules.storage_operations.interfaces.cloud_disk_operator_interface:192 - 开始将文件移动至临时目录...
2025-11-19 11:38:06 [INFO] app.modules.storage_operations.interfaces.cloud_disk_operator_interface:194 - 文件移动成功，正在删除原目录索引...
2025-11-19 11:39:26 [INFO] app.modules.storage_operations.interfaces.cloud_disk_operator_interface:179 - 开始重建目录：\资源分享\TV\测试
2025-11-19 11:39:26 [INFO] app.modules.storage_operations.interfaces.cloud_disk_operator_interface:184 - 正在获取子文件列表...
2025-11-19 11:39:27 [INFO] app.modules.storage_operations.interfaces.cloud_disk_operator_interface:186 - 获取到子文件数量: 0
2025-11-19 11:39:27 [INFO] app.modules.storage_operations.interfaces.cloud_disk_operator_interface:189 - 正在确保临时目录存在: \资源分享\TV\测试_t
2025-11-19 11:39:28 [INFO] app.modules.storage_operations.interfaces.cloud_disk_operator_interface:192 - 开始将文件移动至临时目录...
2025-11-19 11:39:29 [ERROR] app.modules.storage_operations.interfaces.cloud_disk_operator_interface:205 - 文件移到失败
2025-11-19 11:40:32 [INFO] app.modules.storage_operations.interfaces.cloud_disk_operator_interface:179 - 开始重建目录：\资源分享\TV\测试
2025-11-19 11:40:32 [INFO] app.modules.storage_operations.interfaces.cloud_disk_operator_interface:184 - 正在获取子文件列表...
2025-11-19 11:40:33 [INFO] app.modules.storage_operations.interfaces.cloud_disk_operator_interface:186 - 获取到子文件数量: 1
2025-11-19 11:40:33 [INFO] app.modules.storage_operations.interfaces.cloud_disk_operator_interface:189 - 正在确保临时目录存在: \资源分享\TV\测试_t
2025-11-19 11:40:34 [WARNING] __main__:86 - 未get到\资源分享\TV\测试_t:list index out of range
2025-11-19 11:40:36 [INFO] app.modules.storage_operations.interfaces.cloud_disk_operator_interface:192 - 开始将文件移动至临时目录...
2025-11-19 11:40:38 [INFO] app.modules.storage_operations.interfaces.cloud_disk_operator_interface:194 - 文件移动成功，正在删除原目录索引...
2025-11-19 11:40:40 [INFO] app.modules.storage_operations.interfaces.cloud_disk_operator_interface:198 - 正在将临时目录重命名还原为: 测试
2025-11-19 11:40:41 [INFO] app.modules.storage_operations.interfaces.cloud_disk_operator_interface:200 - 重命名成功，目录重建完成: /资源分享/TV/测试
2025-11-21 11:28:00 [INFO] app.modules.storage_operations.interfaces.cloud_disk_operator_interface:179 - 开始重建目录：\资源分享\TV\China\2025\tian-D-佥-刀-丿-乚-丶-丶
2025-11-21 11:28:00 [INFO] app.modules.storage_operations.interfaces.cloud_disk_operator_interface:179 - 开始重建目录：\资源分享\TV\China\2025\T-D-剑-X
2025-11-21 11:28:00 [INFO] app.modules.storage_operations.interfaces.cloud_disk_operator_interface:179 - 开始重建目录：\资源分享\TV\China\2025\一-大-D-J-丿-乚-丶-丶
2025-11-21 11:28:01 [WARNING] app.modules.storage_operations.services.quark_cloud_operator:86 - 未get到\资源分享\TV\China\2025\T-D-剑-X:list index out of range
2025-11-21 11:28:01 [INFO] app.modules.storage_operations.interfaces.cloud_disk_operator_interface:182 - 云盘无该文件目录，无需重建
2025-11-21 11:28:01 [INFO] app.modules.storage_operations.clients.baidu_cloud_client:122 - 已成功连接百度网盘(4295baidu)
2025-11-21 11:28:01 [WARNING] app.modules.storage_operations.services.quark_cloud_operator:86 - 未get到\资源分享\TV\China\2025\一-大-D-J-丿-乚-丶-丶:list index out of range
2025-11-21 11:28:01 [INFO] app.modules.storage_operations.interfaces.cloud_disk_operator_interface:182 - 云盘无该文件目录，无需重建
2025-11-21 11:28:02 [WARNING] app.modules.storage_operations.services.quark_cloud_operator:86 - 未get到\资源分享\TV\China\2025\T-D-剑-X:list index out of range
2025-11-21 11:30:18 [INFO] app.modules.storage_operations.interfaces.cloud_disk_operator_interface:179 - 开始重建目录：\资源分享\TV\China\2025\tian-D-佥-刀-丿-乚-丶-丶
2025-11-21 11:30:18 [INFO] app.modules.storage_operations.interfaces.cloud_disk_operator_interface:179 - 开始重建目录：\资源分享\TV\China\2025\T-D-剑-X
2025-11-21 11:30:18 [INFO] app.modules.storage_operations.interfaces.cloud_disk_operator_interface:179 - 开始重建目录：\资源分享\TV\China\2025\一-大-D-J-丿-乚-丶-丶
2025-11-21 11:30:18 [WARNING] app.modules.storage_operations.services.quark_cloud_operator:86 - 未get到\资源分享\TV\China\2025\T-D-剑-X:list index out of range
2025-11-21 11:30:18 [INFO] app.modules.storage_operations.interfaces.cloud_disk_operator_interface:182 - 云盘无该文件目录，无需重建
2025-11-21 11:30:18 [WARNING] app.modules.storage_operations.services.quark_cloud_operator:86 - 未get到\资源分享\TV\China\2025\一-大-D-J-丿-乚-丶-丶:list index out of range
2025-11-21 11:30:18 [INFO] app.modules.storage_operations.interfaces.cloud_disk_operator_interface:182 - 云盘无该文件目录，无需重建
2025-11-21 11:30:18 [INFO] app.modules.storage_operations.clients.baidu_cloud_client:122 - 已成功连接百度网盘(4295baidu)
2025-11-21 11:30:19 [WARNING] app.modules.storage_operations.services.quark_cloud_operator:86 - 未get到\资源分享\TV\China\2025\一-大-D-J-丿-乚-丶-丶:list index out of range
2025-11-21 11:30:19 [ERROR] app.modules.storage_operations.services.quark_cloud_operator:151 - ❌创建分享链接失败，child_files:[]
2025-11-21 11:30:19 [WARNING] app.modules.storage_operations.services.quark_cloud_operator:86 - 未get到\资源分享\TV\China\2025\T-D-剑-X:list index out of range
2025-11-21 11:30:19 [ERROR] app.modules.storage_operations.services.quark_cloud_operator:151 - ❌创建分享链接失败，child_files:[]
2025-11-21 11:30:19 [WARNING] app.modules.storage_operations.services.baidu_cloud_operator:128 - 未get到\资源分享\TV\China\2025\tian-D-佥-刀-丿-乚-丶-丶:'NoneType' object is not subscriptable
2025-11-21 11:30:19 [INFO] app.modules.storage_operations.interfaces.cloud_disk_operator_interface:182 - 云盘无该文件目录，无需重建
2025-11-21 11:32:14 [INFO] app.modules.storage_operations.interfaces.cloud_disk_operator_interface:179 - 开始重建目录：\资源分享\TV\China\2025\tian-D-佥-刀-丿-乚-丶-丶
2025-11-21 11:32:14 [INFO] app.modules.storage_operations.interfaces.cloud_disk_operator_interface:179 - 开始重建目录：\资源分享\TV\China\2025\T-D-剑-X
2025-11-21 11:32:14 [INFO] app.modules.storage_operations.interfaces.cloud_disk_operator_interface:179 - 开始重建目录：\资源分享\TV\China\2025\一-大-D-J-丿-乚-丶-丶
2025-11-21 11:32:14 [WARNING] app.modules.storage_operations.services.quark_cloud_operator:86 - 未get到\资源分享\TV\China\2025\T-D-剑-X:list index out of range
2025-11-21 11:32:14 [INFO] app.modules.storage_operations.interfaces.cloud_disk_operator_interface:182 - 云盘无该文件目录，无需重建
2025-11-21 11:32:14 [WARNING] app.modules.storage_operations.services.quark_cloud_operator:86 - 未get到\资源分享\TV\China\2025\一-大-D-J-丿-乚-丶-丶:list index out of range
2025-11-21 11:32:14 [INFO] app.modules.storage_operations.interfaces.cloud_disk_operator_interface:182 - 云盘无该文件目录，无需重建
2025-11-21 11:32:14 [INFO] app.modules.storage_operations.clients.baidu_cloud_client:122 - 已成功连接百度网盘(4295baidu)
2025-11-21 11:32:15 [WARNING] app.modules.storage_operations.services.quark_cloud_operator:86 - 未get到\资源分享\TV\China\2025\T-D-剑-X:list index out of range
2025-11-21 11:32:15 [ERROR] app.modules.storage_operations.services.quark_cloud_operator:151 - ❌创建分享链接失败，child_files:[]
2025-11-21 11:32:15 [WARNING] app.modules.storage_operations.services.quark_cloud_operator:86 - 未get到\资源分享\TV\China\2025\一-大-D-J-丿-乚-丶-丶:list index out of range
2025-11-21 11:32:15 [ERROR] app.modules.storage_operations.services.quark_cloud_operator:151 - ❌创建分享链接失败，child_files:[]
2025-11-21 11:32:15 [WARNING] app.modules.storage_operations.services.baidu_cloud_operator:128 - 未get到\资源分享\TV\China\2025\tian-D-佥-刀-丿-乚-丶-丶:'NoneType' object is not subscriptable
2025-11-21 11:32:15 [INFO] app.modules.storage_operations.interfaces.cloud_disk_operator_interface:182 - 云盘无该文件目录，无需重建
2025-11-21 11:38:01 [INFO] app.modules.storage_operations.interfaces.cloud_disk_operator_interface:179 - 开始重建目录：\资源分享\TV\China\2025\tian-D-佥-刀-丿-乚-丶-丶
2025-11-21 11:38:01 [INFO] app.modules.storage_operations.interfaces.cloud_disk_operator_interface:179 - 开始重建目录：\资源分享\TV\China\2025\T-D-剑-X
2025-11-21 11:38:01 [INFO] app.modules.storage_operations.interfaces.cloud_disk_operator_interface:179 - 开始重建目录：\资源分享\TV\China\2025\一-大-D-J-丿-乚-丶-丶
2025-11-21 11:38:01 [WARNING] app.modules.storage_operations.services.quark_cloud_operator:86 - 未get到\资源分享\TV\China\2025\T-D-剑-X:list index out of range
2025-11-21 11:38:01 [INFO] app.modules.storage_operations.interfaces.cloud_disk_operator_interface:182 - 云盘无该文件目录，无需重建
2025-11-21 11:38:01 [WARNING] app.modules.storage_operations.services.quark_cloud_operator:86 - 未get到\资源分享\TV\China\2025\一-大-D-J-丿-乚-丶-丶:list index out of range
2025-11-21 11:38:01 [INFO] app.modules.storage_operations.interfaces.cloud_disk_operator_interface:182 - 云盘无该文件目录，无需重建
2025-11-21 11:38:01 [INFO] app.modules.storage_operations.clients.baidu_cloud_client:122 - 已成功连接百度网盘(4295baidu)
2025-11-21 11:38:02 [WARNING] app.modules.storage_operations.services.quark_cloud_operator:86 - 未get到\资源分享\TV\China\2025\T-D-剑-X:list index out of range
2025-11-21 11:38:02 [ERROR] app.modules.storage_operations.services.quark_cloud_operator:151 - ❌创建分享链接失败，child_files:[]
2025-11-21 11:38:02 [WARNING] app.modules.storage_operations.services.quark_cloud_operator:86 - 未get到\资源分享\TV\China\2025\一-大-D-J-丿-乚-丶-丶:list index out of range
2025-11-21 11:38:02 [ERROR] app.modules.storage_operations.services.quark_cloud_operator:151 - ❌创建分享链接失败，child_files:[]
2025-11-21 11:38:02 [WARNING] app.modules.storage_operations.services.baidu_cloud_operator:128 - 未get到\资源分享\TV\China\2025\tian-D-佥-刀-丿-乚-丶-丶:'NoneType' object is not subscriptable
2025-11-21 11:38:02 [INFO] app.modules.storage_operations.interfaces.cloud_disk_operator_interface:182 - 云盘无该文件目录，无需重建
2025-11-21 11:38:03 [WARNING] app.modules.storage_operations.services.baidu_cloud_operator:128 - 未get到\资源分享\TV\China\2025\tian-D-佥-刀-丿-乚-丶-丶:'NoneType' object is not subscriptable
2025-11-21 11:38:03 [ERROR] app.modules.storage_operations.services.baidu_cloud_operator:184 - ❌创建分享链接失败，child_files:[]
2025-11-21 11:38:03 [INFO] app.modules.storage_operations.interfaces.cloud_disk_operator_interface:179 - 开始重建目录：\资源分享\TV\China\2025\水龙吟
2025-11-21 11:38:03 [INFO] app.modules.storage_operations.interfaces.cloud_disk_operator_interface:179 - 开始重建目录：\资源分享\TV\China\2025\水-龙-吟
2025-11-21 11:38:03 [INFO] app.modules.storage_operations.interfaces.cloud_disk_operator_interface:179 - 开始重建目录：\资源分享\TV\China\2025\shui-尤-丿-口-今
2025-11-21 11:38:03 [WARNING] app.modules.storage_operations.services.quark_cloud_operator:86 - 未get到\资源分享\TV\China\2025\水-龙-吟:list index out of range
2025-11-21 11:38:03 [INFO] app.modules.storage_operations.interfaces.cloud_disk_operator_interface:182 - 云盘无该文件目录，无需重建
2025-11-21 11:38:03 [WARNING] app.modules.storage_operations.services.quark_cloud_operator:86 - 未get到\资源分享\TV\China\2025\shui-尤-丿-口-今:list index out of range
2025-11-21 11:38:03 [INFO] app.modules.storage_operations.interfaces.cloud_disk_operator_interface:182 - 云盘无该文件目录，无需重建
2025-11-21 11:38:04 [INFO] app.modules.storage_operations.interfaces.cloud_disk_operator_interface:184 - 正在获取子文件列表...
2025-11-21 11:38:04 [WARNING] app.modules.storage_operations.services.quark_cloud_operator:86 - 未get到\资源分享\TV\China\2025\水-龙-吟:list index out of range
2025-11-21 11:38:04 [ERROR] app.modules.storage_operations.services.quark_cloud_operator:151 - ❌创建分享链接失败，child_files:[]
2025-11-21 11:38:04 [WARNING] app.modules.storage_operations.services.quark_cloud_operator:86 - 未get到\资源分享\TV\China\2025\shui-尤-丿-口-今:list index out of range
2025-11-21 11:38:04 [ERROR] app.modules.storage_operations.services.quark_cloud_operator:151 - ❌创建分享链接失败，child_files:[]
2025-11-21 11:38:05 [INFO] app.modules.storage_operations.interfaces.cloud_disk_operator_interface:186 - 获取到子文件数量: 40
2025-11-21 11:38:05 [INFO] app.modules.storage_operations.interfaces.cloud_disk_operator_interface:189 - 正在确保临时目录存在: \资源分享\TV\China\2025\水龙吟_t
2025-11-21 11:38:06 [WARNING] app.modules.storage_operations.services.baidu_cloud_operator:128 - 未get到\资源分享\TV\China\2025\水龙吟_t:'NoneType' object is not subscriptable
2025-11-21 11:38:09 [INFO] app.modules.storage_operations.interfaces.cloud_disk_operator_interface:192 - 开始将文件移动至临时目录...
2025-11-21 11:38:11 [INFO] app.modules.storage_operations.interfaces.cloud_disk_operator_interface:194 - 文件移动成功，正在删除原目录索引...
2025-11-21 11:38:12 [INFO] app.modules.storage_operations.interfaces.cloud_disk_operator_interface:198 - 正在将临时目录重命名还原为: 水龙吟
2025-11-21 11:38:12 [INFO] app.modules.storage_operations.interfaces.cloud_disk_operator_interface:200 - 重命名成功，目录重建完成: /资源分享/TV/China/2025/水龙吟
2025-11-21 11:38:15 [INFO] app.modules.storage_operations.services.baidu_cloud_operator:200 - ✅创建分享链接：https://pan.baidu.com/s/1GkI7bx8ytVlwXFcpLYVvvQ?pwd=8u62
2025-11-21 11:38:15 [INFO] app.modules.storage_operations.interfaces.cloud_disk_operator_interface:179 - 开始重建目录：\资源分享\TV\China\2025\红石榴餐厅
2025-11-21 11:38:15 [INFO] app.modules.storage_operations.interfaces.cloud_disk_operator_interface:179 - 开始重建目录：\资源分享\TV\China\2025\红石榴餐厅
2025-11-21 11:38:15 [INFO] app.modules.storage_operations.interfaces.cloud_disk_operator_interface:179 - 开始重建目录：\资源分享\TV\China\2025\红石榴餐厅
2025-11-21 11:38:16 [INFO] app.modules.storage_operations.interfaces.cloud_disk_operator_interface:184 - 正在获取子文件列表...
2025-11-21 11:38:16 [INFO] app.modules.storage_operations.interfaces.cloud_disk_operator_interface:184 - 正在获取子文件列表...
2025-11-21 11:38:16 [INFO] app.modules.storage_operations.interfaces.cloud_disk_operator_interface:184 - 正在获取子文件列表...
2025-11-21 11:38:17 [INFO] app.modules.storage_operations.interfaces.cloud_disk_operator_interface:186 - 获取到子文件数量: 9
2025-11-21 11:38:17 [INFO] app.modules.storage_operations.interfaces.cloud_disk_operator_interface:189 - 正在确保临时目录存在: \资源分享\TV\China\2025\红石榴餐厅_t
2025-11-21 11:38:17 [INFO] app.modules.storage_operations.interfaces.cloud_disk_operator_interface:186 - 获取到子文件数量: 9
2025-11-21 11:38:17 [INFO] app.modules.storage_operations.interfaces.cloud_disk_operator_interface:189 - 正在确保临时目录存在: \资源分享\TV\China\2025\红石榴餐厅_t
2025-11-21 11:38:17 [INFO] app.modules.storage_operations.interfaces.cloud_disk_operator_interface:186 - 获取到子文件数量: 9
2025-11-21 11:38:17 [INFO] app.modules.storage_operations.interfaces.cloud_disk_operator_interface:189 - 正在确保临时目录存在: \资源分享\TV\China\2025\红石榴餐厅_t
2025-11-21 11:38:18 [WARNING] app.modules.storage_operations.services.quark_cloud_operator:86 - 未get到\资源分享\TV\China\2025\红石榴餐厅_t:list index out of range
2025-11-21 11:38:18 [WARNING] app.modules.storage_operations.services.quark_cloud_operator:86 - 未get到\资源分享\TV\China\2025\红石榴餐厅_t:list index out of range
2025-11-21 11:38:18 [WARNING] app.modules.storage_operations.services.baidu_cloud_operator:128 - 未get到\资源分享\TV\China\2025\红石榴餐厅_t:'NoneType' object is not subscriptable
2025-11-21 11:38:20 [INFO] app.modules.storage_operations.interfaces.cloud_disk_operator_interface:192 - 开始将文件移动至临时目录...
2025-11-21 11:38:20 [INFO] app.modules.storage_operations.interfaces.cloud_disk_operator_interface:192 - 开始将文件移动至临时目录...
2025-11-21 11:38:21 [INFO] app.modules.storage_operations.interfaces.cloud_disk_operator_interface:192 - 开始将文件移动至临时目录...
2025-11-21 11:38:22 [INFO] app.modules.storage_operations.interfaces.cloud_disk_operator_interface:194 - 文件移动成功，正在删除原目录索引...
2025-11-21 11:38:22 [INFO] app.modules.storage_operations.interfaces.cloud_disk_operator_interface:194 - 文件移动成功，正在删除原目录索引...
2025-11-21 11:38:23 [INFO] app.modules.storage_operations.interfaces.cloud_disk_operator_interface:198 - 正在将临时目录重命名还原为: 红石榴餐厅
2025-11-21 11:38:24 [INFO] app.modules.storage_operations.interfaces.cloud_disk_operator_interface:198 - 正在将临时目录重命名还原为: 红石榴餐厅
2025-11-21 11:38:24 [INFO] app.modules.storage_operations.interfaces.cloud_disk_operator_interface:194 - 文件移动成功，正在删除原目录索引...
2025-11-21 11:38:25 [INFO] app.modules.storage_operations.interfaces.cloud_disk_operator_interface:200 - 重命名成功，目录重建完成: /资源分享/TV/China/2025/红石榴餐厅
2025-11-21 11:38:25 [INFO] app.modules.storage_operations.interfaces.cloud_disk_operator_interface:198 - 正在将临时目录重命名还原为: 红石榴餐厅
2025-11-21 11:38:26 [INFO] app.modules.storage_operations.interfaces.cloud_disk_operator_interface:200 - 重命名成功，目录重建完成: /资源分享/TV/China/2025/红石榴餐厅
2025-11-21 11:38:26 [INFO] app.modules.storage_operations.interfaces.cloud_disk_operator_interface:200 - 重命名成功，目录重建完成: /资源分享/TV/China/2025/红石榴餐厅
2025-11-21 11:38:28 [INFO] app.modules.storage_operations.services.baidu_cloud_operator:200 - ✅创建分享链接：https://pan.baidu.com/s/1ynVOlyVlj1G_dXrP-32yDw?pwd=8u62
2025-11-21 11:38:29 [INFO] app.modules.storage_operations.services.quark_cloud_operator:164 - ✅创建分享链接：https://pan.quark.cn/s/8d94bf11046e
2025-11-21 11:38:30 [INFO] app.modules.storage_operations.services.quark_cloud_operator:164 - ✅创建分享链接：https://pan.quark.cn/s/1ad738dca779
2025-11-21 11:38:30 [INFO] app.modules.storage_operations.interfaces.cloud_disk_operator_interface:179 - 开始重建目录：\资源分享\TV\Other\2025\人浮于爱
2025-11-21 11:38:30 [INFO] app.modules.storage_operations.interfaces.cloud_disk_operator_interface:179 - 开始重建目录：\资源分享\TV\Other\2025\人浮于爱
2025-11-21 11:38:30 [INFO] app.modules.storage_operations.interfaces.cloud_disk_operator_interface:179 - 开始重建目录：\资源分享\TV\Other\2025\人浮于爱
2025-11-21 11:38:30 [WARNING] app.modules.storage_operations.services.quark_cloud_operator:86 - 未get到\资源分享\TV\Other\2025\人浮于爱:list index out of range
2025-11-21 11:38:30 [INFO] app.modules.storage_operations.interfaces.cloud_disk_operator_interface:182 - 云盘无该文件目录，无需重建
2025-11-21 11:38:30 [WARNING] app.modules.storage_operations.services.baidu_cloud_operator:128 - 未get到\资源分享\TV\Other\2025\人浮于爱:'NoneType' object is not subscriptable
2025-11-21 11:38:30 [INFO] app.modules.storage_operations.interfaces.cloud_disk_operator_interface:182 - 云盘无该文件目录，无需重建
2025-11-21 11:38:31 [WARNING] app.modules.storage_operations.services.quark_cloud_operator:86 - 未get到\资源分享\TV\Other\2025\人浮于爱:list index out of range
2025-11-21 11:38:31 [INFO] app.modules.storage_operations.interfaces.cloud_disk_operator_interface:182 - 云盘无该文件目录，无需重建
2025-11-21 11:38:31 [WARNING] app.modules.storage_operations.services.quark_cloud_operator:86 - 未get到\资源分享\TV\Other\2025\人浮于爱:list index out of range
2025-11-21 11:38:31 [ERROR] app.modules.storage_operations.services.quark_cloud_operator:151 - ❌创建分享链接失败，child_files:[]
2025-11-21 11:38:31 [WARNING] app.modules.storage_operations.services.baidu_cloud_operator:128 - 未get到\资源分享\TV\Other\2025\人浮于爱:'NoneType' object is not subscriptable
2025-11-21 11:38:31 [ERROR] app.modules.storage_operations.services.baidu_cloud_operator:184 - ❌创建分享链接失败，child_files:[]
2025-11-21 11:38:32 [WARNING] app.modules.storage_operations.services.quark_cloud_operator:86 - 未get到\资源分享\TV\Other\2025\人浮于爱:list index out of range
2025-11-21 11:38:32 [ERROR] app.modules.storage_operations.services.quark_cloud_operator:151 - ❌创建分享链接失败，child_files:[]
2025-11-21 11:38:32 [INFO] app.modules.storage_operations.interfaces.cloud_disk_operator_interface:179 - 开始重建目录：\资源分享\TV\China\2025\重影
2025-11-21 11:38:32 [INFO] app.modules.storage_operations.interfaces.cloud_disk_operator_interface:179 - 开始重建目录：\资源分享\TV\China\2025\重影
2025-11-21 11:38:32 [INFO] app.modules.storage_operations.interfaces.cloud_disk_operator_interface:179 - 开始重建目录：\资源分享\TV\China\2025\重影
2025-11-21 11:38:32 [WARNING] app.modules.storage_operations.services.quark_cloud_operator:86 - 未get到\资源分享\TV\China\2025\重影:list index out of range
2025-11-21 11:38:32 [INFO] app.modules.storage_operations.interfaces.cloud_disk_operator_interface:182 - 云盘无该文件目录，无需重建
2025-11-21 11:38:32 [WARNING] app.modules.storage_operations.services.baidu_cloud_operator:128 - 未get到\资源分享\TV\China\2025\重影:'NoneType' object is not subscriptable
2025-11-21 11:38:32 [INFO] app.modules.storage_operations.interfaces.cloud_disk_operator_interface:182 - 云盘无该文件目录，无需重建
2025-11-21 11:38:33 [WARNING] app.modules.storage_operations.services.quark_cloud_operator:86 - 未get到\资源分享\TV\China\2025\重影:list index out of range
2025-11-21 11:38:33 [INFO] app.modules.storage_operations.interfaces.cloud_disk_operator_interface:182 - 云盘无该文件目录，无需重建
2025-11-21 11:38:33 [WARNING] app.modules.storage_operations.services.quark_cloud_operator:86 - 未get到\资源分享\TV\China\2025\重影:list index out of range
2025-11-21 11:38:33 [ERROR] app.modules.storage_operations.services.quark_cloud_operator:151 - ❌创建分享链接失败，child_files:[]
2025-11-21 11:38:33 [WARNING] app.modules.storage_operations.services.baidu_cloud_operator:128 - 未get到\资源分享\TV\China\2025\重影:'NoneType' object is not subscriptable
2025-11-21 11:38:33 [ERROR] app.modules.storage_operations.services.baidu_cloud_operator:184 - ❌创建分享链接失败，child_files:[]
2025-11-21 11:38:34 [WARNING] app.modules.storage_operations.services.quark_cloud_operator:86 - 未get到\资源分享\TV\China\2025\重影:list index out of range
2025-11-21 11:38:34 [ERROR] app.modules.storage_operations.services.quark_cloud_operator:151 - ❌创建分享链接失败，child_files:[]
2025-11-21 11:38:34 [INFO] app.modules.storage_operations.interfaces.cloud_disk_operator_interface:179 - 开始重建目录：\资源分享\TV\China\2025\山河枕
2025-11-21 11:38:34 [INFO] app.modules.storage_operations.interfaces.cloud_disk_operator_interface:179 - 开始重建目录：\资源分享\TV\China\2025\山河枕
2025-11-21 11:38:34 [INFO] app.modules.storage_operations.interfaces.cloud_disk_operator_interface:179 - 开始重建目录：\资源分享\TV\China\2025\山河枕
2025-11-21 11:38:34 [WARNING] app.modules.storage_operations.services.quark_cloud_operator:86 - 未get到\资源分享\TV\China\2025\山河枕:list index out of range
2025-11-21 11:38:34 [INFO] app.modules.storage_operations.interfaces.cloud_disk_operator_interface:182 - 云盘无该文件目录，无需重建
2025-11-21 11:38:34 [WARNING] app.modules.storage_operations.services.baidu_cloud_operator:128 - 未get到\资源分享\TV\China\2025\山河枕:'NoneType' object is not subscriptable
2025-11-21 11:38:34 [INFO] app.modules.storage_operations.interfaces.cloud_disk_operator_interface:182 - 云盘无该文件目录，无需重建
2025-11-21 11:38:35 [WARNING] app.modules.storage_operations.services.quark_cloud_operator:86 - 未get到\资源分享\TV\China\2025\山河枕:list index out of range
2025-11-21 11:38:35 [INFO] app.modules.storage_operations.interfaces.cloud_disk_operator_interface:182 - 云盘无该文件目录，无需重建
2025-11-21 11:38:35 [WARNING] app.modules.storage_operations.services.quark_cloud_operator:86 - 未get到\资源分享\TV\China\2025\山河枕:list index out of range
2025-11-21 11:38:35 [ERROR] app.modules.storage_operations.services.quark_cloud_operator:151 - ❌创建分享链接失败，child_files:[]
2025-11-21 11:38:36 [WARNING] app.modules.storage_operations.services.quark_cloud_operator:86 - 未get到\资源分享\TV\China\2025\山河枕:list index out of range
2025-11-21 11:38:36 [ERROR] app.modules.storage_operations.services.quark_cloud_operator:151 - ❌创建分享链接失败，child_files:[]
2025-11-21 11:38:36 [WARNING] app.modules.storage_operations.services.baidu_cloud_operator:128 - 未get到\资源分享\TV\China\2025\山河枕:'NoneType' object is not subscriptable
2025-11-21 11:38:36 [ERROR] app.modules.storage_operations.services.baidu_cloud_operator:184 - ❌创建分享链接失败，child_files:[]
2025-11-21 11:38:36 [INFO] app.modules.storage_operations.interfaces.cloud_disk_operator_interface:179 - 开始重建目录：\资源分享\TV\China\2025\锦月令
2025-11-21 11:38:36 [INFO] app.modules.storage_operations.interfaces.cloud_disk_operator_interface:179 - 开始重建目录：\资源分享\TV\China\2025\锦月令
2025-11-21 11:38:36 [INFO] app.modules.storage_operations.interfaces.cloud_disk_operator_interface:179 - 开始重建目录：\资源分享\TV\China\2025\锦月令
2025-11-21 11:38:36 [INFO] app.modules.storage_operations.interfaces.cloud_disk_operator_interface:184 - 正在获取子文件列表...
2025-11-21 11:38:36 [INFO] app.modules.storage_operations.interfaces.cloud_disk_operator_interface:184 - 正在获取子文件列表...
2025-11-21 11:38:37 [INFO] app.modules.storage_operations.interfaces.cloud_disk_operator_interface:184 - 正在获取子文件列表...
2025-11-21 11:38:37 [INFO] app.modules.storage_operations.interfaces.cloud_disk_operator_interface:186 - 获取到子文件数量: 24
2025-11-21 11:38:37 [INFO] app.modules.storage_operations.interfaces.cloud_disk_operator_interface:189 - 正在确保临时目录存在: \资源分享\TV\China\2025\锦月令_t
2025-11-21 11:38:38 [INFO] app.modules.storage_operations.interfaces.cloud_disk_operator_interface:186 - 获取到子文件数量: 24
2025-11-21 11:38:38 [INFO] app.modules.storage_operations.interfaces.cloud_disk_operator_interface:189 - 正在确保临时目录存在: \资源分享\TV\China\2025\锦月令_t
2025-11-21 11:38:38 [INFO] app.modules.storage_operations.interfaces.cloud_disk_operator_interface:186 - 获取到子文件数量: 24
2025-11-21 11:38:38 [INFO] app.modules.storage_operations.interfaces.cloud_disk_operator_interface:189 - 正在确保临时目录存在: \资源分享\TV\China\2025\锦月令_t
2025-11-21 11:38:38 [WARNING] app.modules.storage_operations.services.quark_cloud_operator:86 - 未get到\资源分享\TV\China\2025\锦月令_t:list index out of range
2025-11-21 11:38:38 [WARNING] app.modules.storage_operations.services.baidu_cloud_operator:128 - 未get到\资源分享\TV\China\2025\锦月令_t:'NoneType' object is not subscriptable
2025-11-21 11:38:39 [WARNING] app.modules.storage_operations.services.quark_cloud_operator:86 - 未get到\资源分享\TV\China\2025\锦月令_t:list index out of range
2025-11-21 11:38:40 [INFO] app.modules.storage_operations.interfaces.cloud_disk_operator_interface:192 - 开始将文件移动至临时目录...
2025-11-21 11:38:41 [INFO] app.modules.storage_operations.interfaces.cloud_disk_operator_interface:192 - 开始将文件移动至临时目录...
2025-11-21 11:38:41 [INFO] app.modules.storage_operations.interfaces.cloud_disk_operator_interface:192 - 开始将文件移动至临时目录...
2025-11-21 11:38:42 [INFO] app.modules.storage_operations.interfaces.cloud_disk_operator_interface:194 - 文件移动成功，正在删除原目录索引...
2025-11-21 11:38:42 [INFO] app.modules.storage_operations.interfaces.cloud_disk_operator_interface:194 - 文件移动成功，正在删除原目录索引...
2025-11-21 11:38:43 [INFO] app.modules.storage_operations.interfaces.cloud_disk_operator_interface:194 - 文件移动成功，正在删除原目录索引...
2025-11-21 11:38:43 [INFO] app.modules.storage_operations.interfaces.cloud_disk_operator_interface:198 - 正在将临时目录重命名还原为: 锦月令
2025-11-21 11:38:44 [INFO] app.modules.storage_operations.interfaces.cloud_disk_operator_interface:200 - 重命名成功，目录重建完成: /资源分享/TV/China/2025/锦月令
2025-11-21 11:38:44 [INFO] app.modules.storage_operations.interfaces.cloud_disk_operator_interface:198 - 正在将临时目录重命名还原为: 锦月令
2025-11-21 11:38:45 [INFO] app.modules.storage_operations.interfaces.cloud_disk_operator_interface:198 - 正在将临时目录重命名还原为: 锦月令
2025-11-21 11:38:45 [INFO] app.modules.storage_operations.interfaces.cloud_disk_operator_interface:200 - 重命名成功，目录重建完成: /资源分享/TV/China/2025/锦月令
2025-11-21 11:38:46 [INFO] app.modules.storage_operations.interfaces.cloud_disk_operator_interface:200 - 重命名成功，目录重建完成: /资源分享/TV/China/2025/锦月令
2025-11-21 11:38:47 [INFO] app.modules.storage_operations.services.baidu_cloud_operator:200 - ✅创建分享链接：https://pan.baidu.com/s/1qYwt1nF1QL2CpFnPDbmEPg?pwd=8u62
2025-11-21 11:38:49 [INFO] app.modules.storage_operations.services.quark_cloud_operator:164 - ✅创建分享链接：https://pan.quark.cn/s/9f3db9a41bf4
2025-11-21 11:38:50 [INFO] app.modules.storage_operations.services.quark_cloud_operator:164 - ✅创建分享链接：https://pan.quark.cn/s/5617bd98282f
2025-11-21 11:38:50 [INFO] app.modules.storage_operations.interfaces.cloud_disk_operator_interface:179 - 开始重建目录：\资源分享\TV\China\2025\新闻女王2
2025-11-21 11:38:50 [INFO] app.modules.storage_operations.interfaces.cloud_disk_operator_interface:179 - 开始重建目录：\资源分享\TV\China\2025\新闻女王2
2025-11-21 11:38:50 [INFO] app.modules.storage_operations.interfaces.cloud_disk_operator_interface:179 - 开始重建目录：\资源分享\TV\China\2025\新闻女王2
2025-11-21 11:38:50 [WARNING] app.modules.storage_operations.services.baidu_cloud_operator:128 - 未get到\资源分享\TV\China\2025\新闻女王2:'NoneType' object is not subscriptable
2025-11-21 11:38:50 [INFO] app.modules.storage_operations.interfaces.cloud_disk_operator_interface:182 - 云盘无该文件目录，无需重建
2025-11-21 11:38:50 [WARNING] app.modules.storage_operations.services.quark_cloud_operator:86 - 未get到\资源分享\TV\China\2025\新闻女王2:list index out of range
2025-11-21 11:38:50 [INFO] app.modules.storage_operations.interfaces.cloud_disk_operator_interface:182 - 云盘无该文件目录，无需重建
2025-11-21 11:38:51 [WARNING] app.modules.storage_operations.services.quark_cloud_operator:86 - 未get到\资源分享\TV\China\2025\新闻女王2:list index out of range
2025-11-21 11:38:51 [INFO] app.modules.storage_operations.interfaces.cloud_disk_operator_interface:182 - 云盘无该文件目录，无需重建
2025-11-21 11:38:51 [WARNING] app.modules.storage_operations.services.baidu_cloud_operator:128 - 未get到\资源分享\TV\China\2025\新闻女王2:'NoneType' object is not subscriptable
2025-11-21 11:38:51 [ERROR] app.modules.storage_operations.services.baidu_cloud_operator:184 - ❌创建分享链接失败，child_files:[]
2025-11-21 11:38:51 [WARNING] app.modules.storage_operations.services.quark_cloud_operator:86 - 未get到\资源分享\TV\China\2025\新闻女王2:list index out of range
2025-11-21 11:38:51 [ERROR] app.modules.storage_operations.services.quark_cloud_operator:151 - ❌创建分享链接失败，child_files:[]
2025-11-21 11:38:52 [WARNING] app.modules.storage_operations.services.quark_cloud_operator:86 - 未get到\资源分享\TV\China\2025\新闻女王2:list index out of range
2025-11-21 11:38:52 [ERROR] app.modules.storage_operations.services.quark_cloud_operator:151 - ❌创建分享链接失败，child_files:[]
2025-11-21 11:38:52 [INFO] app.modules.storage_operations.interfaces.cloud_disk_operator_interface:179 - 开始重建目录：\资源分享\TV\China\2025\四喜
2025-11-21 11:38:52 [INFO] app.modules.storage_operations.interfaces.cloud_disk_operator_interface:179 - 开始重建目录：\资源分享\TV\China\2025\四喜
2025-11-21 11:38:52 [INFO] app.modules.storage_operations.interfaces.cloud_disk_operator_interface:179 - 开始重建目录：\资源分享\TV\China\2025\四喜
2025-11-21 11:38:52 [WARNING] app.modules.storage_operations.services.baidu_cloud_operator:128 - 未get到\资源分享\TV\China\2025\四喜:'NoneType' object is not subscriptable
2025-11-21 11:38:52 [INFO] app.modules.storage_operations.interfaces.cloud_disk_operator_interface:182 - 云盘无该文件目录，无需重建
2025-11-21 11:38:52 [WARNING] app.modules.storage_operations.services.quark_cloud_operator:86 - 未get到\资源分享\TV\China\2025\四喜:list index out of range
2025-11-21 11:38:52 [INFO] app.modules.storage_operations.interfaces.cloud_disk_operator_interface:182 - 云盘无该文件目录，无需重建
2025-11-21 11:38:53 [WARNING] app.modules.storage_operations.services.quark_cloud_operator:86 - 未get到\资源分享\TV\China\2025\四喜:list index out of range
2025-11-21 11:38:53 [INFO] app.modules.storage_operations.interfaces.cloud_disk_operator_interface:182 - 云盘无该文件目录，无需重建
2025-11-21 11:38:53 [WARNING] app.modules.storage_operations.services.baidu_cloud_operator:128 - 未get到\资源分享\TV\China\2025\四喜:'NoneType' object is not subscriptable
2025-11-21 11:38:53 [ERROR] app.modules.storage_operations.services.baidu_cloud_operator:184 - ❌创建分享链接失败，child_files:[]
2025-11-21 11:38:53 [WARNING] app.modules.storage_operations.services.quark_cloud_operator:86 - 未get到\资源分享\TV\China\2025\四喜:list index out of range
2025-11-21 11:38:53 [ERROR] app.modules.storage_operations.services.quark_cloud_operator:151 - ❌创建分享链接失败，child_files:[]
2025-11-21 11:38:54 [WARNING] app.modules.storage_operations.services.quark_cloud_operator:86 - 未get到\资源分享\TV\China\2025\四喜:list index out of range
2025-11-21 11:38:54 [ERROR] app.modules.storage_operations.services.quark_cloud_operator:151 - ❌创建分享链接失败，child_files:[]
2025-11-21 11:38:54 [INFO] app.modules.storage_operations.interfaces.cloud_disk_operator_interface:179 - 开始重建目录：\资源分享\TV\China\2025\棕眼之谜
2025-11-21 11:38:54 [INFO] app.modules.storage_operations.interfaces.cloud_disk_operator_interface:179 - 开始重建目录：\资源分享\TV\China\2025\棕眼之谜
2025-11-21 11:38:54 [INFO] app.modules.storage_operations.interfaces.cloud_disk_operator_interface:179 - 开始重建目录：\资源分享\TV\China\2025\棕眼之谜
2025-11-21 11:38:54 [WARNING] app.modules.storage_operations.services.baidu_cloud_operator:128 - 未get到\资源分享\TV\China\2025\棕眼之谜:'NoneType' object is not subscriptable
2025-11-21 11:38:54 [INFO] app.modules.storage_operations.interfaces.cloud_disk_operator_interface:182 - 云盘无该文件目录，无需重建
2025-11-21 11:38:55 [WARNING] app.modules.storage_operations.services.quark_cloud_operator:86 - 未get到\资源分享\TV\China\2025\棕眼之谜:list index out of range
2025-11-21 11:38:55 [INFO] app.modules.storage_operations.interfaces.cloud_disk_operator_interface:182 - 云盘无该文件目录，无需重建
2025-11-21 11:38:55 [WARNING] app.modules.storage_operations.services.quark_cloud_operator:86 - 未get到\资源分享\TV\China\2025\棕眼之谜:list index out of range
2025-11-21 11:38:55 [INFO] app.modules.storage_operations.interfaces.cloud_disk_operator_interface:182 - 云盘无该文件目录，无需重建
2025-11-21 11:38:55 [WARNING] app.modules.storage_operations.services.baidu_cloud_operator:128 - 未get到\资源分享\TV\China\2025\棕眼之谜:'NoneType' object is not subscriptable
2025-11-21 11:38:55 [ERROR] app.modules.storage_operations.services.baidu_cloud_operator:184 - ❌创建分享链接失败，child_files:[]
2025-11-21 11:38:56 [WARNING] app.modules.storage_operations.services.quark_cloud_operator:86 - 未get到\资源分享\TV\China\2025\棕眼之谜:list index out of range
2025-11-21 11:38:56 [ERROR] app.modules.storage_operations.services.quark_cloud_operator:151 - ❌创建分享链接失败，child_files:[]
2025-11-21 11:38:56 [WARNING] app.modules.storage_operations.services.quark_cloud_operator:86 - 未get到\资源分享\TV\China\2025\棕眼之谜:list index out of range
2025-11-21 11:38:56 [ERROR] app.modules.storage_operations.services.quark_cloud_operator:151 - ❌创建分享链接失败，child_files:[]
2025-11-21 11:38:56 [INFO] app.modules.storage_operations.interfaces.cloud_disk_operator_interface:179 - 开始重建目录：\资源分享\TV\China\2025\三人行
2025-11-21 11:38:56 [INFO] app.modules.storage_operations.interfaces.cloud_disk_operator_interface:179 - 开始重建目录：\资源分享\TV\China\2025\三人行
2025-11-21 11:38:56 [INFO] app.modules.storage_operations.interfaces.cloud_disk_operator_interface:179 - 开始重建目录：\资源分享\TV\China\2025\三人行
2025-11-21 11:38:56 [INFO] app.modules.storage_operations.interfaces.cloud_disk_operator_interface:184 - 正在获取子文件列表...
2025-11-21 11:38:56 [INFO] app.modules.storage_operations.interfaces.cloud_disk_operator_interface:184 - 正在获取子文件列表...
2025-11-21 11:38:57 [INFO] app.modules.storage_operations.interfaces.cloud_disk_operator_interface:184 - 正在获取子文件列表...
2025-11-21 11:38:57 [INFO] app.modules.storage_operations.interfaces.cloud_disk_operator_interface:186 - 获取到子文件数量: 20
2025-11-21 11:38:57 [INFO] app.modules.storage_operations.interfaces.cloud_disk_operator_interface:189 - 正在确保临时目录存在: \资源分享\TV\China\2025\三人行_t
2025-11-21 11:38:58 [INFO] app.modules.storage_operations.interfaces.cloud_disk_operator_interface:186 - 获取到子文件数量: 24
2025-11-21 11:38:58 [INFO] app.modules.storage_operations.interfaces.cloud_disk_operator_interface:189 - 正在确保临时目录存在: \资源分享\TV\China\2025\三人行_t
2025-11-21 11:38:58 [INFO] app.modules.storage_operations.interfaces.cloud_disk_operator_interface:186 - 获取到子文件数量: 24
2025-11-21 11:38:58 [INFO] app.modules.storage_operations.interfaces.cloud_disk_operator_interface:189 - 正在确保临时目录存在: \资源分享\TV\China\2025\三人行_t
2025-11-21 11:38:58 [WARNING] app.modules.storage_operations.services.baidu_cloud_operator:128 - 未get到\资源分享\TV\China\2025\三人行_t:'NoneType' object is not subscriptable
2025-11-21 11:38:59 [WARNING] app.modules.storage_operations.services.quark_cloud_operator:86 - 未get到\资源分享\TV\China\2025\三人行_t:list index out of range
2025-11-21 11:38:59 [WARNING] app.modules.storage_operations.services.quark_cloud_operator:86 - 未get到\资源分享\TV\China\2025\三人行_t:list index out of range
2025-11-21 11:39:01 [INFO] app.modules.storage_operations.interfaces.cloud_disk_operator_interface:192 - 开始将文件移动至临时目录...
2025-11-21 11:39:01 [INFO] app.modules.storage_operations.interfaces.cloud_disk_operator_interface:192 - 开始将文件移动至临时目录...
2025-11-21 11:39:01 [INFO] app.modules.storage_operations.interfaces.cloud_disk_operator_interface:192 - 开始将文件移动至临时目录...
2025-11-21 11:39:02 [INFO] app.modules.storage_operations.interfaces.cloud_disk_operator_interface:194 - 文件移动成功，正在删除原目录索引...
2025-11-21 11:39:03 [INFO] app.modules.storage_operations.interfaces.cloud_disk_operator_interface:194 - 文件移动成功，正在删除原目录索引...
2025-11-21 11:39:03 [INFO] app.modules.storage_operations.interfaces.cloud_disk_operator_interface:194 - 文件移动成功，正在删除原目录索引...
2025-11-21 11:39:04 [INFO] app.modules.storage_operations.interfaces.cloud_disk_operator_interface:198 - 正在将临时目录重命名还原为: 三人行
2025-11-21 11:39:04 [INFO] app.modules.storage_operations.interfaces.cloud_disk_operator_interface:200 - 重命名成功，目录重建完成: /资源分享/TV/China/2025/三人行
2025-11-21 11:39:05 [INFO] app.modules.storage_operations.interfaces.cloud_disk_operator_interface:198 - 正在将临时目录重命名还原为: 三人行
2025-11-21 11:39:05 [INFO] app.modules.storage_operations.interfaces.cloud_disk_operator_interface:198 - 正在将临时目录重命名还原为: 三人行
2025-11-21 11:39:06 [INFO] app.modules.storage_operations.interfaces.cloud_disk_operator_interface:200 - 重命名成功，目录重建完成: /资源分享/TV/China/2025/三人行
2025-11-21 11:39:06 [INFO] app.modules.storage_operations.interfaces.cloud_disk_operator_interface:200 - 重命名成功，目录重建完成: /资源分享/TV/China/2025/三人行
2025-11-21 11:39:08 [INFO] app.modules.storage_operations.services.baidu_cloud_operator:200 - ✅创建分享链接：https://pan.baidu.com/s/10eBBK9seK6GywjMjg5lh8g?pwd=8u62
2025-11-21 11:39:10 [INFO] app.modules.storage_operations.services.quark_cloud_operator:164 - ✅创建分享链接：https://pan.quark.cn/s/67d54df6f868
2025-11-21 11:39:10 [INFO] app.modules.storage_operations.services.quark_cloud_operator:164 - ✅创建分享链接：https://pan.quark.cn/s/7729810bbe60
2025-11-21 11:39:10 [INFO] app.modules.storage_operations.interfaces.cloud_disk_operator_interface:179 - 开始重建目录：\资源分享\TV\Other\2025\黑盒子
2025-11-21 11:39:10 [INFO] app.modules.storage_operations.interfaces.cloud_disk_operator_interface:179 - 开始重建目录：\资源分享\TV\Other\2025\黑盒子
2025-11-21 11:39:10 [INFO] app.modules.storage_operations.interfaces.cloud_disk_operator_interface:179 - 开始重建目录：\资源分享\TV\Other\2025\黑盒子
2025-11-21 11:39:11 [INFO] app.modules.storage_operations.interfaces.cloud_disk_operator_interface:184 - 正在获取子文件列表...
2025-11-21 11:39:11 [INFO] app.modules.storage_operations.interfaces.cloud_disk_operator_interface:184 - 正在获取子文件列表...
2025-11-21 11:39:12 [INFO] app.modules.storage_operations.interfaces.cloud_disk_operator_interface:184 - 正在获取子文件列表...
2025-11-21 11:39:12 [INFO] app.modules.storage_operations.interfaces.cloud_disk_operator_interface:186 - 获取到子文件数量: 9
2025-11-21 11:39:12 [INFO] app.modules.storage_operations.interfaces.cloud_disk_operator_interface:189 - 正在确保临时目录存在: \资源分享\TV\Other\2025\黑盒子_t
2025-11-21 11:39:12 [INFO] app.modules.storage_operations.interfaces.cloud_disk_operator_interface:186 - 获取到子文件数量: 9
2025-11-21 11:39:12 [INFO] app.modules.storage_operations.interfaces.cloud_disk_operator_interface:189 - 正在确保临时目录存在: \资源分享\TV\Other\2025\黑盒子_t
2025-11-21 11:39:13 [INFO] app.modules.storage_operations.interfaces.cloud_disk_operator_interface:186 - 获取到子文件数量: 9
2025-11-21 11:39:13 [INFO] app.modules.storage_operations.interfaces.cloud_disk_operator_interface:189 - 正在确保临时目录存在: \资源分享\TV\Other\2025\黑盒子_t
2025-11-21 11:39:13 [WARNING] app.modules.storage_operations.services.baidu_cloud_operator:128 - 未get到\资源分享\TV\Other\2025\黑盒子_t:'NoneType' object is not subscriptable
2025-11-21 11:39:13 [WARNING] app.modules.storage_operations.services.quark_cloud_operator:86 - 未get到\资源分享\TV\Other\2025\黑盒子_t:list index out of range
2025-11-21 11:39:13 [WARNING] app.modules.storage_operations.services.quark_cloud_operator:86 - 未get到\资源分享\TV\Other\2025\黑盒子_t:list index out of range
2025-11-21 11:39:15 [INFO] app.modules.storage_operations.interfaces.cloud_disk_operator_interface:192 - 开始将文件移动至临时目录...
2025-11-21 11:39:15 [INFO] app.modules.storage_operations.interfaces.cloud_disk_operator_interface:192 - 开始将文件移动至临时目录...
2025-11-21 11:39:16 [INFO] app.modules.storage_operations.interfaces.cloud_disk_operator_interface:192 - 开始将文件移动至临时目录...
2025-11-21 11:39:16 [INFO] app.modules.storage_operations.interfaces.cloud_disk_operator_interface:194 - 文件移动成功，正在删除原目录索引...
2025-11-21 11:39:17 [INFO] app.modules.storage_operations.interfaces.cloud_disk_operator_interface:194 - 文件移动成功，正在删除原目录索引...
2025-11-21 11:39:17 [INFO] app.modules.storage_operations.interfaces.cloud_disk_operator_interface:198 - 正在将临时目录重命名还原为: 黑盒子
2025-11-21 11:39:18 [INFO] app.modules.storage_operations.interfaces.cloud_disk_operator_interface:194 - 文件移动成功，正在删除原目录索引...
2025-11-21 11:39:18 [INFO] app.modules.storage_operations.interfaces.cloud_disk_operator_interface:200 - 重命名成功，目录重建完成: /资源分享/TV/Other/2025/黑盒子
2025-11-21 11:39:19 [INFO] app.modules.storage_operations.interfaces.cloud_disk_operator_interface:198 - 正在将临时目录重命名还原为: 黑盒子
2025-11-21 11:39:20 [INFO] app.modules.storage_operations.interfaces.cloud_disk_operator_interface:198 - 正在将临时目录重命名还原为: 黑盒子
2025-11-21 11:39:20 [INFO] app.modules.storage_operations.interfaces.cloud_disk_operator_interface:200 - 重命名成功，目录重建完成: /资源分享/TV/Other/2025/黑盒子
2025-11-21 11:39:21 [INFO] app.modules.storage_operations.interfaces.cloud_disk_operator_interface:200 - 重命名成功，目录重建完成: /资源分享/TV/Other/2025/黑盒子
2025-11-21 11:39:21 [INFO] app.modules.storage_operations.services.baidu_cloud_operator:200 - ✅创建分享链接：https://pan.baidu.com/s/1uRVq8Y1KLswvD5Ja3fyQrA?pwd=8u62
2025-11-21 11:39:24 [INFO] app.modules.storage_operations.services.quark_cloud_operator:164 - ✅创建分享链接：https://pan.quark.cn/s/740095a7a840
2025-11-21 11:39:25 [INFO] app.modules.storage_operations.services.quark_cloud_operator:164 - ✅创建分享链接：https://pan.quark.cn/s/eb3abd12681b
2025-11-21 11:39:25 [INFO] app.modules.storage_operations.interfaces.cloud_disk_operator_interface:179 - 开始重建目录：\资源分享\TV\China\2025\大厨小婿
2025-11-21 11:39:25 [INFO] app.modules.storage_operations.interfaces.cloud_disk_operator_interface:179 - 开始重建目录：\资源分享\TV\China\2025\大厨小婿
2025-11-21 11:39:25 [INFO] app.modules.storage_operations.interfaces.cloud_disk_operator_interface:179 - 开始重建目录：\资源分享\TV\China\2025\大厨小婿
2025-11-21 11:39:25 [INFO] app.modules.storage_operations.interfaces.cloud_disk_operator_interface:184 - 正在获取子文件列表...
2025-11-21 11:39:25 [INFO] app.modules.storage_operations.interfaces.cloud_disk_operator_interface:184 - 正在获取子文件列表...
2025-11-21 11:39:26 [INFO] app.modules.storage_operations.interfaces.cloud_disk_operator_interface:184 - 正在获取子文件列表...
2025-11-21 11:39:26 [INFO] app.modules.storage_operations.interfaces.cloud_disk_operator_interface:186 - 获取到子文件数量: 23
2025-11-21 11:39:26 [INFO] app.modules.storage_operations.interfaces.cloud_disk_operator_interface:189 - 正在确保临时目录存在: \资源分享\TV\China\2025\大厨小婿_t
2025-11-21 11:39:26 [INFO] app.modules.storage_operations.interfaces.cloud_disk_operator_interface:186 - 获取到子文件数量: 24
2025-11-21 11:39:26 [INFO] app.modules.storage_operations.interfaces.cloud_disk_operator_interface:189 - 正在确保临时目录存在: \资源分享\TV\China\2025\大厨小婿_t
2025-11-21 11:39:27 [INFO] app.modules.storage_operations.interfaces.cloud_disk_operator_interface:186 - 获取到子文件数量: 24
2025-11-21 11:39:27 [INFO] app.modules.storage_operations.interfaces.cloud_disk_operator_interface:189 - 正在确保临时目录存在: \资源分享\TV\China\2025\大厨小婿_t
2025-11-21 11:39:27 [WARNING] app.modules.storage_operations.services.baidu_cloud_operator:128 - 未get到\资源分享\TV\China\2025\大厨小婿_t:'NoneType' object is not subscriptable
2025-11-21 11:39:27 [WARNING] app.modules.storage_operations.services.quark_cloud_operator:86 - 未get到\资源分享\TV\China\2025\大厨小婿_t:list index out of range
2025-11-21 11:39:28 [WARNING] app.modules.storage_operations.services.quark_cloud_operator:86 - 未get到\资源分享\TV\China\2025\大厨小婿_t:list index out of range
2025-11-21 11:39:29 [INFO] app.modules.storage_operations.interfaces.cloud_disk_operator_interface:192 - 开始将文件移动至临时目录...
2025-11-21 11:39:29 [INFO] app.modules.storage_operations.interfaces.cloud_disk_operator_interface:192 - 开始将文件移动至临时目录...
2025-11-21 11:39:30 [INFO] app.modules.storage_operations.interfaces.cloud_disk_operator_interface:192 - 开始将文件移动至临时目录...
2025-11-21 11:39:31 [INFO] app.modules.storage_operations.interfaces.cloud_disk_operator_interface:194 - 文件移动成功，正在删除原目录索引...
2025-11-21 11:39:31 [INFO] app.modules.storage_operations.interfaces.cloud_disk_operator_interface:194 - 文件移动成功，正在删除原目录索引...
2025-11-21 11:39:32 [INFO] app.modules.storage_operations.interfaces.cloud_disk_operator_interface:194 - 文件移动成功，正在删除原目录索引...
2025-11-21 11:39:32 [INFO] app.modules.storage_operations.interfaces.cloud_disk_operator_interface:198 - 正在将临时目录重命名还原为: 大厨小婿
2025-11-21 11:39:32 [INFO] app.modules.storage_operations.interfaces.cloud_disk_operator_interface:200 - 重命名成功，目录重建完成: /资源分享/TV/China/2025/大厨小婿
2025-11-21 11:39:33 [INFO] app.modules.storage_operations.interfaces.cloud_disk_operator_interface:198 - 正在将临时目录重命名还原为: 大厨小婿
2025-11-21 11:39:34 [INFO] app.modules.storage_operations.interfaces.cloud_disk_operator_interface:198 - 正在将临时目录重命名还原为: 大厨小婿
2025-11-21 11:39:34 [INFO] app.modules.storage_operations.interfaces.cloud_disk_operator_interface:200 - 重命名成功，目录重建完成: /资源分享/TV/China/2025/大厨小婿
2025-11-21 11:39:35 [INFO] app.modules.storage_operations.interfaces.cloud_disk_operator_interface:200 - 重命名成功，目录重建完成: /资源分享/TV/China/2025/大厨小婿
2025-11-21 11:39:36 [INFO] app.modules.storage_operations.services.baidu_cloud_operator:200 - ✅创建分享链接：https://pan.baidu.com/s/1UZrPFnR8G3ijPrHGFgOTrA?pwd=8u62
2025-11-21 11:39:38 [INFO] app.modules.storage_operations.services.quark_cloud_operator:164 - ✅创建分享链接：https://pan.quark.cn/s/3b3a7b261f57
2025-11-21 11:39:39 [INFO] app.modules.storage_operations.services.quark_cloud_operator:164 - ✅创建分享链接：https://pan.quark.cn/s/309fc795c556
2025-11-21 11:39:39 [INFO] app.modules.storage_operations.interfaces.cloud_disk_operator_interface:179 - 开始重建目录：\资源分享\TV\China\2025\乌蒙深处
2025-11-21 11:39:39 [INFO] app.modules.storage_operations.interfaces.cloud_disk_operator_interface:179 - 开始重建目录：\资源分享\TV\China\2025\乌蒙深处
2025-11-21 11:39:39 [INFO] app.modules.storage_operations.interfaces.cloud_disk_operator_interface:179 - 开始重建目录：\资源分享\TV\China\2025\乌蒙深处
2025-11-21 11:39:39 [INFO] app.modules.storage_operations.interfaces.cloud_disk_operator_interface:184 - 正在获取子文件列表...
2025-11-21 11:39:40 [INFO] app.modules.storage_operations.interfaces.cloud_disk_operator_interface:184 - 正在获取子文件列表...
2025-11-21 11:39:40 [INFO] app.modules.storage_operations.interfaces.cloud_disk_operator_interface:186 - 获取到子文件数量: 8
2025-11-21 11:39:40 [INFO] app.modules.storage_operations.interfaces.cloud_disk_operator_interface:189 - 正在确保临时目录存在: \资源分享\TV\China\2025\乌蒙深处_t
2025-11-21 11:39:41 [INFO] app.modules.storage_operations.interfaces.cloud_disk_operator_interface:186 - 获取到子文件数量: 8
2025-11-21 11:39:41 [INFO] app.modules.storage_operations.interfaces.cloud_disk_operator_interface:189 - 正在确保临时目录存在: \资源分享\TV\China\2025\乌蒙深处_t
2025-11-21 11:39:41 [WARNING] app.modules.storage_operations.services.quark_cloud_operator:86 - 未get到\资源分享\TV\China\2025\乌蒙深处_t:list index out of range
2025-11-21 11:39:42 [WARNING] app.modules.storage_operations.services.quark_cloud_operator:86 - 未get到\资源分享\TV\China\2025\乌蒙深处_t:list index out of range
2025-11-21 11:39:44 [INFO] app.modules.storage_operations.interfaces.cloud_disk_operator_interface:192 - 开始将文件移动至临时目录...
2025-11-21 11:39:44 [INFO] app.modules.storage_operations.interfaces.cloud_disk_operator_interface:192 - 开始将文件移动至临时目录...
2025-11-21 11:39:44 [INFO] app.modules.storage_operations.interfaces.cloud_disk_operator_interface:184 - 正在获取子文件列表...
2025-11-21 11:39:44 [INFO] app.modules.storage_operations.interfaces.cloud_disk_operator_interface:186 - 获取到子文件数量: 0
2025-11-21 11:39:44 [INFO] app.modules.storage_operations.interfaces.cloud_disk_operator_interface:189 - 正在确保临时目录存在: \资源分享\TV\China\2025\乌蒙深处_t
2025-11-21 11:39:45 [WARNING] app.modules.storage_operations.services.baidu_cloud_operator:128 - 未get到\资源分享\TV\China\2025\乌蒙深处_t:'NoneType' object is not subscriptable
2025-11-21 11:39:46 [INFO] app.modules.storage_operations.interfaces.cloud_disk_operator_interface:194 - 文件移动成功，正在删除原目录索引...
2025-11-21 11:39:46 [INFO] app.modules.storage_operations.interfaces.cloud_disk_operator_interface:194 - 文件移动成功，正在删除原目录索引...
2025-11-21 11:39:48 [INFO] app.modules.storage_operations.interfaces.cloud_disk_operator_interface:198 - 正在将临时目录重命名还原为: 乌蒙深处
2025-11-21 11:39:48 [INFO] app.modules.storage_operations.interfaces.cloud_disk_operator_interface:192 - 开始将文件移动至临时目录...
2025-11-21 11:39:48 [INFO] app.modules.storage_operations.interfaces.cloud_disk_operator_interface:198 - 正在将临时目录重命名还原为: 乌蒙深处
2025-11-21 11:39:49 [ERROR] app.modules.storage_operations.services.baidu_cloud_operator:38 - 移到文件失败：移动文件失败: 未知错误
2025-11-21 11:39:49 [ERROR] app.modules.storage_operations.interfaces.cloud_disk_operator_interface:205 - 文件移到失败
2025-11-21 11:39:49 [INFO] app.modules.storage_operations.interfaces.cloud_disk_operator_interface:200 - 重命名成功，目录重建完成: /资源分享/TV/China/2025/乌蒙深处
2025-11-21 11:39:49 [INFO] app.modules.storage_operations.interfaces.cloud_disk_operator_interface:200 - 重命名成功，目录重建完成: /资源分享/TV/China/2025/乌蒙深处
2025-11-21 11:39:53 [INFO] app.modules.storage_operations.services.quark_cloud_operator:164 - ✅创建分享链接：https://pan.quark.cn/s/7ab3625e7971
2025-11-21 11:39:53 [INFO] app.modules.storage_operations.services.quark_cloud_operator:164 - ✅创建分享链接：https://pan.quark.cn/s/d8796a1f9807
2025-11-21 11:39:53 [INFO] app.modules.storage_operations.interfaces.cloud_disk_operator_interface:179 - 开始重建目录：\资源分享\TV\China\2025\凤凰台上
2025-11-21 11:39:53 [INFO] app.modules.storage_operations.interfaces.cloud_disk_operator_interface:179 - 开始重建目录：\资源分享\TV\China\2025\凤凰台上
2025-11-21 11:39:53 [INFO] app.modules.storage_operations.interfaces.cloud_disk_operator_interface:179 - 开始重建目录：\资源分享\TV\China\2025\凤凰台上
2025-11-21 11:39:53 [INFO] app.modules.storage_operations.interfaces.cloud_disk_operator_interface:184 - 正在获取子文件列表...
2025-11-21 11:39:54 [INFO] app.modules.storage_operations.interfaces.cloud_disk_operator_interface:184 - 正在获取子文件列表...
2025-11-21 11:39:54 [INFO] app.modules.storage_operations.interfaces.cloud_disk_operator_interface:186 - 获取到子文件数量: 0
2025-11-21 11:39:54 [INFO] app.modules.storage_operations.interfaces.cloud_disk_operator_interface:189 - 正在确保临时目录存在: \资源分享\TV\China\2025\凤凰台上_t
2025-11-21 11:39:54 [INFO] app.modules.storage_operations.interfaces.cloud_disk_operator_interface:184 - 正在获取子文件列表...
2025-11-21 11:39:55 [INFO] app.modules.storage_operations.interfaces.cloud_disk_operator_interface:186 - 获取到子文件数量: 12
2025-11-21 11:39:55 [INFO] app.modules.storage_operations.interfaces.cloud_disk_operator_interface:189 - 正在确保临时目录存在: \资源分享\TV\China\2025\凤凰台上_t
2025-11-21 11:39:55 [INFO] app.modules.storage_operations.interfaces.cloud_disk_operator_interface:186 - 获取到子文件数量: 12
2025-11-21 11:39:55 [INFO] app.modules.storage_operations.interfaces.cloud_disk_operator_interface:189 - 正在确保临时目录存在: \资源分享\TV\China\2025\凤凰台上_t
2025-11-21 11:39:55 [WARNING] app.modules.storage_operations.services.baidu_cloud_operator:128 - 未get到\资源分享\TV\China\2025\凤凰台上_t:'NoneType' object is not subscriptable
2025-11-21 11:39:56 [WARNING] app.modules.storage_operations.services.quark_cloud_operator:86 - 未get到\资源分享\TV\China\2025\凤凰台上_t:list index out of range
2025-11-21 11:39:56 [WARNING] app.modules.storage_operations.services.quark_cloud_operator:86 - 未get到\资源分享\TV\China\2025\凤凰台上_t:list index out of range
2025-11-21 11:39:58 [INFO] app.modules.storage_operations.interfaces.cloud_disk_operator_interface:192 - 开始将文件移动至临时目录...
2025-11-21 11:39:58 [INFO] app.modules.storage_operations.interfaces.cloud_disk_operator_interface:192 - 开始将文件移动至临时目录...
2025-11-21 11:39:59 [ERROR] app.modules.storage_operations.services.baidu_cloud_operator:38 - 移到文件失败：移动文件失败: 未知错误
2025-11-21 11:39:59 [ERROR] app.modules.storage_operations.interfaces.cloud_disk_operator_interface:205 - 文件移到失败
2025-11-21 11:39:59 [INFO] app.modules.storage_operations.interfaces.cloud_disk_operator_interface:192 - 开始将文件移动至临时目录...
2025-11-21 11:40:00 [INFO] app.modules.storage_operations.interfaces.cloud_disk_operator_interface:194 - 文件移动成功，正在删除原目录索引...
2025-11-21 11:40:01 [INFO] app.modules.storage_operations.interfaces.cloud_disk_operator_interface:194 - 文件移动成功，正在删除原目录索引...
2025-11-21 11:40:02 [INFO] app.modules.storage_operations.interfaces.cloud_disk_operator_interface:198 - 正在将临时目录重命名还原为: 凤凰台上
2025-11-21 11:40:03 [INFO] app.modules.storage_operations.interfaces.cloud_disk_operator_interface:198 - 正在将临时目录重命名还原为: 凤凰台上
2025-11-21 11:40:03 [INFO] app.modules.storage_operations.interfaces.cloud_disk_operator_interface:200 - 重命名成功，目录重建完成: /资源分享/TV/China/2025/凤凰台上
2025-11-21 11:40:04 [INFO] app.modules.storage_operations.interfaces.cloud_disk_operator_interface:200 - 重命名成功，目录重建完成: /资源分享/TV/China/2025/凤凰台上
2025-11-21 11:40:07 [INFO] app.modules.storage_operations.services.quark_cloud_operator:164 - ✅创建分享链接：https://pan.quark.cn/s/8600a38b2735
2025-11-21 11:40:08 [INFO] app.modules.storage_operations.services.quark_cloud_operator:164 - ✅创建分享链接：https://pan.quark.cn/s/0f05f5684929
2025-11-21 11:40:08 [INFO] app.modules.storage_operations.interfaces.cloud_disk_operator_interface:179 - 开始重建目录：\资源分享\TV\China\2025\勿扰飞升
2025-11-21 11:40:08 [INFO] app.modules.storage_operations.interfaces.cloud_disk_operator_interface:179 - 开始重建目录：\资源分享\TV\China\2025\勿扰飞升
2025-11-21 11:40:08 [INFO] app.modules.storage_operations.interfaces.cloud_disk_operator_interface:179 - 开始重建目录：\资源分享\TV\China\2025\勿扰飞升
2025-11-21 11:40:08 [INFO] app.modules.storage_operations.interfaces.cloud_disk_operator_interface:184 - 正在获取子文件列表...
2025-11-21 11:40:08 [WARNING] app.modules.storage_operations.services.quark_cloud_operator:86 - 未get到\资源分享\TV\China\2025\勿扰飞升:list index out of range
2025-11-21 11:40:08 [INFO] app.modules.storage_operations.interfaces.cloud_disk_operator_interface:182 - 云盘无该文件目录，无需重建
2025-11-21 11:40:09 [WARNING] app.modules.storage_operations.services.quark_cloud_operator:86 - 未get到\资源分享\TV\China\2025\勿扰飞升:list index out of range
2025-11-21 11:40:09 [INFO] app.modules.storage_operations.interfaces.cloud_disk_operator_interface:182 - 云盘无该文件目录，无需重建
2025-11-21 11:40:09 [INFO] app.modules.storage_operations.interfaces.cloud_disk_operator_interface:186 - 获取到子文件数量: 0
2025-11-21 11:40:09 [INFO] app.modules.storage_operations.interfaces.cloud_disk_operator_interface:189 - 正在确保临时目录存在: \资源分享\TV\China\2025\勿扰飞升_t
2025-11-21 11:40:09 [WARNING] app.modules.storage_operations.services.quark_cloud_operator:86 - 未get到\资源分享\TV\China\2025\勿扰飞升:list index out of range
2025-11-21 11:40:09 [ERROR] app.modules.storage_operations.services.quark_cloud_operator:151 - ❌创建分享链接失败，child_files:[]
2025-11-21 11:40:10 [WARNING] app.modules.storage_operations.services.quark_cloud_operator:86 - 未get到\资源分享\TV\China\2025\勿扰飞升:list index out of range
2025-11-21 11:40:10 [ERROR] app.modules.storage_operations.services.quark_cloud_operator:151 - ❌创建分享链接失败，child_files:[]
2025-11-21 11:40:10 [WARNING] app.modules.storage_operations.services.baidu_cloud_operator:128 - 未get到\资源分享\TV\China\2025\勿扰飞升_t:'NoneType' object is not subscriptable
2025-11-21 11:40:13 [INFO] app.modules.storage_operations.interfaces.cloud_disk_operator_interface:192 - 开始将文件移动至临时目录...
2025-11-21 11:40:13 [ERROR] app.modules.storage_operations.services.baidu_cloud_operator:38 - 移到文件失败：移动文件失败: 未知错误
2025-11-21 11:40:13 [ERROR] app.modules.storage_operations.interfaces.cloud_disk_operator_interface:205 - 文件移到失败
2025-11-21 11:51:45 [INFO] telethon.crypto.libssl:79 - Failed to load SSL library: <class 'OSError'> (no library called "ssl" found)
2025-11-21 11:51:45 [INFO] telethon.crypto.aes:25 - cryptg module not installed and libssl not found, falling back to (slower) Python encryption
2025-11-21 11:52:14 [INFO] app.core.scheduler:572 - Loaded 5 cron jobs from DB
2025-11-21 11:52:14 [INFO] app.core.scheduler:123 - CronScheduler started (Beanie persistence)
2025-11-21 11:52:14 [INFO] app.core.scheduler:480 - Dispatching scheduled job f8e4963f2a92414589a557957998c0a7 -> 将所有网盘已更新到最新进度的movie推送到平台
2025-11-21 11:52:14 [INFO] app.core.scheduler:506 - Scheduled job f8e4963f2a92414589a557957998c0a7 dispatched to task_manager
2025-11-21 11:52:14 [INFO] app.core.scheduler:480 - Dispatching scheduled job 6f853106834c42dbb500a627c0aa1bbc -> 同步今日可更新影视资源到网盘
2025-11-21 11:52:14 [INFO] app.core.scheduler:506 - Scheduled job 6f853106834c42dbb500a627c0aa1bbc dispatched to task_manager
2025-11-21 11:52:14 [INFO] app.core.scheduler:480 - Dispatching scheduled job 90b4c4751ea04215ae16907f8bb420b7 -> 豆瓣热门影视采集
2025-11-21 11:52:14 [INFO] app.core.scheduler:506 - Scheduled job 90b4c4751ea04215ae16907f8bb420b7 dispatched to task_manager
2025-11-21 11:52:14 [INFO] app.core.scheduler:480 - Dispatching scheduled job c2e99644883b4e45970ae3659962985d -> 获取今日新的影视，从人人视频抓取
2025-11-21 11:52:14 [INFO] app.core.scheduler:506 - Scheduled job c2e99644883b4e45970ae3659962985d dispatched to task_manager
2025-11-21 11:52:14 [INFO] app.core.scheduler:480 - Dispatching scheduled job 801bcf0eccc948a5a886c10106f0331e -> 检测与处理被和谐的分享链接
2025-11-21 11:52:14 [INFO] app.core.scheduler:506 - Scheduled job 801bcf0eccc948a5a886c10106f0331e dispatched to task_manager
2025-11-21 11:52:14 [INFO] root:162 - [task 94b2434ddd6e41258004ef38c6136f36] log handler attached for capture
2025-11-21 11:52:14 [INFO] root:162 - [task f7de44a365b64274b57abab6ae70f91c] log handler attached for capture
2025-11-21 11:52:14 [INFO] root:162 - [task b3f66bb1525747d7992e113dc739882a] log handler attached for capture
2025-11-21 11:52:14 [INFO] root:162 - [task 75d19348608c42928225b4575ddc36ff] log handler attached for capture
2025-11-21 11:52:14 [INFO] root:162 - [task 6d0b14c4f38a412a9a3419245ffab8c3] log handler attached for capture
2025-11-21 11:52:14 [INFO] app.flow.sync_new_movie_flow:327 - 将['赴山海', '欢乐家长群2', '暴风圈', '照镜辞', '漫威丧尸', '弥留之国的爱丽丝 第三季', '行骗天下KR', '健力士王朝', '犯罪现场 Zero', '科斯缇娜酒店', '入青云', '回魂计', '水龙吟', '锦月令', '棕眼之谜', '三人行', '黑盒子', '大厨小婿']发布至平台
2025-11-21 11:52:14 [INFO] app.flow.sync_new_movie_flow:181 - 今日已到更新时间点的movie:[]
2025-11-21 11:52:14 [WARNING] app.flow.sync_new_movie_flow:186 - 这些movie由于tmdb_info为空无法同步：[]
2025-11-21 11:52:14 [INFO] telethon.network.mtprotosender:228 - Connecting to 91.108.56.127:443/TcpFull...
2025-11-21 11:52:14 [INFO] telethon.network.mtprotosender:279 - Connection to 91.108.56.127:443/TcpFull complete!
2025-11-21 11:52:16 [INFO] app.flow.sync_new_movie_flow:148 - 采集到40个影视
2025-11-21 11:52:17 [INFO] app.modules.data_collection.services.ai_copilot_episodes_info_provider_service:65 - 暗河传无需填充air_time
2025-11-21 11:52:18 [WARNING] app.modules.data_collection.services.a_tmdb_id_provider_service:154 - 未匹配到与title_season的tmdb_id和season，title_season=唐朝诡事录之长安,movie_type=MovieType.TV,year=2025
2025-11-21 11:52:18 [INFO] app.modules.data_collection.services.a_tmdb_id_provider_service:173 - 未搜索到"唐朝诡事录之长安的tmdb_id"
2025-11-21 11:52:18 [WARNING] app.modules.data_collection.services.fallback_tmdb_id_provider_service:32 - 未从a_tmdb_id_provider获取到tmdb信息
2025-11-21 11:52:19 [WARNING] app.modules.data_collection.services.b_tmdb_provider_service:47 - 未搜索到任何内容或与搜索结果title不同，参数：title=唐朝诡事录之长安,season=第 1 季  搜索结果：[{'adult': False, 'backdrop_path': '/8b5yXvmWSOl64Abk1wMYhzs4OnP.jpg', 'genre_ids': [9648, 80, 18, 10759], 'id': 211089, 'origin_country': ['CN'], 'original_language': 'zh', 'original_name': '唐朝诡事录', 'overview': '该剧改编自作家魏风华同名原著，讲述了在繁华的大唐盛世之下发生的一系列奇闻异事，长安金吾卫中郎将卢凌风将与狄公亲传弟子苏无名携手共破诡案，守护苍生，担负起挽救社稷于危急的使命。', 'popularity': 46.3894, 'poster_path': '/u1jhOe8iwuRZfE6wd5YYqtVLidg.jpg', 'first_air_date': '2022-09-27', 'name': '唐朝诡事录', 'vote_average': 8.2, 'vote_count': 34}]
2025-11-21 11:52:19 [INFO] app.modules.publish.clients.tg_client:48 - Deleted old message id=179
2025-11-21 11:52:19 [WARNING] app.modules.data_collection.services.fallback_tmdb_id_provider_service:40 - 未从b_tmdb_id_provider获取到tmdb信息，将返回tmdb_info.id tmdb_info.season_number 为None
2025-11-21 11:52:21 [WARNING] app.modules.data_collection.services.a_tmdb_id_provider_service:154 - 未匹配到与title_season的tmdb_id和season，title_season=唐朝诡事录之长安,movie_type=MovieType.TV,year=2025
2025-11-21 11:52:21 [INFO] app.modules.data_collection.services.a_tmdb_id_provider_service:173 - 未搜索到"唐朝诡事录之长安的tmdb_id"
2025-11-21 11:52:21 [WARNING] app.modules.data_collection.services.fallback_tmdb_id_provider_service:32 - 未从a_tmdb_id_provider获取到tmdb信息
2025-11-21 11:52:22 [WARNING] app.modules.data_collection.services.b_tmdb_provider_service:47 - 未搜索到任何内容或与搜索结果title不同，参数：title=唐朝诡事录之长安,season=第 1 季  搜索结果：[{'adult': False, 'backdrop_path': '/8b5yXvmWSOl64Abk1wMYhzs4OnP.jpg', 'genre_ids': [9648, 80, 18, 10759], 'id': 211089, 'origin_country': ['CN'], 'original_language': 'zh', 'original_name': '唐朝诡事录', 'overview': '该剧改编自作家魏风华同名原著，讲述了在繁华的大唐盛世之下发生的一系列奇闻异事，长安金吾卫中郎将卢凌风将与狄公亲传弟子苏无名携手共破诡案，守护苍生，担负起挽救社稷于危急的使命。', 'popularity': 46.3894, 'poster_path': '/u1jhOe8iwuRZfE6wd5YYqtVLidg.jpg', 'first_air_date': '2022-09-27', 'name': '唐朝诡事录', 'vote_average': 8.2, 'vote_count': 34}]
2025-11-21 11:52:22 [WARNING] app.modules.data_collection.services.fallback_tmdb_id_provider_service:40 - 未从b_tmdb_id_provider获取到tmdb信息，将返回tmdb_info.id tmdb_info.season_number 为None
2025-11-21 11:52:22 [WARNING] app.modules.data_collection.services.tmdb_air_date_provider_service:58 - title_season=唐朝诡事录之长安, tmdb_id=None, season=None tmdb_id和tmdb_season至少一个为空，无法搜索tmdb数据库
2025-11-21 11:52:22 [INFO] app.modules.data_collection.services.ai_copilot_episodes_info_provider_service:65 - 唐朝诡事录之长安无需填充air_time
2025-11-21 11:52:22 [INFO] app.modules.publish.clients.tg_client:54 - 成功向TG发送消息，消息id=190
2025-11-21 11:52:23 [INFO] app.modules.data_collection.services.ai_copilot_episodes_info_provider_service:65 - 凤凰台上无需填充air_time
2025-11-21 11:52:23 [INFO] app.modules.data_collection.services.tmdb_air_date_provider_service:48 - air date已经补满，无需再补充
2025-11-21 11:52:23 [INFO] app.modules.data_collection.services.ai_copilot_episodes_info_provider_service:65 - 他为什么依然单身无需填充air_time
2025-11-21 11:52:23 [INFO] app.modules.data_collection.services.tmdb_air_date_provider_service:48 - air date已经补满，无需再补充
2025-11-21 11:52:23 [INFO] app.modules.data_collection.services.ai_copilot_episodes_info_provider_service:65 - 新闻女王2无需填充air_time
2025-11-21 11:52:23 [INFO] app.modules.data_collection.services.tmdb_air_date_provider_service:48 - air date已经补满，无需再补充
2025-11-21 11:52:23 [INFO] app.modules.data_collection.services.ai_copilot_episodes_info_provider_service:65 - 四喜无需填充air_time
2025-11-21 11:52:23 [INFO] app.modules.data_collection.services.tmdb_air_date_provider_service:48 - air date已经补满，无需再补充
2025-11-21 11:52:23 [INFO] app.modules.data_collection.services.ai_copilot_episodes_info_provider_service:65 - 天地剑心无需填充air_time
2025-11-21 11:52:23 [INFO] app.modules.data_collection.services.tmdb_air_date_provider_service:48 - air date已经补满，无需再补充
2025-11-21 11:52:23 [INFO] app.modules.data_collection.services.ai_copilot_episodes_info_provider_service:65 - 树影迷宫无需填充air_time
2025-11-21 11:52:23 [INFO] app.modules.data_collection.services.tmdb_air_date_provider_service:48 - air date已经补满，无需再补充
2025-11-21 11:52:23 [INFO] app.modules.data_collection.services.ai_copilot_episodes_info_provider_service:65 - 三人行无需填充air_time
2025-11-21 11:52:23 [INFO] app.modules.data_collection.services.tmdb_air_date_provider_service:48 - air date已经补满，无需再补充
2025-11-21 11:52:23 [INFO] app.modules.data_collection.services.ai_copilot_episodes_info_provider_service:65 - 命悬一生无需填充air_time
2025-11-21 11:52:24 [INFO] app.modules.data_collection.services.tmdb_air_date_provider_service:48 - air date已经补满，无需再补充
2025-11-21 11:52:24 [INFO] app.modules.data_collection.services.ai_copilot_episodes_info_provider_service:65 - 山河枕无需填充air_time
2025-11-21 11:52:24 [INFO] app.modules.data_collection.services.tmdb_air_date_provider_service:48 - air date已经补满，无需再补充
2025-11-21 11:52:24 [INFO] app.modules.data_collection.services.ai_copilot_episodes_info_provider_service:65 - 水龙吟无需填充air_time
2025-11-21 11:52:24 [INFO] app.modules.data_collection.services.tmdb_air_date_provider_service:48 - air date已经补满，无需再补充
2025-11-21 11:52:24 [INFO] app.modules.data_collection.services.ai_copilot_episodes_info_provider_service:65 - 入青云无需填充air_time
2025-11-21 11:52:24 [INFO] app.modules.data_collection.services.tmdb_air_date_provider_service:48 - air date已经补满，无需再补充
2025-11-21 11:52:24 [INFO] app.modules.data_collection.services.ai_copilot_episodes_info_provider_service:65 - 沉默的荣耀无需填充air_time
2025-11-21 11:52:24 [INFO] app.modules.data_collection.services.tmdb_air_date_provider_service:48 - air date已经补满，无需再补充
2025-11-21 11:52:24 [INFO] app.modules.data_collection.services.ai_copilot_episodes_info_provider_service:65 - 许我耀眼无需填充air_time
2025-11-21 11:52:24 [INFO] app.modules.data_collection.services.tmdb_air_date_provider_service:48 - air date已经补满，无需再补充
2025-11-21 11:52:24 [INFO] app.modules.data_collection.services.ai_copilot_episodes_info_provider_service:65 - 如果我不曾见过太阳无需填充air_time
2025-11-21 11:52:24 [INFO] app.modules.data_collection.services.tmdb_air_date_provider_service:48 - air date已经补满，无需再补充
2025-11-21 11:52:24 [INFO] app.modules.data_collection.services.ai_copilot_episodes_info_provider_service:65 - 棕眼之谜无需填充air_time
2025-11-21 11:52:24 [INFO] app.modules.data_collection.services.tmdb_air_date_provider_service:48 - air date已经补满，无需再补充
2025-11-21 11:52:24 [INFO] app.modules.data_collection.services.ai_copilot_episodes_info_provider_service:65 - 回魂计无需填充air_time
2025-11-21 11:52:24 [INFO] app.modules.data_collection.services.tmdb_air_date_provider_service:48 - air date已经补满，无需再补充
2025-11-21 11:52:24 [INFO] app.modules.data_collection.services.ai_copilot_episodes_info_provider_service:65 - 重影无需填充air_time
2025-11-21 11:52:24 [INFO] app.modules.data_collection.services.tmdb_air_date_provider_service:48 - air date已经补满，无需再补充
2025-11-21 11:52:24 [INFO] app.modules.data_collection.services.ai_copilot_episodes_info_provider_service:65 - 赴山海无需填充air_time
2025-11-21 11:52:24 [INFO] app.modules.data_collection.services.tmdb_air_date_provider_service:48 - air date已经补满，无需再补充
2025-11-21 11:52:24 [INFO] app.modules.data_collection.services.ai_copilot_episodes_info_provider_service:65 - 不眠日无需填充air_time
2025-11-21 11:52:24 [INFO] app.modules.data_collection.services.tmdb_air_date_provider_service:48 - air date已经补满，无需再补充
2025-11-21 11:52:24 [INFO] app.modules.data_collection.services.ai_copilot_episodes_info_provider_service:65 - 一笑随歌无需填充air_time
2025-11-21 11:52:24 [INFO] app.modules.data_collection.services.tmdb_air_date_provider_service:48 - air date已经补满，无需再补充
2025-11-21 11:52:24 [INFO] app.modules.data_collection.services.ai_copilot_episodes_info_provider_service:65 - 生万物无需填充air_time
2025-11-21 11:52:24 [INFO] app.modules.data_collection.services.tmdb_air_date_provider_service:48 - air date已经补满，无需再补充
2025-11-21 11:52:24 [INFO] app.modules.data_collection.services.ai_copilot_episodes_info_provider_service:65 - 宴遇永安无需填充air_time
2025-11-21 11:52:24 [INFO] app.modules.data_collection.services.tmdb_air_date_provider_service:48 - air date已经补满，无需再补充
2025-11-21 11:52:24 [INFO] app.modules.data_collection.services.ai_copilot_episodes_info_provider_service:65 - 人浮于爱无需填充air_time
2025-11-21 11:52:24 [INFO] app.modules.data_collection.services.tmdb_air_date_provider_service:48 - air date已经补满，无需再补充
2025-11-21 11:52:24 [INFO] app.modules.data_collection.services.ai_copilot_episodes_info_provider_service:65 - 十二封信无需填充air_time
2025-11-21 11:52:24 [ERROR] app.modules.data_collection.services.douban_movie_data_provider_service:53 - 'year'
Traceback (most recent call last):
  File "D:\HLworkspace\temp\SyncCloudDisk2.0\app\modules\data_collection\services\douban_movie_data_provider_service.py", line 45, in search
    year=i['target']['year']
         ~~~~~~~~~~~^^^^^^^^
KeyError: 'year'
2025-11-21 11:52:24 [INFO] app.flow.sync_new_movie_flow:96 - 未能从豆瓣中搜索到：provider=<MetaDataProviderEnum.RENREN: '人人视频'> title='火车梦' id='54529' year='2025' movie_type=<MovieType.MOVIE: 'Movie'>
2025-11-21 11:52:24 [INFO] app.modules.data_collection.services.tmdb_air_date_provider_service:48 - air date已经补满，无需再补充
2025-11-21 11:52:24 [INFO] app.modules.data_collection.services.ai_copilot_episodes_info_provider_service:65 - 余生有涯无需填充air_time
2025-11-21 11:52:24 [INFO] app.modules.data_collection.services.tmdb_air_date_provider_service:48 - air date已经补满，无需再补充
2025-11-21 11:52:24 [INFO] app.modules.data_collection.services.ai_copilot_episodes_info_provider_service:65 - 红石榴餐厅无需填充air_time
2025-11-21 11:52:24 [INFO] app.modules.data_collection.services.tmdb_air_date_provider_service:48 - air date已经补满，无需再补充
2025-11-21 11:52:24 [INFO] app.modules.data_collection.services.ai_copilot_episodes_info_provider_service:65 - 绝命法官无需填充air_time
2025-11-21 11:52:24 [INFO] app.modules.data_collection.services.tmdb_air_date_provider_service:48 - air date已经补满，无需再补充
2025-11-21 11:52:24 [INFO] app.modules.data_collection.services.ai_copilot_episodes_info_provider_service:65 - 看看你有多爱我无需填充air_time
2025-11-21 11:52:26 [INFO] app.modules.data_collection.services.ai_copilot_episodes_info_provider_service:65 - 勿扰飞升无需填充air_time
2025-11-21 11:52:26 [INFO] app.modules.data_collection.services.tmdb_air_date_provider_service:48 - air date已经补满，无需再补充
2025-11-21 11:52:26 [INFO] app.modules.data_collection.services.ai_copilot_episodes_info_provider_service:65 - 子夜归无需填充air_time
2025-11-21 11:52:27 [INFO] app.modules.data_collection.services.ai_copilot_episodes_info_provider_service:65 - 乌蒙深处无需填充air_time
2025-11-21 11:52:28 [INFO] app.modules.data_collection.services.tmdb_air_date_provider_service:48 - air date已经补满，无需再补充
2025-11-21 11:52:28 [INFO] app.modules.data_collection.services.ai_copilot_episodes_info_provider_service:65 - 守护解放西6无需填充air_time
2025-11-21 11:52:28 [INFO] app.modules.data_collection.services.tmdb_air_date_provider_service:48 - air date已经补满，无需再补充
2025-11-21 11:52:28 [INFO] app.modules.data_collection.services.ai_copilot_episodes_info_provider_service:65 - 吴邪私家笔记无需填充air_time
2025-11-21 11:52:28 [INFO] app.modules.data_collection.services.tmdb_air_date_provider_service:48 - air date已经补满，无需再补充
2025-11-21 11:52:28 [INFO] app.modules.data_collection.services.ai_copilot_episodes_info_provider_service:65 - 锦月令无需填充air_time
2025-11-21 11:52:28 [INFO] app.modules.data_collection.services.tmdb_air_date_provider_service:48 - air date已经补满，无需再补充
2025-11-21 11:52:28 [INFO] app.modules.data_collection.services.ai_copilot_episodes_info_provider_service:65 - 献鱼无需填充air_time
2025-11-21 11:52:28 [INFO] app.modules.data_collection.services.tmdb_air_date_provider_service:48 - air date已经补满，无需再补充
2025-11-21 11:52:28 [INFO] app.modules.data_collection.services.ai_copilot_episodes_info_provider_service:65 - 欢乐家长群2无需填充air_time
2025-11-21 11:52:28 [INFO] app.modules.data_collection.services.tmdb_air_date_provider_service:48 - air date已经补满，无需再补充
2025-11-21 11:52:28 [INFO] app.modules.data_collection.services.ai_copilot_episodes_info_provider_service:65 - 吾岸无需填充air_time
2025-11-21 11:52:28 [INFO] app.modules.data_collection.services.tmdb_air_date_provider_service:48 - air date已经补满，无需再补充
2025-11-21 11:52:28 [INFO] app.modules.data_collection.services.ai_copilot_episodes_info_provider_service:65 - 目之所及无需填充air_time
2025-11-21 11:52:29 [WARNING] app.modules.data_collection.services.fallback_split_title_season_service:26 - title_season=死亡使者 为匹配到任何分割规则
2025-11-21 11:52:40 [WARNING] openai.agents:96 - OPENAI_API_KEY is not set, skipping trace export
2025-11-21 11:53:39 [WARNING] app.modules.data_collection.services.fallback_split_title_season_service:41 - title_season=死亡使者 为匹配到任何分割规则
2025-11-21 11:53:40 [WARNING] openai.agents:96 - OPENAI_API_KEY is not set, skipping trace export
2025-11-21 11:53:41 [INFO] app.modules.data_collection.services.fallback_tmdb_id_provider_service:36 - 从tmdb_info_provider获取到(252739, 0)
2025-11-21 11:53:44 [INFO] app.modules.data_collection.services.fallback_tmdb_id_provider_service:36 - 从tmdb_info_provider获取到(252739, 0)
2025-11-21 11:53:50 [WARNING] openai.agents:96 - OPENAI_API_KEY is not set, skipping trace export
2025-11-21 11:54:02 [WARNING] app.modules.data_collection.services.fallback_split_title_season_service:26 - title_season=สิงสาลาตาย 为匹配到任何分割规则
2025-11-21 11:54:02 [WARNING] app.modules.data_collection.services.fallback_split_title_season_service:26 - title_season=失序边缘 为匹配到任何分割规则
2025-11-21 11:54:02 [WARNING] app.modules.data_collection.services.fallback_split_title_season_service:41 - title_season=失序边缘 为匹配到任何分割规则
2025-11-21 11:54:05 [WARNING] openai.agents:96 - OPENAI_API_KEY is not set, skipping trace export
2025-11-21 11:54:05 [INFO] app.modules.data_collection.services.fallback_tmdb_id_provider_service:36 - 从tmdb_info_provider获取到(221079, 1)
2025-11-21 11:54:07 [INFO] app.modules.data_collection.services.fallback_tmdb_id_provider_service:36 - 从tmdb_info_provider获取到(221079, 1)
2025-11-21 11:54:10 [WARNING] openai.agents:96 - OPENAI_API_KEY is not set, skipping trace export
2025-11-21 11:54:23 [WARNING] app.modules.data_collection.services.fallback_split_title_season_service:26 - title_season=The Last Frontier 为匹配到任何分割规则
2025-11-21 11:54:24 [WARNING] app.modules.data_collection.services.a_tmdb_id_provider_service:154 - 未匹配到与title_season的tmdb_id和season，title_season=同乐者 第一季,movie_type=MovieType.TV,year=2025
2025-11-21 11:54:25 [WARNING] openai.agents:96 - OPENAI_API_KEY is not set, skipping trace export
2025-11-21 11:54:26 [WARNING] app.modules.data_collection.services.a_tmdb_id_provider_service:154 - 未匹配到与title_season的tmdb_id和season，title_season=Pluribus Season 1,movie_type=MovieType.TV,year=2025
2025-11-21 11:54:26 [INFO] app.modules.data_collection.services.a_tmdb_id_provider_service:173 - 未搜索到"同乐者 第一季的tmdb_id"
2025-11-21 11:54:26 [WARNING] app.modules.data_collection.services.fallback_tmdb_id_provider_service:32 - 未从a_tmdb_id_provider获取到tmdb信息
2025-11-21 11:54:27 [WARNING] app.modules.data_collection.services.b_tmdb_provider_service:47 - 未搜索到任何内容或与搜索结果title不同，参数：title=同乐者,season=第 1 季  搜索结果：[{'adult': False, 'backdrop_path': '/8Y6A0bjCi1ZVAYQzf0LlEmckv5O.jpg', 'genre_ids': [18, 10765], 'id': 225171, 'origin_country': ['US'], 'original_language': 'en', 'original_name': 'Pluribus', 'overview': '故事围绕“幸福也会像病毒一样传染”这一概念展开。背景设定在一个与现实世界相似却被微妙扭曲的平行世界中，当快乐突然成为可怕的“传染病”，女主必须想办法在这场全民狂欢中拯救世界。', 'popularity': 111.9474, 'poster_path': '/pGl5oc6dN6DKWDGgDPbeplxxPS6.jpg', 'first_air_date': '2025-11-06', 'name': 'Pluribus', 'vote_average': 8.4, 'vote_count': 118}]
2025-11-21 11:54:29 [INFO] app.modules.data_collection.services.fallback_tmdb_id_provider_service:36 - 从tmdb_info_provider获取到(225171, 1)
2025-11-21 11:54:31 [WARNING] app.modules.data_collection.services.a_tmdb_id_provider_service:154 - 未匹配到与title_season的tmdb_id和season，title_season=同乐者 第一季,movie_type=MovieType.TV,year=2025
2025-11-21 11:54:32 [WARNING] app.modules.data_collection.services.a_tmdb_id_provider_service:154 - 未匹配到与title_season的tmdb_id和season，title_season=Pluribus Season 1,movie_type=MovieType.TV,year=2025
2025-11-21 11:54:32 [INFO] app.modules.data_collection.services.a_tmdb_id_provider_service:173 - 未搜索到"同乐者 第一季的tmdb_id"
2025-11-21 11:54:32 [WARNING] app.modules.data_collection.services.fallback_tmdb_id_provider_service:32 - 未从a_tmdb_id_provider获取到tmdb信息
2025-11-21 11:54:33 [WARNING] app.modules.data_collection.services.b_tmdb_provider_service:47 - 未搜索到任何内容或与搜索结果title不同，参数：title=同乐者,season=第 1 季  搜索结果：[{'adult': False, 'backdrop_path': '/8Y6A0bjCi1ZVAYQzf0LlEmckv5O.jpg', 'genre_ids': [18, 10765], 'id': 225171, 'origin_country': ['US'], 'original_language': 'en', 'original_name': 'Pluribus', 'overview': '故事围绕“幸福也会像病毒一样传染”这一概念展开。背景设定在一个与现实世界相似却被微妙扭曲的平行世界中，当快乐突然成为可怕的“传染病”，女主必须想办法在这场全民狂欢中拯救世界。', 'popularity': 111.9474, 'poster_path': '/pGl5oc6dN6DKWDGgDPbeplxxPS6.jpg', 'first_air_date': '2025-11-06', 'name': 'Pluribus', 'vote_average': 8.4, 'vote_count': 118}]
2025-11-21 11:54:36 [INFO] app.modules.data_collection.services.fallback_tmdb_id_provider_service:36 - 从tmdb_info_provider获取到(225171, 1)
2025-11-21 11:54:40 [WARNING] openai.agents:96 - OPENAI_API_KEY is not set, skipping trace export
2025-11-21 11:54:55 [WARNING] openai.agents:96 - OPENAI_API_KEY is not set, skipping trace export
2025-11-21 11:54:57 [WARNING] app.modules.data_collection.services.a_tmdb_id_provider_service:154 - 未匹配到与title_season的tmdb_id和season，title_season=模范出租车3,movie_type=MovieType.TV,year=2025
2025-11-21 11:54:58 [WARNING] app.modules.data_collection.services.a_tmdb_id_provider_service:154 - 未匹配到与title_season的tmdb_id和season，title_season=모범택시 시즌3,movie_type=MovieType.TV,year=2025
2025-11-21 11:54:58 [INFO] app.modules.data_collection.services.a_tmdb_id_provider_service:173 - 未搜索到"模范出租车3的tmdb_id"
2025-11-21 11:54:58 [WARNING] app.modules.data_collection.services.fallback_tmdb_id_provider_service:32 - 未从a_tmdb_id_provider获取到tmdb信息
2025-11-21 11:55:01 [INFO] app.modules.data_collection.services.fallback_tmdb_id_provider_service:36 - 从tmdb_info_provider获取到(119769, 3)
2025-11-21 11:55:01 [INFO] app.core.scheduler:480 - Dispatching scheduled job f8e4963f2a92414589a557957998c0a7 -> 将所有网盘已更新到最新进度的movie推送到平台
2025-11-21 11:55:01 [INFO] app.core.scheduler:506 - Scheduled job f8e4963f2a92414589a557957998c0a7 dispatched to task_manager
2025-11-21 11:55:01 [INFO] root:162 - [task beb05b0edb014d098df8a517cfc3c1f3] log handler attached for capture
2025-11-21 11:55:02 [WARNING] app.modules.data_collection.services.a_tmdb_id_provider_service:154 - 未匹配到与title_season的tmdb_id和season，title_season=模范出租车3,movie_type=MovieType.TV,year=2025
2025-11-21 11:55:03 [WARNING] app.modules.data_collection.services.a_tmdb_id_provider_service:154 - 未匹配到与title_season的tmdb_id和season，title_season=모범택시 시즌3,movie_type=MovieType.TV,year=2025
2025-11-21 11:55:03 [INFO] app.modules.data_collection.services.a_tmdb_id_provider_service:173 - 未搜索到"模范出租车3的tmdb_id"
2025-11-21 11:55:03 [WARNING] app.modules.data_collection.services.fallback_tmdb_id_provider_service:32 - 未从a_tmdb_id_provider获取到tmdb信息
2025-11-21 11:55:06 [INFO] app.modules.data_collection.services.fallback_tmdb_id_provider_service:36 - 从tmdb_info_provider获取到(119769, 3)
2025-11-21 11:55:07 [INFO] app.flow.sync_new_movie_flow:327 - 将['赴山海', '欢乐家长群2', '暴风圈', '照镜辞', '漫威丧尸', '弥留之国的爱丽丝 第三季', '行骗天下KR', '健力士王朝', '犯罪现场 Zero', '科斯缇娜酒店', '入青云', '回魂计', '水龙吟', '锦月令', '棕眼之谜', '三人行', '黑盒子', '大厨小婿']发布至平台
2025-11-21 11:55:07 [INFO] app.modules.publish.clients.tg_client:48 - Deleted old message id=179
2025-11-21 11:55:07 [INFO] app.modules.publish.clients.tg_client:54 - 成功向TG发送消息，消息id=191
2025-11-21 11:55:10 [WARNING] openai.agents:96 - OPENAI_API_KEY is not set, skipping trace export
2025-11-21 11:55:30 [WARNING] openai.agents:96 - OPENAI_API_KEY is not set, skipping trace export
2025-11-21 11:55:32 [WARNING] app.modules.data_collection.services.fallback_split_title_season_service:26 - title_season=모범택시 시즌3 为匹配到任何分割规则
2025-11-21 11:55:33 [WARNING] app.modules.data_collection.services.a_tmdb_id_provider_service:154 - 未匹配到与title_season的tmdb_id和season，title_season=贵族高中：我们之间的鸿沟 第二季,movie_type=MovieType.TV,year=2025
2025-11-21 11:55:34 [WARNING] app.modules.data_collection.services.a_tmdb_id_provider_service:154 - 未匹配到与title_season的tmdb_id和season，title_season=Maxton Hall - Die Welt zwischen uns Season 2,movie_type=MovieType.TV,year=2025
2025-11-21 11:55:34 [INFO] app.modules.data_collection.services.a_tmdb_id_provider_service:173 - 未搜索到"贵族高中：我们之间的鸿沟 第二季的tmdb_id"
2025-11-21 11:55:34 [WARNING] app.modules.data_collection.services.fallback_tmdb_id_provider_service:32 - 未从a_tmdb_id_provider获取到tmdb信息
2025-11-21 11:55:37 [INFO] app.modules.data_collection.services.fallback_tmdb_id_provider_service:36 - 从tmdb_info_provider获取到(250670, 2)
2025-11-21 11:55:38 [WARNING] app.modules.data_collection.services.a_tmdb_id_provider_service:154 - 未匹配到与title_season的tmdb_id和season，title_season=贵族高中：我们之间的鸿沟 第二季,movie_type=MovieType.TV,year=2025
2025-11-21 11:55:39 [WARNING] app.modules.data_collection.services.a_tmdb_id_provider_service:154 - 未匹配到与title_season的tmdb_id和season，title_season=Maxton Hall - Die Welt zwischen uns Season 2,movie_type=MovieType.TV,year=2025
2025-11-21 11:55:39 [INFO] app.modules.data_collection.services.a_tmdb_id_provider_service:173 - 未搜索到"贵族高中：我们之间的鸿沟 第二季的tmdb_id"
2025-11-21 11:55:39 [WARNING] app.modules.data_collection.services.fallback_tmdb_id_provider_service:32 - 未从a_tmdb_id_provider获取到tmdb信息
2025-11-21 11:55:42 [INFO] app.modules.data_collection.services.fallback_tmdb_id_provider_service:36 - 从tmdb_info_provider获取到(250670, 2)
2025-11-21 11:55:45 [WARNING] openai.agents:96 - OPENAI_API_KEY is not set, skipping trace export
2025-11-21 11:55:55 [WARNING] openai.agents:96 - OPENAI_API_KEY is not set, skipping trace export
2025-11-21 11:55:58 [INFO] app.modules.data_collection.services.fallback_tmdb_id_provider_service:36 - 从tmdb_info_provider获取到(1363123, None)
2025-11-21 11:56:01 [WARNING] app.modules.data_collection.services.fallback_split_title_season_service:26 - title_season=The Family Plan 2 为匹配到任何分割规则
2025-11-21 11:56:02 [WARNING] app.modules.data_collection.services.a_tmdb_id_provider_service:154 - 未匹配到与title_season的tmdb_id和season，title_season=卧底老绅士 第二季,movie_type=MovieType.TV,year=2025
2025-11-21 11:56:03 [WARNING] app.modules.data_collection.services.a_tmdb_id_provider_service:154 - 未匹配到与title_season的tmdb_id和season，title_season=A Man on the Inside Season 2,movie_type=MovieType.TV,year=2025
2025-11-21 11:56:03 [INFO] app.modules.data_collection.services.a_tmdb_id_provider_service:173 - 未搜索到"卧底老绅士 第二季的tmdb_id"
2025-11-21 11:56:03 [WARNING] app.modules.data_collection.services.fallback_tmdb_id_provider_service:32 - 未从a_tmdb_id_provider获取到tmdb信息
2025-11-21 11:56:06 [INFO] app.modules.data_collection.services.fallback_tmdb_id_provider_service:36 - 从tmdb_info_provider获取到(245312, 2)
2025-11-21 11:56:07 [WARNING] app.modules.data_collection.services.a_tmdb_id_provider_service:154 - 未匹配到与title_season的tmdb_id和season，title_season=卧底老绅士 第二季,movie_type=MovieType.TV,year=2025
2025-11-21 11:56:08 [WARNING] app.modules.data_collection.services.a_tmdb_id_provider_service:154 - 未匹配到与title_season的tmdb_id和season，title_season=A Man on the Inside Season 2,movie_type=MovieType.TV,year=2025
2025-11-21 11:56:08 [INFO] app.modules.data_collection.services.a_tmdb_id_provider_service:173 - 未搜索到"卧底老绅士 第二季的tmdb_id"
2025-11-21 11:56:08 [WARNING] app.modules.data_collection.services.fallback_tmdb_id_provider_service:32 - 未从a_tmdb_id_provider获取到tmdb信息
2025-11-21 11:56:11 [INFO] app.modules.data_collection.services.fallback_tmdb_id_provider_service:36 - 从tmdb_info_provider获取到(245312, 2)
2025-11-21 11:56:12 [INFO] app.modules.data_collection.services.ai_copilot_episodes_info_provider_service:65 - 卧底老绅士 第二季无需填充air_time
2025-11-21 12:00:00 [INFO] app.core.scheduler:480 - Dispatching scheduled job 801bcf0eccc948a5a886c10106f0331e -> 检测与处理被和谐的分享链接
2025-11-21 12:00:00 [INFO] app.core.scheduler:506 - Scheduled job 801bcf0eccc948a5a886c10106f0331e dispatched to task_manager
2025-11-21 12:00:00 [INFO] app.core.scheduler:480 - Dispatching scheduled job 6f853106834c42dbb500a627c0aa1bbc -> 同步今日可更新影视资源到网盘
2025-11-21 12:00:00 [INFO] app.core.scheduler:506 - Scheduled job 6f853106834c42dbb500a627c0aa1bbc dispatched to task_manager
2025-11-21 12:00:00 [INFO] app.core.scheduler:480 - Dispatching scheduled job f8e4963f2a92414589a557957998c0a7 -> 将所有网盘已更新到最新进度的movie推送到平台
2025-11-21 12:00:00 [INFO] app.core.scheduler:506 - Scheduled job f8e4963f2a92414589a557957998c0a7 dispatched to task_manager
2025-11-21 12:00:00 [INFO] app.core.scheduler:480 - Dispatching scheduled job c2e99644883b4e45970ae3659962985d -> 获取今日新的影视，从人人视频抓取
2025-11-21 12:00:00 [INFO] app.core.scheduler:506 - Scheduled job c2e99644883b4e45970ae3659962985d dispatched to task_manager
2025-11-21 12:00:00 [INFO] app.core.scheduler:480 - Dispatching scheduled job 90b4c4751ea04215ae16907f8bb420b7 -> 豆瓣热门影视采集
2025-11-21 12:00:00 [INFO] app.core.scheduler:506 - Scheduled job 90b4c4751ea04215ae16907f8bb420b7 dispatched to task_manager
2025-11-21 12:00:00 [INFO] root:162 - [task 88b404882e084033b0b3027980e8948b] log handler attached for capture
2025-11-21 12:00:00 [INFO] root:162 - [task e2b8dead811a40e49ca07188e7a202ba] log handler attached for capture
2025-11-21 12:00:00 [INFO] root:162 - [task c8577cbbe1fb441e9f43aa11b547201f] log handler attached for capture
2025-11-21 12:00:00 [INFO] root:162 - [task cd9ea4e918ef477597bbf93642366f48] log handler attached for capture
2025-11-21 12:00:00 [INFO] root:162 - [task ac736e8df4194f78a7e149dfc4e9eb01] log handler attached for capture
2025-11-21 12:00:00 [INFO] app.flow.sync_new_movie_flow:327 - 将['赴山海', '欢乐家长群2', '暴风圈', '照镜辞', '漫威丧尸', '弥留之国的爱丽丝 第三季', '行骗天下KR', '健力士王朝', '犯罪现场 Zero', '科斯缇娜酒店', '入青云', '回魂计', '水龙吟', '锦月令', '棕眼之谜', '三人行', '黑盒子', '大厨小婿']发布至平台
2025-11-21 12:00:01 [INFO] app.flow.sync_new_movie_flow:148 - 采集到40个影视
2025-11-21 12:00:02 [INFO] app.modules.data_collection.services.ai_copilot_episodes_info_provider_service:65 - 暗河传无需填充air_time
2025-11-21 12:00:03 [WARNING] app.modules.data_collection.services.a_tmdb_id_provider_service:154 - 未匹配到与title_season的tmdb_id和season，title_season=唐朝诡事录之长安,movie_type=MovieType.TV,year=2025
2025-11-21 12:00:03 [INFO] app.modules.data_collection.services.a_tmdb_id_provider_service:173 - 未搜索到"唐朝诡事录之长安的tmdb_id"
2025-11-21 12:00:03 [WARNING] app.modules.data_collection.services.fallback_tmdb_id_provider_service:32 - 未从a_tmdb_id_provider获取到tmdb信息
2025-11-21 12:00:05 [WARNING] app.modules.data_collection.services.b_tmdb_provider_service:47 - 未搜索到任何内容或与搜索结果title不同，参数：title=唐朝诡事录之长安,season=第 1 季  搜索结果：[{'adult': False, 'backdrop_path': '/8b5yXvmWSOl64Abk1wMYhzs4OnP.jpg', 'genre_ids': [9648, 80, 18, 10759], 'id': 211089, 'origin_country': ['CN'], 'original_language': 'zh', 'original_name': '唐朝诡事录', 'overview': '该剧改编自作家魏风华同名原著，讲述了在繁华的大唐盛世之下发生的一系列奇闻异事，长安金吾卫中郎将卢凌风将与狄公亲传弟子苏无名携手共破诡案，守护苍生，担负起挽救社稷于危急的使命。', 'popularity': 46.3894, 'poster_path': '/u1jhOe8iwuRZfE6wd5YYqtVLidg.jpg', 'first_air_date': '2022-09-27', 'name': '唐朝诡事录', 'vote_average': 8.2, 'vote_count': 34}]
2025-11-21 12:00:05 [WARNING] app.modules.data_collection.services.fallback_tmdb_id_provider_service:40 - 未从b_tmdb_id_provider获取到tmdb信息，将返回tmdb_info.id tmdb_info.season_number 为None
2025-11-21 12:00:06 [WARNING] app.modules.data_collection.services.a_tmdb_id_provider_service:154 - 未匹配到与title_season的tmdb_id和season，title_season=唐朝诡事录之长安,movie_type=MovieType.TV,year=2025
2025-11-21 12:00:06 [INFO] app.modules.data_collection.services.a_tmdb_id_provider_service:173 - 未搜索到"唐朝诡事录之长安的tmdb_id"
2025-11-21 12:00:06 [WARNING] app.modules.data_collection.services.fallback_tmdb_id_provider_service:32 - 未从a_tmdb_id_provider获取到tmdb信息
2025-11-21 12:00:07 [WARNING] app.modules.data_collection.services.b_tmdb_provider_service:47 - 未搜索到任何内容或与搜索结果title不同，参数：title=唐朝诡事录之长安,season=第 1 季  搜索结果：[{'adult': False, 'backdrop_path': '/8b5yXvmWSOl64Abk1wMYhzs4OnP.jpg', 'genre_ids': [9648, 80, 18, 10759], 'id': 211089, 'origin_country': ['CN'], 'original_language': 'zh', 'original_name': '唐朝诡事录', 'overview': '该剧改编自作家魏风华同名原著，讲述了在繁华的大唐盛世之下发生的一系列奇闻异事，长安金吾卫中郎将卢凌风将与狄公亲传弟子苏无名携手共破诡案，守护苍生，担负起挽救社稷于危急的使命。', 'popularity': 46.3894, 'poster_path': '/u1jhOe8iwuRZfE6wd5YYqtVLidg.jpg', 'first_air_date': '2022-09-27', 'name': '唐朝诡事录', 'vote_average': 8.2, 'vote_count': 34}]
2025-11-21 12:00:07 [WARNING] app.modules.data_collection.services.fallback_tmdb_id_provider_service:40 - 未从b_tmdb_id_provider获取到tmdb信息，将返回tmdb_info.id tmdb_info.season_number 为None
2025-11-21 12:00:07 [WARNING] app.modules.data_collection.services.tmdb_air_date_provider_service:58 - title_season=唐朝诡事录之长安, tmdb_id=None, season=None tmdb_id和tmdb_season至少一个为空，无法搜索tmdb数据库
2025-11-21 12:00:07 [INFO] app.modules.data_collection.services.ai_copilot_episodes_info_provider_service:65 - 唐朝诡事录之长安无需填充air_time
2025-11-21 12:00:08 [INFO] app.modules.data_collection.services.ai_copilot_episodes_info_provider_service:65 - 凤凰台上无需填充air_time
2025-11-21 12:00:08 [INFO] app.modules.data_collection.services.tmdb_air_date_provider_service:48 - air date已经补满，无需再补充
2025-11-21 12:00:08 [INFO] app.modules.data_collection.services.ai_copilot_episodes_info_provider_service:65 - 他为什么依然单身无需填充air_time
2025-11-21 12:00:08 [INFO] app.modules.data_collection.services.tmdb_air_date_provider_service:48 - air date已经补满，无需再补充
2025-11-21 12:00:08 [INFO] app.modules.data_collection.services.ai_copilot_episodes_info_provider_service:65 - 新闻女王2无需填充air_time
2025-11-21 12:00:08 [INFO] app.modules.data_collection.services.tmdb_air_date_provider_service:48 - air date已经补满，无需再补充
2025-11-21 12:00:08 [INFO] app.modules.data_collection.services.ai_copilot_episodes_info_provider_service:65 - 四喜无需填充air_time
2025-11-21 12:00:08 [INFO] app.modules.data_collection.services.tmdb_air_date_provider_service:48 - air date已经补满，无需再补充
2025-11-21 12:00:08 [INFO] app.modules.data_collection.services.ai_copilot_episodes_info_provider_service:65 - 天地剑心无需填充air_time
2025-11-21 12:00:08 [INFO] app.modules.data_collection.services.tmdb_air_date_provider_service:48 - air date已经补满，无需再补充
2025-11-21 12:00:08 [INFO] app.modules.data_collection.services.ai_copilot_episodes_info_provider_service:65 - 树影迷宫无需填充air_time
2025-11-21 12:00:08 [INFO] app.modules.data_collection.services.tmdb_air_date_provider_service:48 - air date已经补满，无需再补充
2025-11-21 12:00:08 [INFO] app.modules.data_collection.services.ai_copilot_episodes_info_provider_service:65 - 三人行无需填充air_time
2025-11-21 12:00:08 [INFO] app.modules.data_collection.services.tmdb_air_date_provider_service:48 - air date已经补满，无需再补充
2025-11-21 12:00:08 [INFO] app.modules.data_collection.services.ai_copilot_episodes_info_provider_service:65 - 命悬一生无需填充air_time
2025-11-21 12:00:09 [INFO] app.modules.data_collection.services.tmdb_air_date_provider_service:48 - air date已经补满，无需再补充
2025-11-21 12:00:09 [INFO] app.modules.data_collection.services.ai_copilot_episodes_info_provider_service:65 - 山河枕无需填充air_time
2025-11-21 12:00:09 [INFO] app.modules.data_collection.services.tmdb_air_date_provider_service:48 - air date已经补满，无需再补充
2025-11-21 12:00:09 [INFO] app.modules.data_collection.services.ai_copilot_episodes_info_provider_service:65 - 水龙吟无需填充air_time
2025-11-21 12:00:09 [INFO] app.modules.data_collection.services.tmdb_air_date_provider_service:48 - air date已经补满，无需再补充
2025-11-21 12:00:09 [INFO] app.modules.data_collection.services.ai_copilot_episodes_info_provider_service:65 - 入青云无需填充air_time
2025-11-21 12:00:09 [INFO] app.modules.data_collection.services.tmdb_air_date_provider_service:48 - air date已经补满，无需再补充
2025-11-21 12:00:09 [INFO] app.modules.data_collection.services.ai_copilot_episodes_info_provider_service:65 - 沉默的荣耀无需填充air_time
2025-11-21 12:00:09 [INFO] app.modules.data_collection.services.tmdb_air_date_provider_service:48 - air date已经补满，无需再补充
2025-11-21 12:00:09 [INFO] app.modules.data_collection.services.ai_copilot_episodes_info_provider_service:65 - 许我耀眼无需填充air_time
2025-11-21 12:00:09 [INFO] app.modules.data_collection.services.tmdb_air_date_provider_service:48 - air date已经补满，无需再补充
2025-11-21 12:00:09 [INFO] app.modules.data_collection.services.ai_copilot_episodes_info_provider_service:65 - 如果我不曾见过太阳无需填充air_time
2025-11-21 12:00:09 [ERROR] app.modules.data_collection.services.douban_movie_data_provider_service:53 - 'year'
Traceback (most recent call last):
  File "D:\HLworkspace\temp\SyncCloudDisk2.0\app\modules\data_collection\services\douban_movie_data_provider_service.py", line 45, in search
    year=i['target']['year']
         ~~~~~~~~~~~^^^^^^^^
KeyError: 'year'
2025-11-21 12:00:09 [INFO] app.flow.sync_new_movie_flow:96 - 未能从豆瓣中搜索到：provider=<MetaDataProviderEnum.RENREN: '人人视频'> title='火车梦' id='54529' year='2025' movie_type=<MovieType.MOVIE: 'Movie'>
2025-11-21 12:00:09 [INFO] app.modules.data_collection.services.tmdb_air_date_provider_service:48 - air date已经补满，无需再补充
2025-11-21 12:00:09 [INFO] app.modules.data_collection.services.ai_copilot_episodes_info_provider_service:65 - 棕眼之谜无需填充air_time
2025-11-21 12:00:09 [INFO] app.modules.data_collection.services.tmdb_air_date_provider_service:48 - air date已经补满，无需再补充
2025-11-21 12:00:09 [INFO] app.modules.data_collection.services.ai_copilot_episodes_info_provider_service:65 - 回魂计无需填充air_time
2025-11-21 12:00:09 [INFO] app.modules.data_collection.services.tmdb_air_date_provider_service:48 - air date已经补满，无需再补充
2025-11-21 12:00:09 [INFO] app.modules.data_collection.services.ai_copilot_episodes_info_provider_service:65 - 重影无需填充air_time
2025-11-21 12:00:09 [INFO] app.modules.data_collection.services.tmdb_air_date_provider_service:48 - air date已经补满，无需再补充
2025-11-21 12:00:09 [INFO] app.modules.data_collection.services.ai_copilot_episodes_info_provider_service:65 - 赴山海无需填充air_time
2025-11-21 12:00:09 [INFO] app.modules.data_collection.services.tmdb_air_date_provider_service:48 - air date已经补满，无需再补充
2025-11-21 12:00:09 [INFO] app.modules.data_collection.services.ai_copilot_episodes_info_provider_service:65 - 不眠日无需填充air_time
2025-11-21 12:00:09 [INFO] app.modules.data_collection.services.tmdb_air_date_provider_service:48 - air date已经补满，无需再补充
2025-11-21 12:00:09 [INFO] app.modules.data_collection.services.ai_copilot_episodes_info_provider_service:65 - 一笑随歌无需填充air_time
2025-11-21 12:00:09 [INFO] app.modules.data_collection.services.tmdb_air_date_provider_service:48 - air date已经补满，无需再补充
2025-11-21 12:00:09 [INFO] app.modules.data_collection.services.ai_copilot_episodes_info_provider_service:65 - 生万物无需填充air_time
2025-11-21 12:00:09 [INFO] app.modules.data_collection.services.tmdb_air_date_provider_service:48 - air date已经补满，无需再补充
2025-11-21 12:00:09 [INFO] app.modules.data_collection.services.ai_copilot_episodes_info_provider_service:65 - 宴遇永安无需填充air_time
2025-11-21 12:00:09 [INFO] app.modules.data_collection.services.tmdb_air_date_provider_service:48 - air date已经补满，无需再补充
2025-11-21 12:00:09 [INFO] app.modules.data_collection.services.ai_copilot_episodes_info_provider_service:65 - 人浮于爱无需填充air_time
2025-11-21 12:00:09 [INFO] app.modules.data_collection.services.tmdb_air_date_provider_service:48 - air date已经补满，无需再补充
2025-11-21 12:00:09 [INFO] app.modules.data_collection.services.ai_copilot_episodes_info_provider_service:65 - 十二封信无需填充air_time
2025-11-21 12:00:09 [INFO] app.modules.data_collection.services.tmdb_air_date_provider_service:48 - air date已经补满，无需再补充
2025-11-21 12:00:09 [INFO] app.modules.data_collection.services.ai_copilot_episodes_info_provider_service:65 - 余生有涯无需填充air_time
2025-11-21 12:00:09 [INFO] app.modules.data_collection.services.tmdb_air_date_provider_service:48 - air date已经补满，无需再补充
2025-11-21 12:00:09 [INFO] app.modules.data_collection.services.ai_copilot_episodes_info_provider_service:65 - 红石榴餐厅无需填充air_time
2025-11-21 12:00:09 [INFO] app.modules.data_collection.services.tmdb_air_date_provider_service:48 - air date已经补满，无需再补充
2025-11-21 12:00:09 [INFO] app.modules.data_collection.services.ai_copilot_episodes_info_provider_service:65 - 绝命法官无需填充air_time
2025-11-21 12:00:10 [INFO] app.modules.data_collection.services.tmdb_air_date_provider_service:48 - air date已经补满，无需再补充
2025-11-21 12:00:10 [INFO] app.modules.data_collection.services.ai_copilot_episodes_info_provider_service:65 - 看看你有多爱我无需填充air_time
2025-11-21 12:00:11 [INFO] app.modules.data_collection.services.ai_copilot_episodes_info_provider_service:65 - 勿扰飞升无需填充air_time
2025-11-21 12:00:11 [INFO] app.modules.data_collection.services.tmdb_air_date_provider_service:48 - air date已经补满，无需再补充
2025-11-21 12:00:11 [INFO] app.modules.data_collection.services.ai_copilot_episodes_info_provider_service:65 - 子夜归无需填充air_time
2025-11-21 12:00:12 [INFO] app.modules.data_collection.services.ai_copilot_episodes_info_provider_service:65 - 乌蒙深处无需填充air_time
2025-11-21 12:00:13 [INFO] app.modules.data_collection.services.tmdb_air_date_provider_service:48 - air date已经补满，无需再补充
2025-11-21 12:00:13 [INFO] app.modules.data_collection.services.ai_copilot_episodes_info_provider_service:65 - 守护解放西6无需填充air_time
2025-11-21 12:00:13 [INFO] app.modules.data_collection.services.tmdb_air_date_provider_service:48 - air date已经补满，无需再补充
2025-11-21 12:00:13 [INFO] app.modules.data_collection.services.ai_copilot_episodes_info_provider_service:65 - 吴邪私家笔记无需填充air_time
2025-11-21 12:00:13 [INFO] app.modules.data_collection.services.tmdb_air_date_provider_service:48 - air date已经补满，无需再补充
2025-11-21 12:00:13 [INFO] app.modules.data_collection.services.ai_copilot_episodes_info_provider_service:65 - 锦月令无需填充air_time
2025-11-21 12:00:13 [INFO] app.modules.data_collection.services.tmdb_air_date_provider_service:48 - air date已经补满，无需再补充
2025-11-21 12:00:13 [INFO] app.modules.data_collection.services.ai_copilot_episodes_info_provider_service:65 - 献鱼无需填充air_time
2025-11-21 12:00:13 [INFO] app.modules.data_collection.services.tmdb_air_date_provider_service:48 - air date已经补满，无需再补充
2025-11-21 12:00:13 [INFO] app.modules.data_collection.services.ai_copilot_episodes_info_provider_service:65 - 欢乐家长群2无需填充air_time
2025-11-21 12:00:13 [INFO] app.modules.data_collection.services.tmdb_air_date_provider_service:48 - air date已经补满，无需再补充
2025-11-21 12:00:13 [INFO] app.modules.data_collection.services.ai_copilot_episodes_info_provider_service:65 - 吾岸无需填充air_time
2025-11-21 12:00:13 [INFO] app.modules.data_collection.services.tmdb_air_date_provider_service:48 - air date已经补满，无需再补充
2025-11-21 12:00:13 [INFO] app.modules.data_collection.services.ai_copilot_episodes_info_provider_service:65 - 目之所及无需填充air_time
2025-11-21 12:00:14 [WARNING] app.modules.data_collection.services.fallback_split_title_season_service:26 - title_season=死亡使者 为匹配到任何分割规则
2025-11-21 12:00:14 [WARNING] app.modules.data_collection.services.fallback_split_title_season_service:41 - title_season=死亡使者 为匹配到任何分割规则
2025-11-21 12:00:16 [INFO] app.modules.data_collection.services.fallback_tmdb_id_provider_service:36 - 从tmdb_info_provider获取到(252739, 0)
2025-11-21 12:00:19 [INFO] app.modules.data_collection.services.fallback_tmdb_id_provider_service:36 - 从tmdb_info_provider获取到(252739, 0)
2025-11-21 12:00:21 [WARNING] openai.agents:96 - OPENAI_API_KEY is not set, skipping trace export
2025-11-21 12:00:22 [INFO] app.flow.sync_new_movie_flow:181 - 今日已到更新时间点的movie:['新闻女王2', '勿扰飞升']
2025-11-21 12:00:22 [WARNING] app.flow.sync_new_movie_flow:186 - 这些movie由于tmdb_info为空无法同步：[]
2025-11-21 12:00:26 [INFO] app.modules.filter.services.regex_target_link_filter:50 - 匹配成功: link_title="新闻女王2 4K[臻彩]" movie_title_season="新闻女王2" pattern="^新闻女王2.*"
2025-11-21 12:00:26 [INFO] app.modules.filter.services.target_episode_filter_service:137 - 开始处理链接：--- 新闻女王2 4K[臻彩] https://pan.quark.cn/s/b72f6131127c
2025-11-21 12:00:26 [INFO] app.modules.filter.services.regex_target_link_filter:50 - 匹配成功: link_title="新闻女王2国语" movie_title_season="新闻女王2" pattern="^新闻女王2.*"
2025-11-21 12:00:26 [INFO] app.modules.filter.services.target_episode_filter_service:137 - 开始处理链接：--- 新闻女王2国语 https://pan.quark.cn/s/f7b29837da99
2025-11-21 12:00:26 [INFO] app.modules.filter.services.regex_target_link_filter:50 - 匹配成功: link_title="新闻女王2国语版" movie_title_season="新闻女王2" pattern="^新闻女王2.*"
2025-11-21 12:00:26 [INFO] app.modules.filter.services.target_episode_filter_service:137 - 开始处理链接：--- 新闻女王2国语版 https://pan.baidu.com/s/1cHrCu7Z7J_KyihwpUCENRg?pwd=8888
2025-11-21 12:00:27 [INFO] app.modules.filter.services.target_episode_filter_service:128 - 最终选择 46 个文件来覆盖新剧集: ['The.Queen.of.NEWS.S01E26.2023.2160p.WEB-DL.H265.AAC-DDHDTV.mkv', 'The.Queen.of.NEWS.S01E25.2023.2160p.WEB-DL.H265.AAC-DDHDTV.mkv', 'The.Queen.of.NEWS.S01E24.2023.2160p.WEB-DL.H265.AAC-DDHDTV.mkv', 'The.Queen.of.NEWS.S01E23.2023.2160p.WEB-DL.H265.AAC-DDHDTV.mkv', 'The.Queen.of.NEWS.S01E22.2023.2160p.WEB-DL.H265.AAC-DDHDTV.mkv', 'The.Queen.of.NEWS.S01E21.2023.2160p.WEB-DL.H265.AAC-DDHDTV.mkv', 'The.Queen.of.NEWS.S01E20.2023.2160p.WEB-DL.H265.AAC-DDHDTV.mkv', 'The.Queen.of.NEWS.S01E19.2023.2160p.WEB-DL.H265.AAC-DDHDTV.mkv', 'The.Queen.of.NEWS.S01E18.2023.2160p.WEB-DL.H265.AAC-DDHDTV.mkv', 'The.Queen.of.NEWS.S01E17.2023.2160p.WEB-DL.H265.AAC-DDHDTV.mkv', 'The.Queen.of.NEWS.S01E16.2023.2160p.WEB-DL.H265.AAC-DDHDTV.mkv', 'The.Queen.of.NEWS.S01E15.2023.2160p.WEB-DL.H265.AAC-DDHDTV.mkv', 'The.Queen.of.NEWS.S01E14.2023.2160p.WEB-DL.H265.AAC-DDHDTV.mkv', 'The.Queen.of.NEWS.S01E13.2023.2160p.WEB-DL.H265.AAC-DDHDTV.mkv', 'The.Queen.of.NEWS.S01E12.2023.2160p.WEB-DL.H265.AAC-DDHDTV.mkv', 'The.Queen.of.NEWS.S01E11.2023.2160p.WEB-DL.H265.AAC-DDHDTV.mkv', 'The.Queen.of.NEWS.S01E10.2023.2160p.WEB-DL.H265.AAC-DDHDTV.mkv', 'The.Queen.of.NEWS.S01E09.2023.2160p.WEB-DL.H265.AAC-DDHDTV.mkv', 'The.Queen.of.NEWS.S01E08.2023.2160p.WEB-DL.H265.AAC-DDHDTV.mkv', 'The.Queen.of.NEWS.S01E07.2023.2160p.WEB-DL.H265.AAC-DDHDTV.mkv', 'The.Queen.of.NEWS.S01E06.2023.2160p.WEB-DL.H265.AAC-DDHDTV.mkv', 'The.Queen.of.NEWS.S01E05.2023.2160p.WEB-DL.H265.AAC-DDHDTV.mkv', 'The.Queen.of.NEWS.S01E04.2023.2160p.WEB-DL.H265.AAC-DDHDTV.mkv', 'The.Queen.of.NEWS.S01E03.2023.2160p.WEB-DL.H265.AAC-DDHDTV.mkv', 'The.Queen.of.NEWS.S01E02.2023.2160p.WEB-DL.H265.AAC-DDHDTV.mkv', 'The.Queen.of.NEWS.S01E01.2023.2160p.WEB-DL.H265.AAC-DDHDTV.mkv', 'S01E20.2025.2160p.60fps.WEB-DL.H265.AAC.2Audios.mkv', 'S01E19.2025.2160p.60fps.WEB-DL.H265.AAC.2Audios.mkv', 'S01E18.2025.2160p.60fps.WEB-DL.H265.AAC.2Audios.mkv', 'S01E17.2025.2160p.60fps.WEB-DL.H265.AAC.2Audios.mkv', 'S01E16.2025.2160p.60fps.WEB-DL.H265.AAC.2Audios.mkv', 'S01E15.2025.2160p.60fps.WEB-DL.H265.AAC.2Audios.mkv', 'S01E14.2025.2160p.60fps.WEB-DL.H265.AAC.2Audios.mkv', 'S01E13.2025.2160p.60fps.WEB-DL.H265.AAC.2Audios.mkv', 'S01E12.2025.2160p.60fps.WEB-DL.H265.AAC.2Audios.mkv', 'S01E11.2025.2160p.60fps.WEB-DL.H265.AAC.2Audios.mkv', 'S01E10.2025.2160p.60fps.WEB-DL.H265.AAC.2Audios.mkv', 'S01E09.2025.2160p.60fps.WEB-DL.H265.AAC.2Audios.mkv', 'S01E08.2025.2160p.60fps.WEB-DL.H265.AAC.2Audios.mkv', 'S01E07.2025.2160p.60fps.WEB-DL.H265.AAC.2Audios.mkv', 'S01E06.2025.2160p.60fps.WEB-DL.H265.AAC.2Audios.mkv', 'S01E05.2025.2160p.60fps.WEB-DL.H265.AAC.2Audios.mkv', 'S01E04.2025.2160p.60fps.WEB-DL.H265.AAC.2Audios.mkv', 'S01E03.2025.2160p.60fps.WEB-DL.H265.AAC.2Audios.mkv', 'S01E02.2025.2160p.60fps.WEB-DL.H265.AAC.2Audios.mkv', 'S01E01.2025.2160p.60fps.WEB-DL.H265.AAC.2Audios.mkv']
2025-11-21 12:00:27 [INFO] app.modules.filter.services.target_episode_filter_service:141 - 获取到目标剧集组合，来自链接：https://pan.quark.cn/s/f7b29837da99
2025-11-21 12:00:27 [INFO] app.modules.filter.flow:128 - 新闻女王2 | https://pan.quark.cn/s/f7b29837da99 作为备选（更新至 20/21）
2025-11-21 12:00:27 [INFO] app.modules.filter.services.regex_target_link_filter:50 - 匹配成功: link_title="新闻女王2国语版" movie_title_season="新闻女王2" pattern="^新闻女王2.*"
2025-11-21 12:00:27 [INFO] app.modules.filter.services.target_episode_filter_service:137 - 开始处理链接：--- 新闻女王2国语版 https://pan.quark.cn/s/6ceeb5cc2bf5
2025-11-21 12:00:28 [INFO] app.modules.filter.services.target_episode_filter_service:128 - 最终选择 18 个文件来覆盖新剧集: ['20 4K.mkv', '19 4K.mkv', '17 4K.mkv', '16 4K.mkv', '15 4K.mkv', '14 4K【国粤双语】.mkv', '12 4K.mkv', '11 4K.mp4', '10 4K【国粤双语】.mkv', '09 4K【国粤双语】.mkv', '08 4K.mkv', '07 4K.mkv', '06 4K.mkv', '05 4K.mkv', '04 4K.mp4', '03 4K.mkv', '02 4K.mkv', '01 4K.mkv']
2025-11-21 12:00:28 [INFO] app.modules.filter.services.target_episode_filter_service:141 - 获取到目标剧集组合，来自链接：https://pan.quark.cn/s/6ceeb5cc2bf5
2025-11-21 12:00:28 [INFO] app.modules.filter.flow:138 - 新闻女王2 | https://pan.quark.cn/s/6ceeb5cc2bf5 跳过（更新至 20，比备选https://pan.quark.cn/s/f7b29837da99 | 20 更少）
2025-11-21 12:00:28 [WARNING] app.modules.filter.services.regex_target_link_filter:58 - 未匹配: link_title="[4K][国粤双轨][内嵌简中][附第一季]（新闻女王2；第二季）新聞女王Ⅱ(2025)[更至20／25集]香港 剧情佘诗曼 黄宗泽 李施嬅 高海宁 王敏奕夸克网盘：" movie_title_season="新闻女王2" patterns=['^新闻女王2.*', '.*【新闻女王2】.*', '.*新闻女王2.*1080p.*', '.*新闻女王2.*S\\d{2}E\\d{2}', '.*《新闻女王2》.*', '.*「新闻女王2」.*', '.*[:：]新闻女王2.*', '.*新闻女王2[(（]20\\d{2}[）)]']
2025-11-21 12:00:28 [INFO] app.modules.filter.services.regex_target_link_filter:50 - 匹配成功: link_title="新闻女王2" movie_title_season="新闻女王2" pattern="^新闻女王2.*"
2025-11-21 12:00:28 [INFO] app.modules.filter.services.target_episode_filter_service:137 - 开始处理链接：--- 新闻女王2 https://pan.quark.cn/s/e5a2d001f7c3
2025-11-21 12:00:28 [INFO] app.modules.filter.services.target_episode_filter_service:128 - 最终选择 12 个文件来覆盖新剧集: ['06.4k.粤语.mp4', '05.4k.粤语.mp4', '04.4k.粤语.mp4', '03.4k.粤语.mp4', '02.4k.粤语.mp4', '01.4k.粤语.mp4', '06.4k.国语.mp4', '05.4k.国语..mp4', '04.4k.国语.mp4', '03.4k.国语.mp4', '02.4k.国语.mp4', '01.4k.国语.mp4']
2025-11-21 12:00:28 [INFO] app.modules.filter.services.target_episode_filter_service:141 - 获取到目标剧集组合，来自链接：https://pan.baidu.com/s/1cHrCu7Z7J_KyihwpUCENRg?pwd=8888
2025-11-21 12:00:28 [INFO] app.modules.filter.flow:128 - 新闻女王2 | https://pan.baidu.com/s/1cHrCu7Z7J_KyihwpUCENRg?pwd=8888 作为备选（更新至 6/21）
2025-11-21 12:00:28 [INFO] app.modules.filter.services.target_episode_filter_service:128 - 最终选择 20 个文件来覆盖新剧集: ['The.Queen.of.NEWS.S02E20.2025.2160p.HQ.WEB-DL.60fps.H.265.AAC.2Audio.mp4', 'The.Queen.of.NEWS.S02E19.2025.2160p.HQ.WEB-DL.60fps.H.265.AAC.2Audio.mp4', 'The.Queen.of.NEWS.S02E18.2025.2160p.HQ.WEB-DL.60fps.H.265.AAC.2Audio.mp4', 'The.Queen.of.NEWS.S02E17.2025.2160p.HQ.WEB-DL.60fps.H.265.AAC.2Audio.mp4', 'The.Queen.of.NEWS.S02E16.2025.2160p.HQ.WEB-DL.60fps.H.265.AAC.2Audio.mp4', 'The.Queen.of.NEWS.S02E15.2025.2160p.HQ.WEB-DL.60fps.H.265.AAC.2Audio.mp4', 'The.Queen.of.NEWS.S02E14.2025.2160p.HQ.WEB-DL.60fps.H.265.AAC.2Audio.mp4', 'The.Queen.of.NEWS.S02E13.2025.2160p.HQ.WEB-DL.60fps.H.265.AAC.2Audio.mp4', 'The.Queen.of.NEWS.S02E12.2025.2160p.HQ.WEB-DL.60fps.H.265.AAC.2Audio.mp4', 'The.Queen.of.NEWS.S02E11.2025.2160p.HQ.WEB-DL.60fps.H.265.AAC.2Audio.mp4', 'The.Queen.of.NEWS.S02E10.2025.2160p.HQ.WEB-DL.60fps.H.265.AAC.2Audio.mp4', 'The.Queen.of.NEWS.S02E09.2025.2160p.HQ.WEB-DL.60fps.H.265.AAC.2Audio.mp4', 'The.Queen.of.NEWS.S02E08.2025.2160p.HQ.WEB-DL.60fps.H.265.AAC.2Audio.mp4', 'The.Queen.of.NEWS.S02E07.2025.2160p.HQ.WEB-DL.60fps.H.265.AAC.2Audio.mp4', 'The.Queen.of.NEWS.S02E06.2025.2160p.HQ.WEB-DL.60fps.H.265.AAC.2Audio.mp4', 'The.Queen.of.NEWS.S02E05.2025.2160p.HQ.WEB-DL.60fps.H.265.AAC.2Audio.mp4', 'The.Queen.of.NEWS.S02E04.2025.2160p.HQ.WEB-DL.60fps.H.265.AAC.2Audio.mp4', 'The.Queen.of.NEWS.S02E03.2025.2160p.HQ.WEB-DL.60fps.H.265.AAC.2Audio.mp4', 'The.Queen.of.NEWS.S02E02.2025.2160p.HQ.WEB-DL.60fps.H.265.AAC.2Audio.mp4', 'The.Queen.of.NEWS.S02E01.2025.2160p.HQ.WEB-DL.60fps.H.265.AAC.2Audio.mp4']
2025-11-21 12:00:28 [INFO] app.modules.filter.services.target_episode_filter_service:141 - 获取到目标剧集组合，来自链接：https://pan.quark.cn/s/e5a2d001f7c3
2025-11-21 12:00:28 [INFO] app.modules.filter.flow:138 - 新闻女王2 | https://pan.quark.cn/s/e5a2d001f7c3 跳过（更新至 20，比备选https://pan.quark.cn/s/f7b29837da99 | 20 更少）
2025-11-21 12:00:28 [INFO] app.modules.filter.services.regex_target_link_filter:50 - 匹配成功: link_title="新闻女王2 (2025)更至20集 [4K][国语&粤语][佘诗曼/黄宗泽]/ 新闻女王 第二季描述：半年间，SNK剧变，总监余英飞离职、门外汉古肇华空降。张家妍虽掌权却难服众。刘艳的公开平台崛起，动摇传统媒体地位，连已入官场的许诗晴亦被卷入新旧媒体的角力。文慧心于此时复出，昭告世人：新闻女王的地位永远不可撼动！" movie_title_season="新闻女王2" pattern="^新闻女王2.*"
2025-11-21 12:00:28 [INFO] app.modules.filter.services.target_episode_filter_service:137 - 开始处理链接：--- 新闻女王2 (2025)更至20集 [4K][国语&粤语][佘诗曼/黄宗泽]/ 新闻女王 第二季描述：半年间，SNK剧变，总监余英飞离职、门外汉古肇华空降。张家妍虽掌权却难服众。刘艳的公开平台崛起，动摇传统媒体地位，连已入官场的许诗晴亦被卷入新旧媒体的角力。文慧心于此时复出，昭告世人：新闻女王的地位永远不可撼动！ https://pan.quark.cn/s/978026e62684
2025-11-21 12:00:29 [WARNING] app.modules.filter.services.regex_target_link_filter:58 - 未匹配: link_title=":https://drive.uc.cn/s/5967082138244?public=1夸克高码:https://drive.uc.cn/s/5967082138244?public=1百度: https://pan.baidu.com/s/1JnV8y-52DwfR3MmEysoMuQ?pwd=wogg新闻女王2 (2025)  港剧  4K高码率 国粤双语 更新至19集" movie_title_season="新闻女王2" patterns=['^新闻女王2.*', '.*【新闻女王2】.*', '.*新闻女王2.*1080p.*', '.*新闻女王2.*S\\d{2}E\\d{2}', '.*《新闻女王2》.*', '.*「新闻女王2」.*', '.*[:：]新闻女王2.*', '.*新闻女王2[(（]20\\d{2}[）)]']
2025-11-21 12:00:29 [WARNING] app.modules.filter.services.regex_target_link_filter:58 - 未匹配: link_title="【港剧】新闻女王2" movie_title_season="新闻女王2" patterns=['^新闻女王2.*', '.*【新闻女王2】.*', '.*新闻女王2.*1080p.*', '.*新闻女王2.*S\\d{2}E\\d{2}', '.*《新闻女王2》.*', '.*「新闻女王2」.*', '.*[:：]新闻女王2.*', '.*新闻女王2[(（]20\\d{2}[）)]']
2025-11-21 12:00:29 [INFO] app.modules.filter.flow:158 - 新闻女王2分享链接遍历完成，无可用分享链接
2025-11-21 12:00:29 [INFO] app.modules.storage_operations.services.save_episodes_to_cloud:44 - 未筛选到适合['mkv', 'mp4', 'avi', 'mov', 'm4v', 'wmv', 'flv', 'torrent', 'srt', 'ass', 'sub', 'mp3', 'aac', 'zip']的链接
2025-11-21 12:00:29 [INFO] app.modules.storage_operations.services.save_episodes_to_cloud:44 - 未筛选到适合['mkv', 'mp4', 'avi', 'mov', 'm4v', 'wmv', 'flv', 'torrent', 'srt', 'ass', 'sub', 'mp3', 'aac', 'zip']的链接
2025-11-21 12:00:29 [INFO] app.modules.filter.services.regex_target_link_filter:50 - 匹配成功: link_title="新闻女王2 更新至20集 4K SDR 60帧 高码率" movie_title_season="新闻女王2" pattern="^新闻女王2.*"
2025-11-21 12:00:29 [INFO] app.modules.filter.services.target_episode_filter_service:137 - 开始处理链接：--- 新闻女王2 更新至20集 4K SDR 60帧 高码率 https://pan.baidu.com/s/1eVAyoS6DVjaKO0Ng_XrO-A?pwd=4v7b
2025-11-21 12:00:30 [INFO] app.modules.filter.services.target_episode_filter_service:128 - 最终选择 20 个文件来覆盖新剧集: ['The.Queen.of.NEWS.S02E20.2025.2160p.HQ.WEB-DL.60fps.H.265.AAC.2Audio.mp4', 'The.Queen.of.NEWS.S02E19.2025.2160p.HQ.WEB-DL.60fps.H.265.AAC.2Audio.mp4', 'The.Queen.of.NEWS.S02E18.2025.2160p.HQ.WEB-DL.60fps.H.265.AAC.2Audio.mp4', 'The.Queen.of.NEWS.S02E17.2025.2160p.HQ.WEB-DL.60fps.H.265.AAC.2Audio.mp4', 'The.Queen.of.NEWS.S02E16.2025.2160p.HQ.WEB-DL.60fps.H.265.AAC.2Audio.mp4', 'The.Queen.of.NEWS.S02E15.2025.2160p.HQ.WEB-DL.60fps.H.265.AAC.2Audio.mp4', 'The.Queen.of.NEWS.S02E14.2025.2160p.HQ.WEB-DL.60fps.H.265.AAC.2Audio.mp4', 'The.Queen.of.NEWS.S02E13.2025.2160p.HQ.WEB-DL.60fps.H.265.AAC.2Audio.mp4', 'The.Queen.of.NEWS.S02E12.2025.2160p.HQ.WEB-DL.60fps.H.265.AAC.2Audio.mp4', 'The.Queen.of.NEWS.S02E11.2025.2160p.HQ.WEB-DL.60fps.H.265.AAC.2Audio.mp4', 'The.Queen.of.NEWS.S02E10.2025.2160p.HQ.WEB-DL.60fps.H.265.AAC.2Audio.mp4', 'The.Queen.of.NEWS.S02E09.2025.2160p.HQ.WEB-DL.60fps.H.265.AAC.2Audio.mp4', 'The.Queen.of.NEWS.S02E08.2025.2160p.HQ.WEB-DL.60fps.H.265.AAC.2Audio.mp4', 'The.Queen.of.NEWS.S02E07.2025.2160p.HQ.WEB-DL.60fps.H.265.AAC.2Audio.mp4', 'The.Queen.of.NEWS.S02E06.2025.2160p.HQ.WEB-DL.60fps.H.265.AAC.2Audio.mp4', 'The.Queen.of.NEWS.S02E05.2025.2160p.HQ.WEB-DL.60fps.H.265.AAC.2Audio.mp4', 'The.Queen.of.NEWS.S02E04.2025.2160p.HQ.WEB-DL.60fps.H.265.AAC.2Audio.mp4', 'The.Queen.of.NEWS.S02E03.2025.2160p.HQ.WEB-DL.60fps.H.265.AAC.2Audio.mp4', 'The.Queen.of.NEWS.S02E02.2025.2160p.HQ.WEB-DL.60fps.H.265.AAC.2Audio.mp4', 'The.Queen.of.NEWS.S02E01.2025.2160p.HQ.WEB-DL.60fps.H.265.AAC.2Audio.mp4']
2025-11-21 12:00:30 [INFO] app.modules.filter.services.target_episode_filter_service:141 - 获取到目标剧集组合，来自链接：https://pan.baidu.com/s/1eVAyoS6DVjaKO0Ng_XrO-A?pwd=4v7b
2025-11-21 12:00:30 [INFO] app.modules.filter.flow:128 - 新闻女王2 | https://pan.baidu.com/s/1eVAyoS6DVjaKO0Ng_XrO-A?pwd=4v7b 作为备选（更新至 20/21）
2025-11-21 12:00:31 [INFO] app.modules.filter.services.regex_target_link_filter:50 - 匹配成功: link_title="新闻女王2 / 新闻女王 第二季 (2025) 4K HQ DV 60FPS 高码率 [SDR.60fps] [国粤双语] [更新20集]" movie_title_season="新闻女王2" pattern="^新闻女王2.*"
2025-11-21 12:00:31 [INFO] app.modules.filter.services.target_episode_filter_service:137 - 开始处理链接：--- 新闻女王2 / 新闻女王 第二季 (2025) 4K HQ DV 60FPS 高码率 [SDR.60fps] [国粤双语] [更新20集] https://pan.baidu.com/s/15y6XJHJ7OvJWtp66ezeefA?pwd=2kp3
2025-11-21 12:00:33 [INFO] app.modules.filter.services.target_episode_filter_service:128 - 最终选择 25 个文件来覆盖新剧集: ['S02E20.2160p.HQ.WEB-DL.DV.60fps.H.265.10bit.AAC.2Audios.mkv', 'S02E19.2160p.HQ.WEB-DL.DV.60fps.H.265.10bit.AAC.2Audios.mkv', 'S02E18.2160p.HQ.WEB-DL.DV.60fps.H.265.10bit.AAC.2Audios.mkv', 'S02E17.2160p.HQ.WEB-DL.DV.60fps.H.265.10bit.AAC.2Audios.mkv', 'S02E16.2160p.HQ.WEB-DL.DV.60fps.H.265.10bit.AAC.2Audios.mkv', 'S02E20.2025.2160p.60fps.WEB-DL.H.265.10bit.AAC.2Audios.mp4', 'S02E19.2025.2160p.60fps.WEB-DL.H.265.10bit.AAC.2Audios.mp4', 'S02E18.2025.2160p.60fps.WEB-DL.H.265.10bit.AAC.2Audios.mp4', 'S02E17.2025.2160p.60fps.WEB-DL.H.265.10bit.AAC.2Audios.mp4', 'S02E16.2025.2160p.60fps.WEB-DL.H.265.10bit.AAC.2Audios.mp4', 'S02E15.2025.2160p.60fps.WEB-DL.H.265.10bit.AAC.2Audios.mp4', 'S02E14.2025.2160p.60fps.WEB-DL.H.265.10bit.AAC.2Audios.mp4', 'S02E13.2025.2160p.60fps.WEB-DL.H.265.10bit.AAC.2Audios.mp4', 'S02E12.2025.2160p.60fps.WEB-DL.H.265.10bit.AAC.2Audios.mp4', 'S02E11.2025.2160p.60fps.WEB-DL.H.265.10bit.AAC.2Audios.mp4', 'S02E10.2025.2160p.60fps.WEB-DL.H.265.10bit.AAC.2Audios.mp4', 'S02E09.2025.2160p.60fps.WEB-DL.H.265.10bit.AAC.2Audios.mp4', 'S02E08.2025.2160p.60fps.WEB-DL.H.265.10bit.AAC.2Audios.mp4', 'S02E07.2025.2160p.60fps.WEB-DL.H.265.10bit.AAC.2Audios.mp4', 'S02E06.2025.2160p.60fps.WEB-DL.H.265.10bit.AAC.2Audios.mp4', 'S02E05.2025.2160p.60fps.WEB-DL.H.265.10bit.AAC.2Audios.mp4', 'S02E04.2025.2160p.60fps.WEB-DL.H.265.10bit.AAC.2Audios.mp4', 'S02E03.2025.2160p.60fps.WEB-DL.H.265.10bit.AAC.2Audios.mp4', 'S02E02.2025.2160p.60fps.WEB-DL.H.265.10bit.AAC.2Audios.mp4', 'S02E01.2025.2160p.60fps.WEB-DL.H.265.10bit.AAC.2Audios.mp4']
2025-11-21 12:00:33 [INFO] app.modules.filter.services.target_episode_filter_service:141 - 获取到目标剧集组合，来自链接：https://pan.baidu.com/s/15y6XJHJ7OvJWtp66ezeefA?pwd=2kp3
2025-11-21 12:00:33 [INFO] app.modules.filter.flow:138 - 新闻女王2 | https://pan.baidu.com/s/15y6XJHJ7OvJWtp66ezeefA?pwd=2kp3 跳过（更新至 20，比备选https://pan.baidu.com/s/1eVAyoS6DVjaKO0Ng_XrO-A?pwd=4v7b | 20 更少）
2025-11-21 12:00:33 [INFO] app.modules.filter.services.regex_target_link_filter:50 - 匹配成功: link_title="新闻女王2 新聞女王Ⅱ ｜ 新闻女王 第二季 (2025) 【更17集】【4K.普码&杜比视界双版本】【国粤双语】【 佘诗曼/黄宗泽】【剧情/悬疑】【附第一季】" movie_title_season="新闻女王2" pattern="^新闻女王2.*"
2025-11-21 12:00:33 [INFO] app.modules.filter.services.target_episode_filter_service:137 - 开始处理链接：--- 新闻女王2 新聞女王Ⅱ ｜ 新闻女王 第二季 (2025) 【更17集】【4K.普码&杜比视界双版本】【国粤双语】【 佘诗曼/黄宗泽】【剧情/悬疑】【附第一季】 https://pan.baidu.com/s/1yrA4BS0V63ZprAC_lq_ZmA?pwd=8os3
2025-11-21 12:00:36 [INFO] app.modules.filter.services.target_episode_filter_service:128 - 最终选择 69 个文件来覆盖新剧集: ['The QUEEN of News S02E20 - 第 20 集 - 2160p WEB-DL H265 AAC 2Audio.mkv', 'The QUEEN of News S02E19 - 第 19 集 - 2160p WEB-DL H265 AAC 2Audio.mkv', 'The QUEEN of News S02E18 - 第 18 集 - 2160p WEB-DL H265 AAC 2Audio.mkv', 'The QUEEN of News S02E17 - 第 17 集 - 2160p WEB-DL H265 AAC 2Audio.mkv', 'The QUEEN of News S02E16 - 第 16 集 - 2160p WEB-DL H265 AAC 2Audio.mkv', 'The QUEEN of News S02E15 - 第 15 集 - 2160p WEB-DL H265 AAC 2Audio.mkv', 'The QUEEN of News S02E14 - 第 14 集 - 2160p WEB-DL H265 AAC 2Audio.mkv', 'The QUEEN of News S02E13 - 第 13 集 - 2160p WEB-DL H265 AAC 2Audio.mkv', 'The QUEEN of News S02E12 - 第 12 集 - 2160p WEB-DL H265 AAC 2Audio.mkv', 'The QUEEN of News S02E11 - 第 11 集 - 2160p WEB-DL H265 AAC 2Audio.mkv', 'The QUEEN of News S02E10 - 第 10 集 - 2160p WEB-DL H265 AAC 2Audio.mkv', 'The QUEEN of News S02E09 - 第 9 集 - 2160p WEB-DL H265 AAC 2Audio.mkv', 'The QUEEN of News S02E08 - 第 8 集 - 2160p WEB-DL H265 AAC 2Audio.mkv', 'The QUEEN of News S02E07 - 第 7 集 - 2160p WEB-DL H265 AAC 2Audio.mkv', 'The QUEEN of News S02E06 - 第 6 集 - 2160p WEB-DL H265 AAC 2Audio.mkv', 'The QUEEN of News S02E05 - 第 5 集 - 2160p WEB-DL H265 AAC 2Audio.mkv', 'The QUEEN of News S02E04 - 第 4 集 - 2160p WEB-DL H265 AAC 2Audio.mkv', 'The QUEEN of News S02E03 - 第 3 集 - 2160p WEB-DL H265 AAC 2Audio.mkv', 'The QUEEN of News S02E02 - 第 2 集 - 2160p WEB-DL H265 AAC 2Audio.mkv', 'The QUEEN of News S02E01 - 第 1 集 - 2160p WEB-DL H265 AAC 2Audio.mkv', 'The QUEEN of News S02E20 - 第 20 集 - 2160p WEB-DL DV HQ H265 AAC 2Audio.mkv', 'The QUEEN of News S02E19 - 第 19 集 - 2160p WEB-DL DV HQ H265 AAC 2Audio.mkv', 'The QUEEN of News S02E18 - 第 18 集 - 2160p WEB-DL DV HQ H265 AAC 2Audio.mkv', 'The QUEEN of News S02E17 - 第 17 集 - 2160p WEB-DL DV HQ H265 AAC 2Audio.mkv', 'The QUEEN of News S02E16 - 第 16 集 - 2160p WEB-DL DV HQ H265 AAC 2Audio.mkv', 'The QUEEN of News S02E15 - 第 15 集 - 2160p WEB-DL DV HQ H265 AAC 2Audio.mkv', 'The QUEEN of News S02E14 - 第 14 集 - 2160p WEB-DL DV HQ H265 AAC 2Audio.mkv', 'The QUEEN of News S02E13 - 第 13 集 - 2160p WEB-DL DV HQ H265 AAC 2Audio.mkv', 'The QUEEN of News S02E12 - 第 12 集 - 2160p WEB-DL DV HQ H265 AAC 2Audio.mkv', 'The QUEEN of News S02E11 - 第 11 集 - 2160p WEB-DL DV HQ H265 AAC 2Audio.mkv', 'The QUEEN of News S02E10 - 第 10 集 - 2160p WEB-DL DV HQ H265 AAC 2Audio.mkv', 'The QUEEN of News S02E09 - 第 9 集 - 2160p WEB-DL DV HQ H265 AAC 2Audio.mkv', 'The QUEEN of News S02E08 - 第 8 集 - 2160p WEB-DL DV HQ H265 AAC 2Audio.mkv', 'The QUEEN of News S02E07 - 第 7 集 - 2160p WEB-DL DV HQ H265 AAC 2Audio.mkv', 'The QUEEN of News S02E06 - 第 6 集 - 2160p WEB-DL DV HQ H265 AAC 2Audio.mkv', 'The QUEEN of News S02E05 - 第 5 集 - 2160p WEB-DL DV HQ H265 AAC 2Audio.mkv', 'The QUEEN of News S02E04 - 第 4 集 - 2160p WEB-DL DV HQ H265 AAC 2Audio.mkv', 'The QUEEN of News S02E03 - 第 3 集 - 2160p WEB-DL DV HQ H265 AAC 2Audio.mkv', 'The QUEEN of News S02E02 - 第 2 集 - 2160p WEB-DL DV HQ H265 AAC 2Audio.mkv', 'The QUEEN of News S02E01 - 第 1 集 - 2160p WEB-DL DV HQ H265 AAC 2Audio.zh.srt', 'The QUEEN of News S02E01 - 第 1 集 - 2160p WEB-DL DV HQ H265 AAC 2Audio.mkv', 'The QUEEN of News S01E26 - 第 26 集 - 2160p WEB-DL HQ H265 10bit AAC.mp4', 'The QUEEN of News S01E25 - 第 25 集 - 2160p WEB-DL HQ H265 10bit AAC.mp4', 'The QUEEN of News S01E24 - 第 24 集 - 2160p WEB-DL HQ H265 10bit AAC.mp4', 'The QUEEN of News S01E23 - 第 23 集 - 2160p WEB-DL HQ H265 10bit AAC.mp4', 'The QUEEN of News S01E22 - 第 22 集 - 2160p WEB-DL HQ H265 10bit AAC.mp4', 'The QUEEN of News S01E21 - 第 21 集 - 2160p WEB-DL HQ H265 10bit AAC.mp4', 'The QUEEN of News S01E20 - 第 20 集 - 2160p WEB-DL HQ H265 10bit AAC.mp4', 'The QUEEN of News S01E19 - 第 19 集 - 2160p WEB-DL HQ H265 10bit AAC.mp4', 'The QUEEN of News S01E18 - 第 18 集 - 2160p WEB-DL HQ H265 10bit AAC.mp4', 'The QUEEN of News S01E17 - 第 17 集 - 2160p WEB-DL HQ H265 10bit AAC.mp4', 'The QUEEN of News S01E16 - 第 16 集 - 2160p WEB-DL HQ H265 10bit AAC.mp4', 'The QUEEN of News S01E15 - 第 15 集 - 2160p WEB-DL HQ H265 10bit AAC.mp4', 'The QUEEN of News S01E14 - 第 14 集 - 2160p WEB-DL HQ H265 10bit AAC.mp4', 'The QUEEN of News S01E13 - 第 13 集 - 2160p WEB-DL HQ H265 10bit AAC.mp4', 'The QUEEN of News S01E12 - 第 12 集 - 2160p WEB-DL HQ H265 10bit AAC.mp4', 'The QUEEN of News S01E11 - 第 11 集 - 2160p WEB-DL HQ H265 10bit AAC.mp4', 'The QUEEN of News S01E10 - 第 10 集 - 2160p WEB-DL HQ H265 10bit AAC.mp4', 'The QUEEN of News S01E09 - 第 9 集 - 2160p WEB-DL HQ H265 10bit AAC.mp4', 'The QUEEN of News S01E08 - 第 8 集 - 2160p WEB-DL HQ H265 10bit AAC.mp4', 'The QUEEN of News S01E07 - 第 7 集 - 2160p WEB-DL HQ H265 10bit AAC.mp4', 'The QUEEN of News S01E06 - 第 6 集 - 2160p WEB-DL HQ H265 10bit AAC.mp4', 'The QUEEN of News S01E05 - 第 5 集 - 2160p WEB-DL HQ H265 10bit AAC.mp4', 'The QUEEN of News S01E04 - 第 4 集 - 2160p WEB-DL HQ H265 10bit AAC.mp4', 'The QUEEN of News S01E03 - 第 3 集 - 2160p WEB-DL HQ H265 10bit AAC.mp4', 'The QUEEN of News S01E02 - 第 2 集 - 2160p WEB-DL HQ H265 10bit AAC.mp4', 'The QUEEN of News S01E01 - 第 1 集 - 2160p WEB-DL HQ H265 10bit AAC.mp4', 'season02-poster.jpg', 'season01-poster.jpg']
2025-11-21 12:00:36 [INFO] app.modules.filter.services.target_episode_filter_service:141 - 获取到目标剧集组合，来自链接：https://pan.baidu.com/s/1yrA4BS0V63ZprAC_lq_ZmA?pwd=8os3
2025-11-21 12:00:36 [WARNING] app.modules.filter.flow:110 - 新闻女王2 | https://pan.baidu.com/s/1yrA4BS0V63ZprAC_lq_ZmA?pwd=8os3 更新超出容忍范围,被跳过: 26 > 21 + 2
2025-11-21 12:00:37 [WARNING] app.modules.link_parse.clients.baidu_parse_client:171 - https://pan.baidu.com/s/1NaKehOngqlT5iBvENHI2rw | twv9 密码验证失败
2025-11-21 12:00:39 [INFO] app.modules.filter.services.regex_target_link_filter:50 - 匹配成功: link_title="新闻女王2 (2025)更至17集 [4K][国语&粤语][佘诗曼/黄宗泽]/ 新闻女王 第二季" movie_title_season="新闻女王2" pattern="^新闻女王2.*"
2025-11-21 12:00:39 [INFO] app.modules.filter.services.target_episode_filter_service:137 - 开始处理链接：--- 新闻女王2 (2025)更至17集 [4K][国语&粤语][佘诗曼/黄宗泽]/ 新闻女王 第二季 https://pan.baidu.com/s/1ccTVAdYxl3wjyTIIQnooaQ?pwd=1105
2025-11-21 12:00:39 [WARNING] app.modules.data_collection.services.fallback_split_title_season_service:26 - title_season=สิงสาลาตาย 为匹配到任何分割规则
2025-11-21 12:00:39 [WARNING] app.modules.data_collection.services.fallback_split_title_season_service:26 - title_season=失序边缘 为匹配到任何分割规则
2025-11-21 12:00:39 [WARNING] app.modules.data_collection.services.fallback_split_title_season_service:41 - title_season=失序边缘 为匹配到任何分割规则
2025-11-21 12:00:41 [WARNING] openai.agents:96 - OPENAI_API_KEY is not set, skipping trace export
2025-11-21 12:00:42 [INFO] app.modules.data_collection.services.fallback_tmdb_id_provider_service:36 - 从tmdb_info_provider获取到(221079, 1)
2025-11-21 12:00:45 [INFO] app.modules.data_collection.services.fallback_tmdb_id_provider_service:36 - 从tmdb_info_provider获取到(221079, 1)
2025-11-21 12:00:46 [WARNING] openai.agents:96 - OPENAI_API_KEY is not set, skipping trace export
2025-11-21 12:00:47 [INFO] app.modules.filter.services.target_episode_filter_service:128 - 最终选择 20 个文件来覆盖新剧集: ['20 4K.国&粤.mp4', '19 4K.国&粤.mp4', '18 4K.国&粤.mp4', '17 4K.国&粤.mp4', '16 4K.国&粤.mp4', '15 4K.国&粤.mp4', '14 4K.国&粤.mp4', '13 4K.国&粤.mp4', '12 4K.国&粤.mp4', '11 4K.国&粤.mkv', '10 4K.国&粤.mkv', '09 4K.国&粤.mkv', '08 4K.国&粤.mkv', '07 4K.国&粤.mkv', '06 4K.国&粤.mkv', '05 4K.国&粤.mkv', '04 4K.国&粤.mkv', '03 4K.国&粤.mkv', '02 4K.国&粤.mkv', '01 4K.国&粤.mkv']
2025-11-21 12:00:47 [INFO] app.modules.filter.services.target_episode_filter_service:141 - 获取到目标剧集组合，来自链接：https://pan.baidu.com/s/1ccTVAdYxl3wjyTIIQnooaQ?pwd=1105
2025-11-21 12:00:47 [INFO] app.modules.filter.flow:138 - 新闻女王2 | https://pan.baidu.com/s/1ccTVAdYxl3wjyTIIQnooaQ?pwd=1105 跳过（更新至 20，比备选https://pan.baidu.com/s/1eVAyoS6DVjaKO0Ng_XrO-A?pwd=4v7b | 20 更少）
2025-11-21 12:00:48 [INFO] app.modules.filter.services.regex_target_link_filter:50 - 匹配成功: link_title="新闻女王2 4K国粤双语 更新17描述：　半年间，SNK剧变，总监余英飞离职、门外汉古肇华空降。张家妍虽掌权却难服众。刘艳的公开平台崛起，动摇传统媒体地位，连已入官场的许诗晴亦被卷入新旧媒体的角力。文慧心于此时复出，昭告世人：新闻女王的地位永远不可撼动！" movie_title_season="新闻女王2" pattern="^新闻女王2.*"
2025-11-21 12:00:48 [INFO] app.modules.filter.services.target_episode_filter_service:137 - 开始处理链接：--- 新闻女王2 4K国粤双语 更新17描述：　半年间，SNK剧变，总监余英飞离职、门外汉古肇华空降。张家妍虽掌权却难服众。刘艳的公开平台崛起，动摇传统媒体地位，连已入官场的许诗晴亦被卷入新旧媒体的角力。文慧心于此时复出，昭告世人：新闻女王的地位永远不可撼动！ https://pan.baidu.com/s/1XcrpPkd_-kv73vnjkRBoSw?pwd=9999
2025-11-21 12:00:50 [INFO] app.modules.filter.services.target_episode_filter_service:128 - 最终选择 45 个文件来覆盖新剧集: ['S01E26.mp4', 'S01E25.mp4', 'S01E24.mp4', 'S01E23.mp4', 'S01E22.mp4', 'S01E21.mp4', 'S01E20.mp4', 'S01E19.mp4', 'S01E18.mp4', 'S01E17.mp4', 'S01E16.mp4', 'S01E15.mp4', 'S01E14.mp4', 'S01E13.mp4', 'S01E12.mp4', 'S01E11.mp4', 'S01E10.mp4', 'S01E09.mp4', 'S01E08.mp4', 'S01E07.mp4', 'S01E06.mp4', 'S01E05.mp4', 'S01E04.mp4', 'S01E03.mp4', 'S01E02.mp4', 'S01E01.mp4', 'S02E19.2025.2160p.60fps.WEB-DL.H265.10bit.AAC.2Audio.mkv', 'S02E18.2025.2160p.60fps.WEB-DL.H265.10bit.AAC.2Audio.mkv', 'S02E17.2025.2160p.60fps.WEB-DL.H265.10bit.AAC.2Audio.mkv', 'S02E16.2025.2160p.60fps.WEB-DL.H265.10bit.AAC.2Audio.mkv', 'S02E15.2025.2160p.60fps.WEB-DL.H265.10bit.AAC.2Audio.mkv', 'S02E14.2025.2160p.60fps.WEB-DL.H265.10bit.AAC.2Audio.mkv', 'S02E13.2025.2160p.60fps.WEB-DL.H265.10bit.AAC.2Audio.mkv', 'S02E12.2025.2160p.60fps.WEB-DL.H265.10bit.AAC.2Audio.mkv', 'S02E11.2025.2160p.60fps.WEB-DL.H265.10bit.AAC.2Audio.mkv', 'S02E10.2025.2160p.60fps.WEB-DL.H265.10bit.AAC.2Audio.mkv', 'S02E09.2025.2160p.60fps.WEB-DL.H265.10bit.AAC.2Audio.mkv', 'S02E08.2025.2160p.60fps.WEB-DL.H265.10bit.AAC.2Audio.mkv', 'S02E07.2025.2160p.60fps.WEB-DL.H265.10bit.AAC.2Audio.mkv', 'S02E06.2025.2160p.60fps.WEB-DL.H265.10bit.AAC.2Audio.mkv', 'S02E05.2025.2160p.60fps.WEB-DL.H265.10bit.AAC.2Audio.mkv', 'S02E04.2025.2160p.60fps.WEB-DL.H265.10bit.AAC.2Audio.mkv', 'S02E03.2025.2160p.60fps.WEB-DL.H265.10bit.AAC.2Audio.mkv', 'S02E02.2025.2160p.60fps.WEB-DL.H265.10bit.AAC.2Audio.mkv', 'S02E01.2025.2160p.60fps.WEB-DL.H265.10bit.AAC.2Audio.mkv']
2025-11-21 12:00:50 [INFO] app.modules.filter.services.target_episode_filter_service:141 - 获取到目标剧集组合，来自链接：https://pan.baidu.com/s/1XcrpPkd_-kv73vnjkRBoSw?pwd=9999
2025-11-21 12:00:50 [WARNING] app.modules.filter.flow:110 - 新闻女王2 | https://pan.baidu.com/s/1XcrpPkd_-kv73vnjkRBoSw?pwd=9999 更新超出容忍范围,被跳过: 26 > 21 + 2
2025-11-21 12:00:51 [INFO] app.modules.filter.services.regex_target_link_filter:50 - 匹配成功: link_title="新闻女王2 (2025) 第1-16集【4K/60fps 国粤双语音频 无广告无台标 佘诗曼/黄宗泽】" movie_title_season="新闻女王2" pattern="^新闻女王2.*"
2025-11-21 12:00:51 [INFO] app.modules.filter.services.target_episode_filter_service:137 - 开始处理链接：--- 新闻女王2 (2025) 第1-16集【4K/60fps 国粤双语音频 无广告无台标 佘诗曼/黄宗泽】 https://pan.baidu.com/s/1ofJfRMJx1ZO_SZXe-EO_TA?pwd=gff3
2025-11-21 12:00:52 [INFO] app.modules.filter.services.regex_target_link_filter:50 - 匹配成功: link_title="新闻女王2 (2025)  港剧  4K高码率 国粤双语 更新至17集" movie_title_season="新闻女王2" pattern="^新闻女王2.*"
2025-11-21 12:00:52 [INFO] app.modules.filter.services.target_episode_filter_service:137 - 开始处理链接：--- 新闻女王2 (2025)  港剧  4K高码率 国粤双语 更新至17集 https://pan.baidu.com/s/1DUenTHOH0lZbgNStz_nzqg?pwd=wogg
2025-11-21 12:00:53 [INFO] app.modules.filter.services.target_episode_filter_service:128 - 最终选择 21 个文件来覆盖新剧集: ['20 4K.mp4', '19 4K.mkv', '18 4K.mp4', '17 4K.mp4', '16 4K.mp4', '15 4K.mp4', '14 4K.mp4', '13 4K.mp4', '12 4K.mp4', '11 4K.mp4', '10 4K.mp4', '09 4K.mp4', '08 4K.mp4', '07 4K.mp4', '06 4K.mp4', '05 4K.mp4', '04 4K.mp4', '03 4K.mp4', '02 4K.mp4', '01 4K.mp4', '01 4K..mp4']
2025-11-21 12:00:53 [INFO] app.modules.filter.services.target_episode_filter_service:141 - 获取到目标剧集组合，来自链接：https://pan.baidu.com/s/1DUenTHOH0lZbgNStz_nzqg?pwd=wogg
2025-11-21 12:00:53 [INFO] app.modules.filter.flow:138 - 新闻女王2 | https://pan.baidu.com/s/1DUenTHOH0lZbgNStz_nzqg?pwd=wogg 跳过（更新至 20，比备选https://pan.baidu.com/s/1eVAyoS6DVjaKO0Ng_XrO-A?pwd=4v7b | 20 更少）
2025-11-21 12:00:54 [INFO] app.modules.filter.services.regex_target_link_filter:50 - 匹配成功: link_title="新闻女王2 (2025)  港剧  4K高码率 国粤双语 更新至17集" movie_title_season="新闻女王2" pattern="^新闻女王2.*"
2025-11-21 12:00:54 [INFO] app.modules.filter.services.target_episode_filter_service:137 - 开始处理链接：--- 新闻女王2 (2025)  港剧  4K高码率 国粤双语 更新至17集 https://pan.baidu.com/s/15LdfNBd3D9Ik_UxLxBRAmA?pwd=wogg
2025-11-21 12:00:55 [INFO] app.modules.filter.services.target_episode_filter_service:128 - 最终选择 28 个文件来覆盖新剧集: ['S01E28.2025.2160p.25fps.SDR.WEB-DL.H265.DDP5.1.mkv', 'S01E27.2025.2160p.25fps.SDR.WEB-DL.H265.DDP5.1.mkv', 'S01E26.2025.2160p.25fps.SDR.WEB-DL.H265.DDP5.1.mkv', 'S01E25.2025.2160p.25fps.SDR.WEB-DL.H265.DDP5.1.mkv', 'S01E24.2025.2160p.25fps.SDR.WEB-DL.H265.DDP5.1.mkv', 'S01E23.2025.2160p.25fps.SDR.WEB-DL.H265.DDP5.1.mkv', 'S01E22.2025.2160p.25fps.SDR.WEB-DL.H265.DDP5.1.mkv', 'S01E21.2025.2160p.25fps.SDR.WEB-DL.H265.DDP5.1.mkv', 'S01E20.2025.2160p.25fps.SDR.WEB-DL.H265.DDP5.1.mkv', 'S01E19.2025.2160p.25fps.SDR.WEB-DL.H265.DDP5.1.mkv', 'S01E18.2025.2160p.25fps.SDR.WEB-DL.H265.DDP5.1.mkv', 'S01E17.2025.2160p.25fps.SDR.WEB-DL.H265.DDP5.1.mkv', 'S01E16.2025.2160p.25fps.SDR.WEB-DL.H265.DDP5.1.mkv', 'S01E15.2025.2160p.25fps.SDR.WEB-DL.H265.DDP5.1.mkv', 'S01E14.2025.2160p.25fps.SDR.WEB-DL.H265.DDP5.1.mkv', 'S01E13.2025.2160p.25fps.SDR.WEB-DL.H265.DDP5.1.mkv', 'S01E12.2025.2160p.25fps.SDR.WEB-DL.H265.DDP5.1.mkv', 'S01E11.2025.2160p.25fps.SDR.WEB-DL.H265.DDP5.1.mkv', 'S01E10.2025.2160p.25fps.SDR.WEB-DL.H265.DDP5.1.mkv', 'S01E09.2025.2160p.25fps.SDR.WEB-DL.H265.DDP5.1.mkv', 'S01E08.2025.2160p.25fps.SDR.WEB-DL.H265.DDP5.1.mkv', 'S01E07.2025.2160p.25fps.SDR.WEB-DL.H265.DDP5.1.mkv', 'S01E06.2025.2160p.25fps.SDR.WEB-DL.H265.DDP5.1.mkv', 'S01E05.2025.2160p.25fps.SDR.WEB-DL.H265.DDP5.1.mkv', 'S01E04.2025.2160p.25fps.SDR.WEB-DL.H265.DDP5.1.mkv', 'S01E03.2025.2160p.25fps.SDR.WEB-DL.H265.DDP5.1.mkv', 'S01E02.2025.2160p.25fps.SDR.WEB-DL.H265.DDP5.1.mkv', 'S01E01.2025.2160p.25fps.SDR.WEB-DL.H265.DDP5.1.mkv']
2025-11-21 12:00:55 [INFO] app.modules.filter.services.target_episode_filter_service:141 - 获取到目标剧集组合，来自链接：https://pan.baidu.com/s/15LdfNBd3D9Ik_UxLxBRAmA?pwd=wogg
2025-11-21 12:00:55 [WARNING] app.modules.filter.flow:110 - 新闻女王2 | https://pan.baidu.com/s/15LdfNBd3D9Ik_UxLxBRAmA?pwd=wogg 更新超出容忍范围,被跳过: 28 > 21 + 2
2025-11-21 12:00:55 [INFO] app.modules.filter.flow:158 - 新闻女王2分享链接遍历完成，无可用分享链接
2025-11-21 12:00:55 [INFO] app.modules.storage_operations.services.save_episodes_to_cloud:44 - 未筛选到适合['mkv', 'mp4', 'avi', 'mov', 'm4v', 'wmv', 'flv', 'torrent', 'srt', 'ass', 'sub', 'mp3', 'aac', 'zip']的链接
2025-11-21 12:00:59 [INFO] app.modules.filter.services.regex_target_link_filter:50 - 匹配成功: link_title="勿扰飞升 4K[臻彩]" movie_title_season="勿扰飞升" pattern="^勿扰飞升.*"
2025-11-21 12:00:59 [INFO] app.modules.filter.services.target_episode_filter_service:137 - 开始处理链接：--- 勿扰飞升 4K[臻彩] https://pan.quark.cn/s/c95b84316aeb
2025-11-21 12:01:00 [INFO] app.modules.filter.services.regex_target_link_filter:50 - 匹配成功: link_title="勿扰飞升" movie_title_season="勿扰飞升" pattern="^勿扰飞升.*"
2025-11-21 12:01:00 [INFO] app.modules.filter.services.target_episode_filter_service:137 - 开始处理链接：--- 勿扰飞升 https://pan.quark.cn/s/ac810cf770ef
2025-11-21 12:01:00 [INFO] app.modules.filter.services.target_episode_filter_service:128 - 最终选择 32 个文件来覆盖新剧集: ['S01E16.2025.2160p.WEB-DL.H265.10bit.60fps.HIFI2.0.&AAC5.1.4Audios.mkv', 'S01E15.2025.2160p.WEB-DL.H265.10bit.60fps.HIFI2.0.&AAC5.1.4Audios.mkv', 'S01E14.2025.2160p.WEB-DL.H265.10bit.60fps.HIFI2.0.&AAC5.1.4Audios.mkv', 'S01E13.2025.2160p.WEB-DL.H265.10bit.60fps.HIFI2.0.&AAC5.1.4Audios.mkv', 'S01E12.2025.2160p.WEB-DL.H265.10bit.60fps.HIFI2.0.&AAC5.1.4Audios.mkv', 'S01E11.2025.2160p.WEB-DL.H265.10bit.60fps.HIFI2.0.&AAC5.1.4Audios.mkv', 'S01E10.2025.2160p.WEB-DL.H265.10bit.60fps.HIFI2.0.&AAC5.1.4Audios.mkv', 'S01E09.2025.2160p.WEB-DL.H265.10bit.60fps.HIFI2.0.&AAC5.1.4Audios.mkv', 'S01E08.2025.2160p.WEB-DL.H265.10bit.60fps.HIFI2.0.&AAC5.1.4Audios.mkv', 'S01E07.2025.2160p.WEB-DL.H265.10bit.60fps.HIFI2.0.&AAC5.1.4Audios.mkv', 'S01E06.2025.2160p.WEB-DL.H265.10bit.60fps.HIFI2.0.&AAC5.1.4Audios.mkv', 'S01E05.2025.2160p.WEB-DL.H265.10bit.60fps.HIFI2.0.&AAC5.1.4Audios.mkv', 'S01E04.2025.2160p.WEB-DL.H265.10bit.60fps.HIFI2.0.&AAC5.1.4Audios.mkv', 'S01E03.2025.2160p.WEB-DL.H265.10bit.60fps.HIFI2.0.&AAC5.1.4Audios.mkv', 'S01E02.2025.2160p.WEB-DL.H265.10bit.60fps.HIFI2.0.&AAC5.1.4Audios.mkv', 'S01E01.2025.2160p.WEB-DL.H265.10bit.60fps.HIFI2.0.&AAC5.1.4Audios.mkv', 'S01E16.2025.2160p.60fps.WEB-DL.H265.10bit.AAC.mp4', 'S01E15.2025.2160p.60fps.WEB-DL.H265.10bit.AAC.mp4', 'S01E14.2025.2160p.60fps.WEB-DL.H265.10bit.AAC.mp4', 'S01E13.2025.2160p.60fps.WEB-DL.H265.10bit.AAC.mp4', 'S01E12.2025.2160p.60fps.WEB-DL.H265.10bit.AAC.mp4', 'S01E11.2025.2160p.60fps.WEB-DL.H265.10bit.AAC.mp4', 'S01E10.2025.2160p.60fps.WEB-DL.H265.10bit.AAC.mp4', 'S01E09.2025.2160p.60fps.WEB-DL.H265.10bit.AAC.mp4', 'S01E08.2025.2160p.60fps.WEB-DL.H265.10bit.AAC.mp4', 'S01E07.2025.2160p.60fps.WEB-DL.H265.10bit.AAC.mp4', 'S01E06.2025.2160p.60fps.WEB-DL.H265.10bit.AAC.mp4', 'S01E05.2025.2160p.60fps.WEB-DL.H265.10bit.AAC.mp4', 'S01E04.2025.2160p.60fps.WEB-DL.H265.10bit.AAC.mp4', 'S01E03.2025.2160p.60fps.WEB-DL.H265.10bit.AAC.mp4', 'S01E02.2025.2160p.60fps.WEB-DL.H265.10bit.AAC.mp4', 'S01E01.2025.2160p.60fps.WEB-DL.H265.10bit.AAC.mp4']
2025-11-21 12:01:00 [INFO] app.modules.filter.services.target_episode_filter_service:141 - 获取到目标剧集组合，来自链接：https://pan.quark.cn/s/ac810cf770ef
2025-11-21 12:01:00 [INFO] app.modules.filter.flow:128 - 勿扰飞升 | https://pan.quark.cn/s/ac810cf770ef 作为备选（更新至 16/19）
2025-11-21 12:01:00 [INFO] app.modules.filter.services.regex_target_link_filter:50 - 匹配成功: link_title="勿扰飞升" movie_title_season="勿扰飞升" pattern="^勿扰飞升.*"
2025-11-21 12:01:00 [INFO] app.modules.filter.services.target_episode_filter_service:137 - 开始处理链接：--- 勿扰飞升 https://pan.baidu.com/s/1tCtwCTIh3lO5dVmuggvW8g?pwd=8888
2025-11-21 12:01:00 [INFO] app.modules.filter.services.regex_target_link_filter:50 - 匹配成功: link_title="勿扰飞升" movie_title_season="勿扰飞升" pattern="^勿扰飞升.*"
2025-11-21 12:01:00 [INFO] app.modules.filter.services.target_episode_filter_service:137 - 开始处理链接：--- 勿扰飞升 https://pan.quark.cn/s/c44537b7846d
2025-11-21 12:01:01 [INFO] app.modules.filter.services.target_episode_filter_service:128 - 最终选择 1 个文件来覆盖新剧集: ['13.4k.mp4']
2025-11-21 12:01:01 [INFO] app.modules.filter.services.target_episode_filter_service:141 - 获取到目标剧集组合，来自链接：https://pan.baidu.com/s/1tCtwCTIh3lO5dVmuggvW8g?pwd=8888
2025-11-21 12:01:01 [INFO] app.modules.filter.flow:128 - 勿扰飞升 | https://pan.baidu.com/s/1tCtwCTIh3lO5dVmuggvW8g?pwd=8888 作为备选（更新至 13/19）
2025-11-21 12:01:01 [INFO] app.modules.filter.services.target_episode_filter_service:128 - 最终选择 12 个文件来覆盖新剧集: ['12-4K.高码率.mkv', '11-4K.高码率.mkv', '10-4K.高码率.mkv', '09-4K.高码率.mkv', '08-4K.高码率.mkv', '07-4K.高码率.mkv', '06-4K.高码率.mkv', '05-4K.高码率.mkv', '04-4K.高码率.mkv', '03-4K.高码率.mkv', '02-4K.高码率.mkv', '01-4K.高码率.mkv']
2025-11-21 12:01:01 [INFO] app.modules.filter.services.target_episode_filter_service:141 - 获取到目标剧集组合，来自链接：https://pan.quark.cn/s/c44537b7846d
2025-11-21 12:01:01 [INFO] app.modules.filter.flow:138 - 勿扰飞升 | https://pan.quark.cn/s/c44537b7846d 跳过（更新至 12，比备选https://pan.quark.cn/s/ac810cf770ef | 16 更少）
2025-11-21 12:01:01 [INFO] app.modules.filter.services.regex_target_link_filter:50 - 匹配成功: link_title="[4K HDR][内嵌简中]勿扰飞升(2025)[更至16／32集]内地 奇幻／古装／动作刘国辉 李宏毅 陆婷玉 许佳琪 范晓东 张志浩【改编自月下蝶影的同名小说】夸克网盘：" movie_title_season="勿扰飞升" pattern=".*勿扰飞升[(（]20\d{2}[）)]"
2025-11-21 12:01:01 [INFO] app.modules.filter.services.target_episode_filter_service:137 - 开始处理链接：--- [4K HDR][内嵌简中]勿扰飞升(2025)[更至16／32集]内地 奇幻／古装／动作刘国辉 李宏毅 陆婷玉 许佳琪 范晓东 张志浩【改编自月下蝶影的同名小说】夸克网盘： https://pan.quark.cn/s/8ad50f2d7907
2025-11-21 12:01:01 [INFO] app.modules.filter.services.target_episode_filter_service:128 - 最终选择 18 个文件来覆盖新剧集: ['S01E16.2025.2160p.HDR.60fps.WEB-DL.H265.DDP2.0.mkv', 'S01E15.2025.2160p.HDR.60fps.WEB-DL.H265.DDP2.0.mkv', 'S01E16.2025.2160p.HDR.60fps.WEB-DL.H265.DDP2.0.mkv', 'S01E15.2025.2160p.HDR.60fps.WEB-DL.H265.DDP2.0.mkv', 'S01E14.2025.2160p.60fps.WEB-DL.H265.DDP2.0.mkv', 'S01E13.2025.2160p.60fps.WEB-DL.H265.DDP2.0.mkv', 'S01E12.2025.2160p.HDR.60fps.WEB-DL.H265.DDP2.0.mkv', 'S01E11.2025.2160p.HDR.60fps.WEB-DL.H265.DDP2.0.mkv', 'S01E10.2025.2160p.HDR.60fps.WEB-DL.H265.DDP2.0.mkv', 'S01E09.2025.2160p.HDR.60fps.WEB-DL.H265.DDP2.0.mkv', 'S01E08.2025.2160p.HDR.60fps.WEB-DL.H265.DDP2.0.mkv', 'S01E07.2025.2160p.HDR.60fps.WEB-DL.H265.DDP2.0.mkv', 'S01E06.2025.2160p.HDR.60fps.WEB-DL.H265.DDP2.0.mkv', 'S01E05.2025.2160p.HDR.60fps.WEB-DL.H265.DDP2.0.mkv', 'S01E04.2025.2160p.HDR.60fps.WEB-DL.H265.DDP2.0.mkv', 'S01E03.2025.2160p.HDR.60fps.WEB-DL.H265.DDP2.0.mkv', 'S01E02.2025.2160p.HDR.60fps.WEB-DL.H265.DDP2.0.mkv', 'S01E01.2025.2160p.HDR.60fps.WEB-DL.H265.DDP2.0.mkv']
2025-11-21 12:01:01 [INFO] app.modules.filter.services.target_episode_filter_service:141 - 获取到目标剧集组合，来自链接：https://pan.quark.cn/s/8ad50f2d7907
2025-11-21 12:01:01 [INFO] app.modules.filter.flow:138 - 勿扰飞升 | https://pan.quark.cn/s/8ad50f2d7907 跳过（更新至 16，比备选https://pan.quark.cn/s/ac810cf770ef | 16 更少）
2025-11-21 12:01:01 [INFO] app.modules.filter.services.regex_target_link_filter:50 - 匹配成功: link_title="勿扰飞升 2025 4K HDR 60FPS 更新至16集描述： 一位在凡尘界备受冷遇的亡国公主箜篌，因机缘巧合意外进入修仙世界，为磨练心智，主动下山闯荡，偶遇了病弱男子桓宗一起升级打怪闯荡修仙界并发展出深厚的感情的故事。夸克：" movie_title_season="勿扰飞升" pattern="^勿扰飞升.*"
2025-11-21 12:01:01 [INFO] app.modules.filter.services.target_episode_filter_service:137 - 开始处理链接：--- 勿扰飞升 2025 4K HDR 60FPS 更新至16集描述： 一位在凡尘界备受冷遇的亡国公主箜篌，因机缘巧合意外进入修仙世界，为磨练心智，主动下山闯荡，偶遇了病弱男子桓宗一起升级打怪闯荡修仙界并发展出深厚的感情的故事。夸克： https://pan.quark.cn/s/2871616277d7
2025-11-21 12:01:02 [INFO] app.modules.filter.services.regex_target_link_filter:50 - 匹配成功: link_title="勿扰飞升 2025 4K HDR 60FPS 更新至16集" movie_title_season="勿扰飞升" pattern="^勿扰飞升.*"
2025-11-21 12:01:02 [INFO] app.modules.filter.services.target_episode_filter_service:137 - 开始处理链接：--- 勿扰飞升 2025 4K HDR 60FPS 更新至16集 https://pan.baidu.com/s/1oXU1wSFgbdT5azKtSudx0w?pwd=yyds
2025-11-21 12:01:02 [INFO] app.modules.filter.services.target_episode_filter_service:128 - 最终选择 16 个文件来覆盖新剧集: ['S01E16.mkv', 'S01E15.mkv', 'S01E14.mkv', 'S01E13.mkv', 'S01E12.mp4', 'S01E11.mp4', 'S01E10.mp4', 'S01E09.mp4', 'S01E08.mp4', 'S01E07.mp4', 'S01E06.mkv', 'S01E05.mkv', 'S01E04.mkv', 'S01E03.mkv', 'S01E02.mkv', 'S01E01.mkv']
2025-11-21 12:01:02 [INFO] app.modules.filter.services.target_episode_filter_service:141 - 获取到目标剧集组合，来自链接：https://pan.quark.cn/s/2871616277d7
2025-11-21 12:01:02 [INFO] app.modules.filter.flow:138 - 勿扰飞升 | https://pan.quark.cn/s/2871616277d7 跳过（更新至 16，比备选https://pan.quark.cn/s/ac810cf770ef | 16 更少）
2025-11-21 12:01:02 [INFO] app.modules.filter.services.regex_target_link_filter:50 - 匹配成功: link_title="勿扰飞升" movie_title_season="勿扰飞升" pattern="^勿扰飞升.*"
2025-11-21 12:01:02 [INFO] app.modules.filter.services.target_episode_filter_service:137 - 开始处理链接：--- 勿扰飞升 https://pan.quark.cn/s/7d124130b79f
2025-11-21 12:01:02 [INFO] app.modules.filter.services.target_episode_filter_service:128 - 最终选择 16 个文件来覆盖新剧集: ['Flying.Up.Without.Disturb.2025.S01E16.2160p.WEB-DL.60fps.H.265.DDP2.0.mp4', 'Flying.Up.Without.Disturb.2025.S01E15.2160p.WEB-DL.60fps.H.265.DDP2.0.mp4', 'Flying.Up.Without.Disturb.2025.S01E14.2160p.WEB-DL.60fps.H.265.DDP2.0.mp4', 'Flying.Up.Without.Disturb.2025.S01E13.2160p.WEB-DL.60fps.H.265.DDP2.0.mp4', 'Flying.Up.Without.Disturb.2025.S01E12.2160p.WEB-DL.60fps.H.265.DDP2.0.mp4', 'Flying.Up.Without.Disturb.2025.S01E11.2160p.WEB-DL.60fps.H.265.DDP2.0.mp4', 'Flying.Up.Without.Disturb.2025.S01E10.2160p.WEB-DL.60fps.H.265.DDP2.0.mp4', 'Flying.Up.Without.Disturb.2025.S01E09.2160p.WEB-DL.60fps.H.265.DDP2.0.mp4', 'Flying.Up.Without.Disturb.2025.S01E08.2160p.WEB-DL.60fps.H.265.DDP2.0.mp4', 'Flying.Up.Without.Disturb.2025.S01E07.2160p.WEB-DL.60fps.H.265.DDP2.0.mp4', 'Flying.Up.Without.Disturb.2025.S01E06.2160p.WEB-DL.60fps.H.265.DDP2.0.mp4', 'Flying.Up.Without.Disturb.2025.S01E05.2160p.WEB-DL.60fps.H.265.DDP2.0.mp4', 'Flying.Up.Without.Disturb.2025.S01E04.2160p.WEB-DL.60fps.H.265.DDP2.0.mp4', 'Flying.Up.Without.Disturb.2025.S01E03.2160p.WEB-DL.60fps.H.265.DDP2.0.mp4', 'Flying.Up.Without.Disturb.2025.S01E02.2160p.WEB-DL.60fps.H.265.DDP2.0.mp4', 'Flying.Up.Without.Disturb.2025.S01E01.2160p.WEB-DL.60fps.H.265.DDP2.0.mp4']
2025-11-21 12:01:02 [INFO] app.modules.filter.services.target_episode_filter_service:141 - 获取到目标剧集组合，来自链接：https://pan.quark.cn/s/7d124130b79f
2025-11-21 12:01:02 [INFO] app.modules.filter.flow:138 - 勿扰飞升 | https://pan.quark.cn/s/7d124130b79f 跳过（更新至 16，比备选https://pan.quark.cn/s/ac810cf770ef | 16 更少）
2025-11-21 12:01:02 [INFO] app.modules.filter.services.target_episode_filter_service:128 - 最终选择 16 个文件来覆盖新剧集: ['S01E16.mkv', 'S01E15.mkv', 'S01E14.mkv', 'S01E13.mkv', 'S01E12.mp4', 'S01E11.mp4', 'S01E10.mp4', 'S01E09.mp4', 'S01E08.mp4', 'S01E07.mp4', 'S01E06.mkv', 'S01E05.mkv', 'S01E04.mkv', 'S01E03.mkv', 'S01E02.mkv', 'S01E01.mkv']
2025-11-21 12:01:02 [INFO] app.modules.filter.services.target_episode_filter_service:141 - 获取到目标剧集组合，来自链接：https://pan.baidu.com/s/1oXU1wSFgbdT5azKtSudx0w?pwd=yyds
2025-11-21 12:01:02 [INFO] app.modules.filter.flow:128 - 勿扰飞升 | https://pan.baidu.com/s/1oXU1wSFgbdT5azKtSudx0w?pwd=yyds 作为备选（更新至 16/19）
2025-11-21 12:01:02 [INFO] app.modules.filter.services.regex_target_link_filter:50 - 匹配成功: link_title="勿扰飞升 2025 4K 更新14集" movie_title_season="勿扰飞升" pattern="^勿扰飞升.*"
2025-11-21 12:01:02 [INFO] app.modules.filter.services.target_episode_filter_service:137 - 开始处理链接：--- 勿扰飞升 2025 4K 更新14集 https://pan.quark.cn/s/9ade763b3874
2025-11-21 12:01:02 [INFO] app.modules.filter.services.target_episode_filter_service:128 - 最终选择 16 个文件来覆盖新剧集: ['16 4K.mkv', '15 4K.mkv', '14 4K.mkv', '13 4K.mkv', '12 4K.mkv', '11 4K.mkv', '10 4K.mkv', '09 4K.mkv', '08 4K.mkv', '07 4K.mkv', '06 4K.mkv', '05 4K.mkv', '04 4K.mkv', '03 4K.mkv', '02 4K.mkv', '01 4K.mkv']
2025-11-21 12:01:02 [INFO] app.modules.filter.services.target_episode_filter_service:141 - 获取到目标剧集组合，来自链接：https://pan.quark.cn/s/9ade763b3874
2025-11-21 12:01:02 [INFO] app.modules.filter.flow:138 - 勿扰飞升 | https://pan.quark.cn/s/9ade763b3874 跳过（更新至 16，比备选https://pan.quark.cn/s/ac810cf770ef | 16 更少）
2025-11-21 12:01:03 [INFO] app.modules.filter.services.regex_target_link_filter:50 - 匹配成功: link_title="勿扰飞升(2025)4KHDR60帧杜比音效&amp;立体全景声中文字幕【2.1GB/集】更最新集" movie_title_season="勿扰飞升" pattern="^勿扰飞升.*"
2025-11-21 12:01:03 [INFO] app.modules.filter.services.target_episode_filter_service:137 - 开始处理链接：--- 勿扰飞升(2025)4KHDR60帧杜比音效&amp;立体全景声中文字幕【2.1GB/集】更最新集 https://pan.quark.cn/s/42f22c5a4b61
2025-11-21 12:01:05 [INFO] app.modules.filter.services.regex_target_link_filter:50 - 匹配成功: link_title="勿扰飞升 (2025)4K HDR 60FPS S01E01 - E16 HiveWeb简介： 一位在凡尘界备受冷遇的亡国公主箜篌，因机缘巧合意外进入修仙世界，为磨练心智，主动下山闯荡，偶遇了病弱男子桓宗一起升级打怪闯荡修仙界并发展出深厚的感情的故事。...分享： 热心网友大小： 31.3GB" movie_title_season="勿扰飞升" pattern="^勿扰飞升.*"
2025-11-21 12:01:05 [INFO] app.modules.filter.services.target_episode_filter_service:137 - 开始处理链接：--- 勿扰飞升 (2025)4K HDR 60FPS S01E01 - E16 HiveWeb简介： 一位在凡尘界备受冷遇的亡国公主箜篌，因机缘巧合意外进入修仙世界，为磨练心智，主动下山闯荡，偶遇了病弱男子桓宗一起升级打怪闯荡修仙界并发展出深厚的感情的故事。...分享： 热心网友大小： 31.3GB https://pan.baidu.com/s/1KFGYw9SuMvnAl1N71rqZPA?pwd=9A6G
2025-11-21 12:01:05 [WARNING] app.modules.data_collection.services.fallback_split_title_season_service:26 - title_season=The Last Frontier 为匹配到任何分割规则
2025-11-21 12:01:06 [WARNING] app.modules.data_collection.services.a_tmdb_id_provider_service:154 - 未匹配到与title_season的tmdb_id和season，title_season=同乐者 第一季,movie_type=MovieType.TV,year=2025
2025-11-21 12:01:07 [WARNING] openai.agents:96 - OPENAI_API_KEY is not set, skipping trace export
2025-11-21 12:01:08 [WARNING] app.modules.data_collection.services.a_tmdb_id_provider_service:154 - 未匹配到与title_season的tmdb_id和season，title_season=Pluribus Season 1,movie_type=MovieType.TV,year=2025
2025-11-21 12:01:08 [INFO] app.modules.data_collection.services.a_tmdb_id_provider_service:173 - 未搜索到"同乐者 第一季的tmdb_id"
2025-11-21 12:01:08 [WARNING] app.modules.data_collection.services.fallback_tmdb_id_provider_service:32 - 未从a_tmdb_id_provider获取到tmdb信息
2025-11-21 12:01:09 [WARNING] app.modules.data_collection.services.b_tmdb_provider_service:47 - 未搜索到任何内容或与搜索结果title不同，参数：title=同乐者,season=第 1 季  搜索结果：[{'adult': False, 'backdrop_path': '/8Y6A0bjCi1ZVAYQzf0LlEmckv5O.jpg', 'genre_ids': [18, 10765], 'id': 225171, 'origin_country': ['US'], 'original_language': 'en', 'original_name': 'Pluribus', 'overview': '故事围绕“幸福也会像病毒一样传染”这一概念展开。背景设定在一个与现实世界相似却被微妙扭曲的平行世界中，当快乐突然成为可怕的“传染病”，女主必须想办法在这场全民狂欢中拯救世界。', 'popularity': 111.9474, 'poster_path': '/pGl5oc6dN6DKWDGgDPbeplxxPS6.jpg', 'first_air_date': '2025-11-06', 'name': 'Pluribus', 'vote_average': 8.4, 'vote_count': 118}]
2025-11-21 12:01:12 [INFO] app.modules.data_collection.services.fallback_tmdb_id_provider_service:36 - 从tmdb_info_provider获取到(225171, 1)
2025-11-21 12:01:12 [INFO] app.modules.filter.services.regex_target_link_filter:50 - 匹配成功: link_title="勿扰飞升(2025) 收藏更至最新【4K】" movie_title_season="勿扰飞升" pattern="^勿扰飞升.*"
2025-11-21 12:01:12 [INFO] app.modules.filter.services.target_episode_filter_service:137 - 开始处理链接：--- 勿扰飞升(2025) 收藏更至最新【4K】 https://pan.quark.cn/s/7b11ad29a5bc
2025-11-21 12:01:13 [WARNING] app.modules.data_collection.services.a_tmdb_id_provider_service:154 - 未匹配到与title_season的tmdb_id和season，title_season=同乐者 第一季,movie_type=MovieType.TV,year=2025
2025-11-21 12:01:14 [WARNING] app.modules.data_collection.services.a_tmdb_id_provider_service:154 - 未匹配到与title_season的tmdb_id和season，title_season=Pluribus Season 1,movie_type=MovieType.TV,year=2025
2025-11-21 12:01:14 [INFO] app.modules.data_collection.services.a_tmdb_id_provider_service:173 - 未搜索到"同乐者 第一季的tmdb_id"
2025-11-21 12:01:14 [WARNING] app.modules.data_collection.services.fallback_tmdb_id_provider_service:32 - 未从a_tmdb_id_provider获取到tmdb信息
2025-11-21 12:01:15 [WARNING] app.modules.data_collection.services.b_tmdb_provider_service:47 - 未搜索到任何内容或与搜索结果title不同，参数：title=同乐者,season=第 1 季  搜索结果：[{'adult': False, 'backdrop_path': '/8Y6A0bjCi1ZVAYQzf0LlEmckv5O.jpg', 'genre_ids': [18, 10765], 'id': 225171, 'origin_country': ['US'], 'original_language': 'en', 'original_name': 'Pluribus', 'overview': '故事围绕“幸福也会像病毒一样传染”这一概念展开。背景设定在一个与现实世界相似却被微妙扭曲的平行世界中，当快乐突然成为可怕的“传染病”，女主必须想办法在这场全民狂欢中拯救世界。', 'popularity': 111.9474, 'poster_path': '/pGl5oc6dN6DKWDGgDPbeplxxPS6.jpg', 'first_air_date': '2025-11-06', 'name': 'Pluribus', 'vote_average': 8.4, 'vote_count': 118}]
2025-11-21 12:01:18 [INFO] app.modules.data_collection.services.fallback_tmdb_id_provider_service:36 - 从tmdb_info_provider获取到(225171, 1)
2025-11-21 12:01:19 [INFO] app.modules.filter.services.target_episode_filter_service:128 - 最终选择 16 个文件来覆盖新剧集: ['S01E16.mkv', 'S01E15.mkv', 'S01E14.mkv', 'S01E13.mkv', 'S01E12.mkv', 'S01E11.mkv', 'S01E10.mkv', 'S01E09.mkv', 'S01E08.mkv', 'S01E07.mkv', 'S01E06.mkv', 'S01E05.mkv', 'S01E04.mkv', 'S01E03.mkv', 'S01E02.mkv', 'S01E01.mkv']
2025-11-21 12:01:19 [INFO] app.modules.filter.services.target_episode_filter_service:141 - 获取到目标剧集组合，来自链接：https://pan.baidu.com/s/1KFGYw9SuMvnAl1N71rqZPA?pwd=9A6G
2025-11-21 12:01:19 [INFO] app.modules.filter.flow:138 - 勿扰飞升 | https://pan.baidu.com/s/1KFGYw9SuMvnAl1N71rqZPA?pwd=9A6G 跳过（更新至 16，比备选https://pan.baidu.com/s/1oXU1wSFgbdT5azKtSudx0w?pwd=yyds | 16 更少）
2025-11-21 12:01:19 [INFO] app.modules.filter.services.target_episode_filter_service:128 - 最终选择 16 个文件来覆盖新剧集: ['S01E16.mkv', 'S01E15.mkv', 'S01E14.mkv', 'S01E13.mkv', 'S01E12.mkv', 'S01E11.mkv', 'S01E10.mkv', 'S01E09.mkv', 'S01E08.mkv', 'S01E07.mkv', 'S01E06.mkv', 'S01E05.mkv', 'S01E04.mkv', 'S01E03.mkv', 'S01E02.mkv', 'S01E01.mkv']
2025-11-21 12:01:19 [INFO] app.modules.filter.services.target_episode_filter_service:141 - 获取到目标剧集组合，来自链接：https://pan.quark.cn/s/7b11ad29a5bc
2025-11-21 12:01:19 [INFO] app.modules.filter.flow:138 - 勿扰飞升 | https://pan.quark.cn/s/7b11ad29a5bc 跳过（更新至 16，比备选https://pan.quark.cn/s/ac810cf770ef | 16 更少）
2025-11-21 12:01:19 [INFO] app.modules.filter.flow:158 - 勿扰飞升分享链接遍历完成，无可用分享链接
2025-11-21 12:01:19 [INFO] app.modules.storage_operations.services.save_episodes_to_cloud:44 - 未筛选到适合['mkv', 'mp4', 'avi', 'mov', 'm4v', 'wmv', 'flv', 'torrent', 'srt', 'ass', 'sub', 'mp3', 'aac', 'zip']的链接
2025-11-21 12:01:19 [INFO] app.modules.storage_operations.services.save_episodes_to_cloud:44 - 未筛选到适合['mkv', 'mp4', 'avi', 'mov', 'm4v', 'wmv', 'flv', 'torrent', 'srt', 'ass', 'sub', 'mp3', 'aac', 'zip']的链接
2025-11-21 12:01:20 [INFO] app.modules.filter.services.regex_target_link_filter:50 - 匹配成功: link_title="勿扰飞升" movie_title_season="勿扰飞升" pattern="^勿扰飞升.*"
2025-11-21 12:01:20 [INFO] app.modules.filter.services.target_episode_filter_service:137 - 开始处理链接：--- 勿扰飞升 https://pan.baidu.com/s/1DnTLXQryvfO6b-CJGPFUmQ?pwd=26us
2025-11-21 12:01:21 [INFO] app.modules.filter.services.target_episode_filter_service:128 - 最终选择 16 个文件来覆盖新剧集: ['Flying.Up.Without.Disturb.2025.S01E16.2160p.WEB-DL.60fps.H.265.DDP2.0.mp4', 'Flying.Up.Without.Disturb.2025.S01E15.2160p.WEB-DL.60fps.H.265.DDP2.0.mp4', 'Flying.Up.Without.Disturb.2025.S01E14.2160p.WEB-DL.60fps.H.265.DDP2.0.mp4', 'Flying.Up.Without.Disturb.2025.S01E13.2160p.WEB-DL.60fps.H.265.DDP2.0.mp4', 'Flying.Up.Without.Disturb.2025.S01E12.2160p.WEB-DL.60fps.H.265.DDP2.0.mp4', 'Flying.Up.Without.Disturb.2025.S01E11.2160p.WEB-DL.60fps.H.265.DDP2.0.mp4', 'Flying.Up.Without.Disturb.2025.S01E10.2160p.WEB-DL.60fps.H.265.DDP2.0.mp4', 'Flying.Up.Without.Disturb.2025.S01E09.2160p.WEB-DL.60fps.H.265.DDP2.0.mp4', 'Flying.Up.Without.Disturb.2025.S01E08.2160p.WEB-DL.60fps.H.265.DDP2.0.mp4', 'Flying.Up.Without.Disturb.2025.S01E07.2160p.WEB-DL.60fps.H.265.DDP2.0.mp4', 'Flying.Up.Without.Disturb.2025.S01E06.2160p.WEB-DL.60fps.H.265.DDP2.0.mp4', 'Flying.Up.Without.Disturb.2025.S01E05.2160p.WEB-DL.60fps.H.265.DDP2.0.mp4', 'Flying.Up.Without.Disturb.2025.S01E04.2160p.WEB-DL.60fps.H.265.DDP2.0.mp4', 'Flying.Up.Without.Disturb.2025.S01E03.2160p.WEB-DL.60fps.H.265.DDP2.0.mp4', 'Flying.Up.Without.Disturb.2025.S01E02.2160p.WEB-DL.60fps.H.265.DDP2.0.mp4', 'Flying.Up.Without.Disturb.2025.S01E01.2160p.WEB-DL.60fps.H.265.DDP2.0.mp4']
2025-11-21 12:01:21 [INFO] app.modules.filter.services.target_episode_filter_service:141 - 获取到目标剧集组合，来自链接：https://pan.baidu.com/s/1DnTLXQryvfO6b-CJGPFUmQ?pwd=26us
2025-11-21 12:01:21 [INFO] app.modules.filter.flow:138 - 勿扰飞升 | https://pan.baidu.com/s/1DnTLXQryvfO6b-CJGPFUmQ?pwd=26us 跳过（更新至 16，比备选https://pan.baidu.com/s/1oXU1wSFgbdT5azKtSudx0w?pwd=yyds | 16 更少）
2025-11-21 12:01:21 [INFO] app.modules.filter.services.regex_target_link_filter:50 - 匹配成功: link_title="勿扰飞升 2025 4K 更新14集" movie_title_season="勿扰飞升" pattern="^勿扰飞升.*"
2025-11-21 12:01:21 [INFO] app.modules.filter.services.target_episode_filter_service:137 - 开始处理链接：--- 勿扰飞升 2025 4K 更新14集 https://pan.baidu.com/s/1DUenTHOH0lZbgNStz_nzqg?pwd=wogg
2025-11-21 12:01:22 [WARNING] openai.agents:96 - OPENAI_API_KEY is not set, skipping trace export
2025-11-21 12:01:22 [INFO] app.modules.filter.services.target_episode_filter_service:128 - 最终选择 21 个文件来覆盖新剧集: ['20 4K.mp4', '19 4K.mkv', '18 4K.mp4', '17 4K.mp4', '16 4K.mp4', '15 4K.mp4', '14 4K.mp4', '13 4K.mp4', '12 4K.mp4', '11 4K.mp4', '10 4K.mp4', '09 4K.mp4', '08 4K.mp4', '07 4K.mp4', '06 4K.mp4', '05 4K.mp4', '04 4K.mp4', '03 4K.mp4', '02 4K.mp4', '01 4K.mp4', '01 4K..mp4']
2025-11-21 12:01:22 [INFO] app.modules.filter.services.target_episode_filter_service:141 - 获取到目标剧集组合，来自链接：https://pan.baidu.com/s/1DUenTHOH0lZbgNStz_nzqg?pwd=wogg
2025-11-21 12:01:22 [INFO] app.modules.filter.flow:116 - 勿扰飞升 | https://pan.baidu.com/s/1DUenTHOH0lZbgNStz_nzqg?pwd=wogg 已更新到最新剧集 20，选择该分享链接
2025-11-21 12:01:22 [INFO] app.modules.storage_operations.clients.baidu_cloud_client:122 - 已成功连接百度网盘(4295baidu)
2025-11-21 12:01:24 [INFO] app.modules.storage_operations.services.save_episodes_to_cloud:76 -  Saving 20 episodes to 4295baidu \资源分享\TV\China\2025\勿扰飞升
2025-11-21 12:01:27 [ERROR] app.modules.storage_operations.services.save_episodes_to_cloud:91 - ❌ Save error 20 episodes to 4295baidu \资源分享\TV\China\2025\勿扰飞升 : 百度转存失败|/资源分享/TV/China/2025/勿扰飞升 https://pan.baidu.com/s/1DUenTHOH0lZbgNStz_nzqg?pwd=wogg：{'errno': 12, 'info': [{'errno': -32, 'path': '/05 4K.mp4'}, {'errno': -32, 'path': '/02 4K.mp4'}, {'errno': -32, 'path': '/04 4K.mp4'}, {'errno': -32, 'path': '/07 4K.mp4'}, {'errno': -32, 'path': '/08 4K.mp4'}, {'errno': -32, 'path': '/01 4K.mp4'}, {'errno': -32, 'path': '/16 4K.mp4'}, {'errno': -32, 'path': '/14 4K.mp4'}, {'errno': -32, 'path': '/09 4K.mp4'}, {'errno': -32, 'path': '/11 4K.mp4'}, {'errno': -32, 'path': '/13 4K.mp4'}, {'errno': -32, 'path': '/15 4K.mp4'}, {'errno': -32, 'path': '/17 4K.mp4'}, {'errno': -32, 'path': '/18 4K.mp4'}, {'errno': -32, 'path': '/19 4K.mkv'}, {'errno': -32, 'path': '/03 4K.mp4'}, {'errno': -32, 'path': '/06 4K.mp4'}, {'errno': -32, 'path': '/10 4K.mp4'}, {'errno': -32, 'path': '/12 4K.mp4'}, {'errno': -32, 'path': '/20 4K.mp4'}], 'newno': '', 'request_id': 1232155593244794934, 'show_msg': '剩余空间不足，无法转存', 'target_file_nums': 20, 'target_size': 33235217423, 'task_id': 0}
2025-11-21 12:01:32 [WARNING] openai.agents:96 - OPENAI_API_KEY is not set, skipping trace export
2025-11-21 12:01:34 [WARNING] app.modules.data_collection.services.a_tmdb_id_provider_service:154 - 未匹配到与title_season的tmdb_id和season，title_season=模范出租车3,movie_type=MovieType.TV,year=2025
2025-11-21 12:01:35 [WARNING] app.modules.data_collection.services.a_tmdb_id_provider_service:154 - 未匹配到与title_season的tmdb_id和season，title_season=모범택시 시즌3,movie_type=MovieType.TV,year=2025
2025-11-21 12:01:35 [INFO] app.modules.data_collection.services.a_tmdb_id_provider_service:173 - 未搜索到"模范出租车3的tmdb_id"
2025-11-21 12:01:35 [WARNING] app.modules.data_collection.services.fallback_tmdb_id_provider_service:32 - 未从a_tmdb_id_provider获取到tmdb信息
2025-11-21 12:01:38 [INFO] app.modules.data_collection.services.fallback_tmdb_id_provider_service:36 - 从tmdb_info_provider获取到(119769, 3)
2025-11-21 12:01:39 [WARNING] app.modules.data_collection.services.a_tmdb_id_provider_service:154 - 未匹配到与title_season的tmdb_id和season，title_season=模范出租车3,movie_type=MovieType.TV,year=2025
2025-11-21 12:01:40 [WARNING] app.modules.data_collection.services.a_tmdb_id_provider_service:154 - 未匹配到与title_season的tmdb_id和season，title_season=모범택시 시즌3,movie_type=MovieType.TV,year=2025
2025-11-21 12:01:40 [INFO] app.modules.data_collection.services.a_tmdb_id_provider_service:173 - 未搜索到"模范出租车3的tmdb_id"
2025-11-21 12:01:40 [WARNING] app.modules.data_collection.services.fallback_tmdb_id_provider_service:32 - 未从a_tmdb_id_provider获取到tmdb信息
2025-11-21 12:01:43 [INFO] app.modules.data_collection.services.fallback_tmdb_id_provider_service:36 - 从tmdb_info_provider获取到(119769, 3)
2025-11-21 12:01:47 [WARNING] openai.agents:96 - OPENAI_API_KEY is not set, skipping trace export
2025-11-21 12:02:05 [WARNING] app.modules.data_collection.services.fallback_split_title_season_service:26 - title_season=모범택시 시즌3 为匹配到任何分割规则
2025-11-21 12:02:06 [WARNING] app.modules.data_collection.services.a_tmdb_id_provider_service:154 - 未匹配到与title_season的tmdb_id和season，title_season=贵族高中：我们之间的鸿沟 第二季,movie_type=MovieType.TV,year=2025
2025-11-21 12:02:07 [WARNING] openai.agents:96 - OPENAI_API_KEY is not set, skipping trace export
2025-11-21 12:02:07 [WARNING] app.modules.data_collection.services.a_tmdb_id_provider_service:154 - 未匹配到与title_season的tmdb_id和season，title_season=Maxton Hall - Die Welt zwischen uns Season 2,movie_type=MovieType.TV,year=2025
2025-11-21 12:02:07 [INFO] app.modules.data_collection.services.a_tmdb_id_provider_service:173 - 未搜索到"贵族高中：我们之间的鸿沟 第二季的tmdb_id"
2025-11-21 12:02:07 [WARNING] app.modules.data_collection.services.fallback_tmdb_id_provider_service:32 - 未从a_tmdb_id_provider获取到tmdb信息
2025-11-21 12:02:10 [INFO] app.modules.data_collection.services.fallback_tmdb_id_provider_service:36 - 从tmdb_info_provider获取到(250670, 2)
2025-11-21 12:02:11 [WARNING] app.modules.data_collection.services.a_tmdb_id_provider_service:154 - 未匹配到与title_season的tmdb_id和season，title_season=贵族高中：我们之间的鸿沟 第二季,movie_type=MovieType.TV,year=2025
2025-11-21 12:02:12 [WARNING] app.modules.data_collection.services.a_tmdb_id_provider_service:154 - 未匹配到与title_season的tmdb_id和season，title_season=Maxton Hall - Die Welt zwischen uns Season 2,movie_type=MovieType.TV,year=2025
2025-11-21 12:02:12 [INFO] app.modules.data_collection.services.a_tmdb_id_provider_service:173 - 未搜索到"贵族高中：我们之间的鸿沟 第二季的tmdb_id"
2025-11-21 12:02:12 [WARNING] app.modules.data_collection.services.fallback_tmdb_id_provider_service:32 - 未从a_tmdb_id_provider获取到tmdb信息
2025-11-21 12:02:15 [INFO] app.modules.data_collection.services.fallback_tmdb_id_provider_service:36 - 从tmdb_info_provider获取到(250670, 2)
2025-11-21 12:02:17 [WARNING] openai.agents:96 - OPENAI_API_KEY is not set, skipping trace export
2025-11-21 12:02:31 [INFO] app.modules.data_collection.services.fallback_tmdb_id_provider_service:36 - 从tmdb_info_provider获取到(1363123, None)
2025-11-21 12:02:32 [WARNING] openai.agents:96 - OPENAI_API_KEY is not set, skipping trace export
2025-11-21 12:02:34 [WARNING] app.modules.data_collection.services.fallback_split_title_season_service:26 - title_season=The Family Plan 2 为匹配到任何分割规则
2025-11-21 12:02:35 [WARNING] app.modules.data_collection.services.a_tmdb_id_provider_service:154 - 未匹配到与title_season的tmdb_id和season，title_season=卧底老绅士 第二季,movie_type=MovieType.TV,year=2025
2025-11-21 12:02:36 [WARNING] app.modules.data_collection.services.a_tmdb_id_provider_service:154 - 未匹配到与title_season的tmdb_id和season，title_season=A Man on the Inside Season 2,movie_type=MovieType.TV,year=2025
2025-11-21 12:02:36 [INFO] app.modules.data_collection.services.a_tmdb_id_provider_service:173 - 未搜索到"卧底老绅士 第二季的tmdb_id"
2025-11-21 12:02:36 [WARNING] app.modules.data_collection.services.fallback_tmdb_id_provider_service:32 - 未从a_tmdb_id_provider获取到tmdb信息
2025-11-21 12:02:38 [INFO] app.modules.data_collection.services.fallback_tmdb_id_provider_service:36 - 从tmdb_info_provider获取到(245312, 2)
2025-11-21 12:02:39 [WARNING] app.modules.data_collection.services.a_tmdb_id_provider_service:154 - 未匹配到与title_season的tmdb_id和season，title_season=卧底老绅士 第二季,movie_type=MovieType.TV,year=2025
2025-11-21 12:02:40 [WARNING] app.modules.data_collection.services.a_tmdb_id_provider_service:154 - 未匹配到与title_season的tmdb_id和season，title_season=A Man on the Inside Season 2,movie_type=MovieType.TV,year=2025
2025-11-21 12:02:40 [INFO] app.modules.data_collection.services.a_tmdb_id_provider_service:173 - 未搜索到"卧底老绅士 第二季的tmdb_id"
2025-11-21 12:02:40 [WARNING] app.modules.data_collection.services.fallback_tmdb_id_provider_service:32 - 未从a_tmdb_id_provider获取到tmdb信息
2025-11-21 12:02:42 [INFO] app.modules.data_collection.services.fallback_tmdb_id_provider_service:36 - 从tmdb_info_provider获取到(245312, 2)
2025-11-21 12:02:43 [INFO] app.modules.data_collection.services.ai_copilot_episodes_info_provider_service:65 - 卧底老绅士 第二季无需填充air_time
2025-11-21 12:05:00 [INFO] app.core.scheduler:480 - Dispatching scheduled job f8e4963f2a92414589a557957998c0a7 -> 将所有网盘已更新到最新进度的movie推送到平台
2025-11-21 12:05:00 [INFO] app.core.scheduler:506 - Scheduled job f8e4963f2a92414589a557957998c0a7 dispatched to task_manager
2025-11-21 12:05:00 [INFO] root:162 - [task 181c2b63a58245169f0640926af2c382] log handler attached for capture
2025-11-21 12:05:00 [INFO] app.flow.sync_new_movie_flow:327 - 将['赴山海', '欢乐家长群2', '暴风圈', '照镜辞', '漫威丧尸', '弥留之国的爱丽丝 第三季', '行骗天下KR', '健力士王朝', '犯罪现场 Zero', '科斯缇娜酒店', '入青云', '回魂计', '水龙吟', '锦月令', '棕眼之谜', '三人行', '黑盒子', '大厨小婿']发布至平台
2025-11-21 12:07:16 [INFO] telethon.client.updates:344 - Got difference for account updates
2025-11-21 12:07:17 [INFO] telethon.client.updates:443 - Got difference for channel 1290825027 updates
2025-11-21 12:07:17 [INFO] telethon.client.updates:443 - Got difference for channel 1912103688 updates
2025-11-21 12:07:17 [INFO] telethon.client.updates:443 - Got difference for channel 1401724496 updates
2025-11-21 12:07:18 [INFO] telethon.client.updates:443 - Got difference for channel 1617621330 updates
2025-11-21 12:07:18 [INFO] telethon.client.updates:443 - Got difference for channel 2278863895 updates
2025-11-21 12:07:18 [INFO] telethon.client.updates:443 - Got difference for channel 2209378593 updates
2025-11-21 12:07:18 [INFO] telethon.client.updates:443 - Got difference for channel 2064685671 updates
2025-11-21 12:07:19 [INFO] telethon.client.updates:443 - Got difference for channel 2158983339 updates
2025-11-21 12:07:19 [INFO] telethon.client.updates:443 - Got difference for channel 1657667314 updates
2025-11-21 12:07:19 [INFO] telethon.client.updates:443 - Got difference for channel 2193554291 updates
2025-11-21 12:07:19 [INFO] telethon.client.updates:443 - Got difference for channel 1642618802 updates
2025-11-21 12:07:20 [INFO] telethon.client.updates:443 - Got difference for channel 1872908471 updates
2025-11-21 12:07:20 [INFO] telethon.client.updates:443 - Got difference for channel 2073046329 updates
2025-11-21 12:07:20 [INFO] telethon.client.updates:443 - Got difference for channel 1084638970 updates
2025-11-21 12:07:20 [INFO] telethon.client.updates:443 - Got difference for channel 2016939647 updates
2025-11-21 12:07:20 [INFO] telethon.client.updates:443 - Got difference for channel 1373840858 updates
2025-11-21 12:07:21 [INFO] telethon.client.updates:443 - Got difference for channel 1688099294 updates
2025-11-21 12:07:21 [INFO] telethon.client.updates:443 - Got difference for channel 1280467440 updates
2025-11-21 12:08:16 [INFO] telethon.client.updates:443 - Got difference for channel 1739110235 updates
2025-11-21 12:08:17 [INFO] telethon.client.updates:443 - Got difference for channel 1084638970 updates
2025-11-21 12:08:17 [INFO] telethon.client.updates:443 - Got difference for channel 2209378593 updates
2025-11-21 12:08:18 [INFO] telethon.client.updates:443 - Got difference for channel 2600169516 updates
2025-11-21 12:09:19 [INFO] telethon.client.updates:443 - Got difference for channel 1688099294 updates
2025-11-21 12:09:19 [INFO] telethon.client.updates:443 - Got difference for channel 2016939647 updates
2025-11-21 12:09:19 [INFO] telethon.client.updates:443 - Got difference for channel 2209378593 updates
2025-11-21 12:09:20 [INFO] telethon.client.updates:443 - Got difference for channel 1280467440 updates
2025-11-21 12:10:00 [INFO] app.core.scheduler:480 - Dispatching scheduled job f8e4963f2a92414589a557957998c0a7 -> 将所有网盘已更新到最新进度的movie推送到平台
2025-11-21 12:10:00 [INFO] app.core.scheduler:506 - Scheduled job f8e4963f2a92414589a557957998c0a7 dispatched to task_manager
2025-11-21 12:10:00 [INFO] root:162 - [task ca0c1369b02f4ff5aafc7df03a5453e4] log handler attached for capture
2025-11-21 12:10:00 [INFO] app.flow.sync_new_movie_flow:327 - 将['赴山海', '欢乐家长群2', '暴风圈', '照镜辞', '漫威丧尸', '弥留之国的爱丽丝 第三季', '行骗天下KR', '健力士王朝', '犯罪现场 Zero', '科斯缇娜酒店', '入青云', '回魂计', '水龙吟', '锦月令', '棕眼之谜', '三人行', '黑盒子', '大厨小婿']发布至平台
2025-11-21 12:10:19 [INFO] telethon.client.updates:443 - Got difference for channel 1084638970 updates
2025-11-21 12:10:19 [INFO] telethon.client.updates:443 - Got difference for channel 2158983339 updates
2025-11-21 12:10:19 [INFO] telethon.client.updates:443 - Got difference for channel 1580372425 updates
2025-11-21 12:11:19 [INFO] telethon.client.updates:443 - Got difference for channel 1084638970 updates
2025-11-21 12:11:19 [INFO] telethon.client.updates:443 - Got difference for channel 2269063013 updates
2025-11-21 12:11:19 [INFO] telethon.client.updates:443 - Got difference for channel 1280467440 updates
2025-11-21 12:12:16 [INFO] telethon.client.updates:443 - Got difference for channel 2014194320 updates
2025-11-21 12:12:17 [INFO] telethon.client.updates:443 - Got difference for channel 1730305106 updates
2025-11-21 12:12:17 [INFO] telethon.client.updates:443 - Got difference for channel 1561455638 updates
2025-11-21 12:12:17 [INFO] telethon.client.updates:443 - Got difference for channel 1084638970 updates
2025-11-21 12:12:18 [INFO] telethon.client.updates:443 - Got difference for channel 1688099294 updates
2025-11-21 12:12:18 [INFO] telethon.client.updates:443 - Got difference for channel 1669747816 updates
2025-11-21 12:12:18 [INFO] telethon.client.updates:443 - Got difference for channel 1642618802 updates
2025-11-21 12:12:18 [INFO] telethon.client.updates:443 - Got difference for channel 2016939647 updates
2025-11-21 12:13:01 [INFO] telethon.client.updates:443 - Got difference for channel 1084638970 updates
2025-11-21 12:13:02 [INFO] telethon.client.updates:443 - Got difference for channel 2209378593 updates
2025-11-21 12:13:02 [INFO] telethon.client.updates:443 - Got difference for channel 1280467440 updates
2025-11-21 12:13:06 [INFO] telethon.client.updates:443 - Got difference for channel 1688099294 updates
2025-11-21 12:13:19 [INFO] telethon.client.updates:443 - Got difference for channel 1084638970 updates
2025-11-21 12:14:19 [INFO] telethon.client.updates:443 - Got difference for channel 1084638970 updates
2025-11-21 12:14:19 [INFO] telethon.client.updates:443 - Got difference for channel 2269063013 updates
2025-11-21 12:14:20 [INFO] telethon.client.updates:443 - Got difference for channel 2600169516 updates
2025-11-21 12:14:20 [INFO] telethon.client.updates:443 - Got difference for channel 1280467440 updates
2025-11-21 12:14:20 [INFO] telethon.client.updates:443 - Got difference for channel 1642618802 updates
2025-11-21 12:14:20 [INFO] telethon.client.updates:443 - Got difference for channel 2016939647 updates
2025-11-21 12:15:00 [INFO] app.core.scheduler:480 - Dispatching scheduled job 6f853106834c42dbb500a627c0aa1bbc -> 同步今日可更新影视资源到网盘
2025-11-21 12:15:00 [INFO] app.core.scheduler:506 - Scheduled job 6f853106834c42dbb500a627c0aa1bbc dispatched to task_manager
2025-11-21 12:15:00 [INFO] app.core.scheduler:480 - Dispatching scheduled job f8e4963f2a92414589a557957998c0a7 -> 将所有网盘已更新到最新进度的movie推送到平台
2025-11-21 12:15:00 [INFO] app.core.scheduler:506 - Scheduled job f8e4963f2a92414589a557957998c0a7 dispatched to task_manager
2025-11-21 12:15:00 [INFO] root:162 - [task 0cae744ef26b466bb85170a346af4a65] log handler attached for capture
2025-11-21 12:15:00 [INFO] root:162 - [task d6a7e66673ce4576bd7cf7888a55c5e3] log handler attached for capture
2025-11-21 12:15:00 [INFO] app.flow.sync_new_movie_flow:181 - 今日已到更新时间点的movie:['新闻女王2', '勿扰飞升']
2025-11-21 12:15:00 [WARNING] app.flow.sync_new_movie_flow:186 - 这些movie由于tmdb_info为空无法同步：[]
2025-11-21 12:15:00 [INFO] app.flow.sync_new_movie_flow:327 - 将['赴山海', '欢乐家长群2', '暴风圈', '照镜辞', '漫威丧尸', '弥留之国的爱丽丝 第三季', '行骗天下KR', '健力士王朝', '犯罪现场 Zero', '科斯缇娜酒店', '入青云', '回魂计', '水龙吟', '锦月令', '棕眼之谜', '三人行', '黑盒子', '大厨小婿']发布至平台
2025-11-21 12:15:04 [INFO] app.modules.filter.services.regex_target_link_filter:50 - 匹配成功: link_title="新闻女王2国语版" movie_title_season="新闻女王2" pattern="^新闻女王2.*"
2025-11-21 12:15:04 [INFO] app.modules.filter.services.target_episode_filter_service:137 - 开始处理链接：--- 新闻女王2国语版 https://pan.quark.cn/s/6ceeb5cc2bf5
2025-11-21 12:15:04 [INFO] app.modules.filter.services.target_episode_filter_service:128 - 最终选择 18 个文件来覆盖新剧集: ['20 4K.mkv', '19 4K.mkv', '17 4K.mkv', '16 4K.mkv', '15 4K.mkv', '14 4K【国粤双语】.mkv', '12 4K.mkv', '11 4K.mp4', '10 4K【国粤双语】.mkv', '09 4K【国粤双语】.mkv', '08 4K.mkv', '07 4K.mkv', '06 4K.mkv', '05 4K.mkv', '04 4K.mp4', '03 4K.mkv', '02 4K.mkv', '01 4K.mkv']
2025-11-21 12:15:04 [INFO] app.modules.filter.services.target_episode_filter_service:141 - 获取到目标剧集组合，来自链接：https://pan.quark.cn/s/6ceeb5cc2bf5
2025-11-21 12:15:04 [INFO] app.modules.filter.flow:128 - 新闻女王2 | https://pan.quark.cn/s/6ceeb5cc2bf5 作为备选（更新至 20/21）
2025-11-21 12:15:04 [INFO] app.modules.filter.services.regex_target_link_filter:50 - 匹配成功: link_title="新闻女王2国语版" movie_title_season="新闻女王2" pattern="^新闻女王2.*"
2025-11-21 12:15:04 [INFO] app.modules.filter.services.target_episode_filter_service:137 - 开始处理链接：--- 新闻女王2国语版 https://pan.baidu.com/s/1cHrCu7Z7J_KyihwpUCENRg?pwd=8888
2025-11-21 12:15:04 [INFO] app.modules.filter.services.regex_target_link_filter:50 - 匹配成功: link_title="新闻女王2国语" movie_title_season="新闻女王2" pattern="^新闻女王2.*"
2025-11-21 12:15:04 [INFO] app.modules.filter.services.target_episode_filter_service:137 - 开始处理链接：--- 新闻女王2国语 https://pan.quark.cn/s/f7b29837da99
2025-11-21 12:15:05 [INFO] app.modules.filter.services.target_episode_filter_service:128 - 最终选择 46 个文件来覆盖新剧集: ['The.Queen.of.NEWS.S01E26.2023.2160p.WEB-DL.H265.AAC-DDHDTV.mkv', 'The.Queen.of.NEWS.S01E25.2023.2160p.WEB-DL.H265.AAC-DDHDTV.mkv', 'The.Queen.of.NEWS.S01E24.2023.2160p.WEB-DL.H265.AAC-DDHDTV.mkv', 'The.Queen.of.NEWS.S01E23.2023.2160p.WEB-DL.H265.AAC-DDHDTV.mkv', 'The.Queen.of.NEWS.S01E22.2023.2160p.WEB-DL.H265.AAC-DDHDTV.mkv', 'The.Queen.of.NEWS.S01E21.2023.2160p.WEB-DL.H265.AAC-DDHDTV.mkv', 'The.Queen.of.NEWS.S01E20.2023.2160p.WEB-DL.H265.AAC-DDHDTV.mkv', 'The.Queen.of.NEWS.S01E19.2023.2160p.WEB-DL.H265.AAC-DDHDTV.mkv', 'The.Queen.of.NEWS.S01E18.2023.2160p.WEB-DL.H265.AAC-DDHDTV.mkv', 'The.Queen.of.NEWS.S01E17.2023.2160p.WEB-DL.H265.AAC-DDHDTV.mkv', 'The.Queen.of.NEWS.S01E16.2023.2160p.WEB-DL.H265.AAC-DDHDTV.mkv', 'The.Queen.of.NEWS.S01E15.2023.2160p.WEB-DL.H265.AAC-DDHDTV.mkv', 'The.Queen.of.NEWS.S01E14.2023.2160p.WEB-DL.H265.AAC-DDHDTV.mkv', 'The.Queen.of.NEWS.S01E13.2023.2160p.WEB-DL.H265.AAC-DDHDTV.mkv', 'The.Queen.of.NEWS.S01E12.2023.2160p.WEB-DL.H265.AAC-DDHDTV.mkv', 'The.Queen.of.NEWS.S01E11.2023.2160p.WEB-DL.H265.AAC-DDHDTV.mkv', 'The.Queen.of.NEWS.S01E10.2023.2160p.WEB-DL.H265.AAC-DDHDTV.mkv', 'The.Queen.of.NEWS.S01E09.2023.2160p.WEB-DL.H265.AAC-DDHDTV.mkv', 'The.Queen.of.NEWS.S01E08.2023.2160p.WEB-DL.H265.AAC-DDHDTV.mkv', 'The.Queen.of.NEWS.S01E07.2023.2160p.WEB-DL.H265.AAC-DDHDTV.mkv', 'The.Queen.of.NEWS.S01E06.2023.2160p.WEB-DL.H265.AAC-DDHDTV.mkv', 'The.Queen.of.NEWS.S01E05.2023.2160p.WEB-DL.H265.AAC-DDHDTV.mkv', 'The.Queen.of.NEWS.S01E04.2023.2160p.WEB-DL.H265.AAC-DDHDTV.mkv', 'The.Queen.of.NEWS.S01E03.2023.2160p.WEB-DL.H265.AAC-DDHDTV.mkv', 'The.Queen.of.NEWS.S01E02.2023.2160p.WEB-DL.H265.AAC-DDHDTV.mkv', 'The.Queen.of.NEWS.S01E01.2023.2160p.WEB-DL.H265.AAC-DDHDTV.mkv', 'S01E20.2025.2160p.60fps.WEB-DL.H265.AAC.2Audios.mkv', 'S01E19.2025.2160p.60fps.WEB-DL.H265.AAC.2Audios.mkv', 'S01E18.2025.2160p.60fps.WEB-DL.H265.AAC.2Audios.mkv', 'S01E17.2025.2160p.60fps.WEB-DL.H265.AAC.2Audios.mkv', 'S01E16.2025.2160p.60fps.WEB-DL.H265.AAC.2Audios.mkv', 'S01E15.2025.2160p.60fps.WEB-DL.H265.AAC.2Audios.mkv', 'S01E14.2025.2160p.60fps.WEB-DL.H265.AAC.2Audios.mkv', 'S01E13.2025.2160p.60fps.WEB-DL.H265.AAC.2Audios.mkv', 'S01E12.2025.2160p.60fps.WEB-DL.H265.AAC.2Audios.mkv', 'S01E11.2025.2160p.60fps.WEB-DL.H265.AAC.2Audios.mkv', 'S01E10.2025.2160p.60fps.WEB-DL.H265.AAC.2Audios.mkv', 'S01E09.2025.2160p.60fps.WEB-DL.H265.AAC.2Audios.mkv', 'S01E08.2025.2160p.60fps.WEB-DL.H265.AAC.2Audios.mkv', 'S01E07.2025.2160p.60fps.WEB-DL.H265.AAC.2Audios.mkv', 'S01E06.2025.2160p.60fps.WEB-DL.H265.AAC.2Audios.mkv', 'S01E05.2025.2160p.60fps.WEB-DL.H265.AAC.2Audios.mkv', 'S01E04.2025.2160p.60fps.WEB-DL.H265.AAC.2Audios.mkv', 'S01E03.2025.2160p.60fps.WEB-DL.H265.AAC.2Audios.mkv', 'S01E02.2025.2160p.60fps.WEB-DL.H265.AAC.2Audios.mkv', 'S01E01.2025.2160p.60fps.WEB-DL.H265.AAC.2Audios.mkv']
2025-11-21 12:15:05 [INFO] app.modules.filter.services.target_episode_filter_service:141 - 获取到目标剧集组合，来自链接：https://pan.quark.cn/s/f7b29837da99
2025-11-21 12:15:05 [INFO] app.modules.filter.flow:138 - 新闻女王2 | https://pan.quark.cn/s/f7b29837da99 跳过（更新至 20，比备选https://pan.quark.cn/s/6ceeb5cc2bf5 | 20 更少）
2025-11-21 12:15:05 [INFO] app.modules.filter.services.regex_target_link_filter:50 - 匹配成功: link_title="新闻女王2 4K[臻彩]" movie_title_season="新闻女王2" pattern="^新闻女王2.*"
2025-11-21 12:15:05 [INFO] app.modules.filter.services.target_episode_filter_service:137 - 开始处理链接：--- 新闻女王2 4K[臻彩] https://pan.quark.cn/s/b72f6131127c
2025-11-21 12:15:06 [INFO] app.modules.filter.services.target_episode_filter_service:128 - 最终选择 12 个文件来覆盖新剧集: ['06.4k.粤语.mp4', '05.4k.粤语.mp4', '04.4k.粤语.mp4', '03.4k.粤语.mp4', '02.4k.粤语.mp4', '01.4k.粤语.mp4', '06.4k.国语.mp4', '05.4k.国语..mp4', '04.4k.国语.mp4', '03.4k.国语.mp4', '02.4k.国语.mp4', '01.4k.国语.mp4']
2025-11-21 12:15:06 [INFO] app.modules.filter.services.target_episode_filter_service:141 - 获取到目标剧集组合，来自链接：https://pan.baidu.com/s/1cHrCu7Z7J_KyihwpUCENRg?pwd=8888
2025-11-21 12:15:06 [INFO] app.modules.filter.flow:128 - 新闻女王2 | https://pan.baidu.com/s/1cHrCu7Z7J_KyihwpUCENRg?pwd=8888 作为备选（更新至 6/21）
2025-11-21 12:15:06 [INFO] app.modules.filter.services.regex_target_link_filter:50 - 匹配成功: link_title="新闻女王 第二季 新闻女王2（2025）【4K.60fps】【国粤双语】【内封简中】【更20集】【剧情】【佘诗曼/黄宗泽】【附第一季】.描述：半年间，SNK剧变，总监余英飞离职、门外汉古肇华空降。张家妍虽掌权却难服众。刘艳的公开平台崛起，动摇传统媒体地位，连已入官场的许诗晴亦被卷入新旧媒体的角力。文慧心于此时复出，昭告世人：新闻女王的地位永远不可撼动！." movie_title_season="新闻女王2" pattern=".*新闻女王2[(（]20\d{2}[）)]"
2025-11-21 12:15:06 [INFO] app.modules.filter.services.target_episode_filter_service:137 - 开始处理链接：--- 新闻女王 第二季 新闻女王2（2025）【4K.60fps】【国粤双语】【内封简中】【更20集】【剧情】【佘诗曼/黄宗泽】【附第一季】.描述：半年间，SNK剧变，总监余英飞离职、门外汉古肇华空降。张家妍虽掌权却难服众。刘艳的公开平台崛起，动摇传统媒体地位，连已入官场的许诗晴亦被卷入新旧媒体的角力。文慧心于此时复出，昭告世人：新闻女王的地位永远不可撼动！. https://pan.quark.cn/s/5dd3198d9a4e
2025-11-21 12:15:06 [INFO] app.modules.filter.services.regex_target_link_filter:50 - 匹配成功: link_title="新闻女王/新闻女王2(2025)【更20集】【4K.普码】【国粤双语】【内嵌简中】【附第一季】描述：半年间，SNK剧变，总监余英飞离职、门外汉古肇华空降。张家妍虽掌权却难服众。刘艳的公开平台崛起，动摇传统媒体地位，连已入官场的许诗晴亦被卷入新旧媒体的角力。文慧心于此时复出，昭告世人：新闻女王的地位永远不可撼动！" movie_title_season="新闻女王2" pattern=".*新闻女王2[(（]20\d{2}[）)]"
2025-11-21 12:15:06 [INFO] app.modules.filter.services.target_episode_filter_service:137 - 开始处理链接：--- 新闻女王/新闻女王2(2025)【更20集】【4K.普码】【国粤双语】【内嵌简中】【附第一季】描述：半年间，SNK剧变，总监余英飞离职、门外汉古肇华空降。张家妍虽掌权却难服众。刘艳的公开平台崛起，动摇传统媒体地位，连已入官场的许诗晴亦被卷入新旧媒体的角力。文慧心于此时复出，昭告世人：新闻女王的地位永远不可撼动！ https://pan.quark.cn/s/e13c88c7a09c
2025-11-21 12:15:06 [INFO] app.modules.filter.services.regex_target_link_filter:50 - 匹配成功: link_title="新闻女王2 ｜ 新闻女王 第二季 (2025) 【更20集】【4K.普码&杜比视界双版本】【国粤双语】【 佘诗曼/黄宗泽】【剧情/悬疑】【附第一季】描述：　　半年间，SNK剧变，总监余英飞离职、门外汉古肇华空降。张家妍虽掌权却难服众。刘艳的公开平台崛起，动摇传统媒体地位，连已入官场的许诗晴亦被卷入新旧媒体的角力。文慧心于此时复出，昭告世人：新闻女王的地位永远不可撼动！" movie_title_season="新闻女王2" pattern="^新闻女王2.*"
2025-11-21 12:15:06 [INFO] app.modules.filter.services.target_episode_filter_service:137 - 开始处理链接：--- 新闻女王2 ｜ 新闻女王 第二季 (2025) 【更20集】【4K.普码&杜比视界双版本】【国粤双语】【 佘诗曼/黄宗泽】【剧情/悬疑】【附第一季】描述：　　半年间，SNK剧变，总监余英飞离职、门外汉古肇华空降。张家妍虽掌权却难服众。刘艳的公开平台崛起，动摇传统媒体地位，连已入官场的许诗晴亦被卷入新旧媒体的角力。文慧心于此时复出，昭告世人：新闻女王的地位永远不可撼动！ https://pan.baidu.com/s/1yrA4BS0V63ZprAC_lq_ZmA?pwd=8os3
2025-11-21 12:15:07 [INFO] app.modules.filter.services.target_episode_filter_service:128 - 最终选择 48 个文件来覆盖新剧集: ['The QUEEN of News S02E20 - 第 20 集 - 2160p WEB-DL H265 AAC 2Audio.mkv', 'The QUEEN of News S02E19 - 第 19 集 - 2160p WEB-DL H265 AAC 2Audio.mkv', 'The QUEEN of News S02E18 - 第 18 集 - 2160p WEB-DL H265 AAC 2Audio.mkv', 'The QUEEN of News S02E17 - 第 17 集 - 2160p WEB-DL H265 AAC 2Audio.mkv', 'The QUEEN of News S02E16 - 第 16 集 - 2160p WEB-DL H265 AAC 2Audio.mkv', 'The QUEEN of News S02E15 - 第 15 集 - 2160p WEB-DL H265 AAC 2Audio.mkv', 'The QUEEN of News S02E14 - 第 14 集 - 2160p WEB-DL H265 AAC 2Audio.mkv', 'The QUEEN of News S02E13 - 第 13 集 - 2160p WEB-DL H265 AAC 2Audio.mkv', 'The QUEEN of News S02E12 - 第 12 集 - 2160p WEB-DL H265 AAC 2Audio.mkv', 'The QUEEN of News S02E11 - 第 11 集 - 2160p WEB-DL H265 AAC 2Audio.mkv', 'The QUEEN of News S02E10 - 第 10 集 - 2160p WEB-DL H265 AAC 2Audio.mkv', 'The QUEEN of News S02E09 - 第 9 集 - 2160p WEB-DL H265 AAC 2Audio.mkv', 'The QUEEN of News S02E08 - 第 8 集 - 2160p WEB-DL H265 AAC 2Audio.mkv', 'The QUEEN of News S02E07 - 第 7 集 - 2160p WEB-DL H265 AAC 2Audio.mkv', 'The QUEEN of News S02E06 - 第 6 集 - 2160p WEB-DL H265 AAC 2Audio.mkv', 'The QUEEN of News S02E05 - 第 5 集 - 2160p WEB-DL H265 AAC 2Audio.mkv', 'The QUEEN of News S02E04 - 第 4 集 - 2160p WEB-DL H265 AAC 2Audio.mkv', 'The QUEEN of News S02E03 - 第 3 集 - 2160p WEB-DL H265 AAC 2Audio.mkv', 'The QUEEN of News S02E02 - 第 2 集 - 2160p WEB-DL H265 AAC 2Audio.mkv', 'The QUEEN of News S02E01 - 第 1 集 - 2160p WEB-DL H265 AAC 2Audio.mkv', 'The QUEEN of News S01E26 - 第 26 集 - 2160p WEB-DL HQ H265 10bit AAC.mp4', 'The QUEEN of News S01E25 - 第 25 集 - 2160p WEB-DL HQ H265 10bit AAC.mp4', 'The QUEEN of News S01E24 - 第 24 集 - 2160p WEB-DL HQ H265 10bit AAC.mp4', 'The QUEEN of News S01E23 - 第 23 集 - 2160p WEB-DL HQ H265 10bit AAC.mp4', 'The QUEEN of News S01E22 - 第 22 集 - 2160p WEB-DL HQ H265 10bit AAC.mp4', 'The QUEEN of News S01E21 - 第 21 集 - 2160p WEB-DL HQ H265 10bit AAC.mp4', 'The QUEEN of News S01E20 - 第 20 集 - 2160p WEB-DL HQ H265 10bit AAC.mp4', 'The QUEEN of News S01E19 - 第 19 集 - 2160p WEB-DL HQ H265 10bit AAC.mp4', 'The QUEEN of News S01E18 - 第 18 集 - 2160p WEB-DL HQ H265 10bit AAC.mp4', 'The QUEEN of News S01E17 - 第 17 集 - 2160p WEB-DL HQ H265 10bit AAC.mp4', 'The QUEEN of News S01E16 - 第 16 集 - 2160p WEB-DL HQ H265 10bit AAC.mp4', 'The QUEEN of News S01E15 - 第 15 集 - 2160p WEB-DL HQ H265 10bit AAC.mp4', 'The QUEEN of News S01E14 - 第 14 集 - 2160p WEB-DL HQ H265 10bit AAC.mp4', 'The QUEEN of News S01E13 - 第 13 集 - 2160p WEB-DL HQ H265 10bit AAC.mp4', 'The QUEEN of News S01E12 - 第 12 集 - 2160p WEB-DL HQ H265 10bit AAC.mp4', 'The QUEEN of News S01E11 - 第 11 集 - 2160p WEB-DL HQ H265 10bit AAC.mp4', 'The QUEEN of News S01E10 - 第 10 集 - 2160p WEB-DL HQ H265 10bit AAC.mp4', 'The QUEEN of News S01E09 - 第 9 集 - 2160p WEB-DL HQ H265 10bit AAC.mp4', 'The QUEEN of News S01E08 - 第 8 集 - 2160p WEB-DL HQ H265 10bit AAC.mp4', 'The QUEEN of News S01E07 - 第 7 集 - 2160p WEB-DL HQ H265 10bit AAC.mp4', 'The QUEEN of News S01E06 - 第 6 集 - 2160p WEB-DL HQ H265 10bit AAC.mp4', 'The QUEEN of News S01E05 - 第 5 集 - 2160p WEB-DL HQ H265 10bit AAC.mp4', 'The QUEEN of News S01E04 - 第 4 集 - 2160p WEB-DL HQ H265 10bit AAC.mp4', 'The QUEEN of News S01E03 - 第 3 集 - 2160p WEB-DL HQ H265 10bit AAC.mp4', 'The QUEEN of News S01E02 - 第 2 集 - 2160p WEB-DL HQ H265 10bit AAC.mp4', 'The QUEEN of News S01E01 - 第 1 集 - 2160p WEB-DL HQ H265 10bit AAC.mp4', 'season02-poster.jpg', 'season01-poster.jpg']
2025-11-21 12:15:07 [INFO] app.modules.filter.services.target_episode_filter_service:141 - 获取到目标剧集组合，来自链接：https://pan.quark.cn/s/e13c88c7a09c
2025-11-21 12:15:07 [WARNING] app.modules.filter.flow:110 - 新闻女王2 | https://pan.quark.cn/s/e13c88c7a09c 更新超出容忍范围,被跳过: 26 > 21 + 2
2025-11-21 12:15:07 [WARNING] app.modules.filter.services.regex_target_link_filter:58 - 未匹配: link_title="[4K][国粤双轨][内嵌简中][附第一季]（新闻女王2；第二季）新聞女王Ⅱ(2025)[更至20／25集]香港 剧情佘诗曼 黄宗泽 李施嬅 高海宁 王敏奕夸克网盘：" movie_title_season="新闻女王2" patterns=['^新闻女王2.*', '.*【新闻女王2】.*', '.*新闻女王2.*1080p.*', '.*新闻女王2.*S\\d{2}E\\d{2}', '.*《新闻女王2》.*', '.*「新闻女王2」.*', '.*[:：]新闻女王2.*', '.*新闻女王2[(（]20\\d{2}[）)]']
2025-11-21 12:15:07 [INFO] app.modules.filter.services.regex_target_link_filter:50 - 匹配成功: link_title="新闻女王2 (2025)更至20集 [4K][国语&粤语][佘诗曼/黄宗泽]/ 新闻女王 第二季描述：半年间，SNK剧变，总监余英飞离职、门外汉古肇华空降。张家妍虽掌权却难服众。刘艳的公开平台崛起，动摇传统媒体地位，连已入官场的许诗晴亦被卷入新旧媒体的角力。文慧心于此时复出，昭告世人：新闻女王的地位永远不可撼动！" movie_title_season="新闻女王2" pattern="^新闻女王2.*"
2025-11-21 12:15:07 [INFO] app.modules.filter.services.target_episode_filter_service:137 - 开始处理链接：--- 新闻女王2 (2025)更至20集 [4K][国语&粤语][佘诗曼/黄宗泽]/ 新闻女王 第二季描述：半年间，SNK剧变，总监余英飞离职、门外汉古肇华空降。张家妍虽掌权却难服众。刘艳的公开平台崛起，动摇传统媒体地位，连已入官场的许诗晴亦被卷入新旧媒体的角力。文慧心于此时复出，昭告世人：新闻女王的地位永远不可撼动！ https://pan.quark.cn/s/978026e62684
2025-11-21 12:15:07 [INFO] app.modules.filter.services.regex_target_link_filter:50 - 匹配成功: link_title="新闻女王2 新聞女王Ⅱ (2025) [WEB-4K] [国粤双语] [内嵌简中] [更至20集]描述：半年间，SNK剧变，总监余英飞离职、门外汉古肇华空降。张家妍虽掌权却难服众。刘艳的公开平台崛起，动摇传统媒体地位，连已入官场的许诗晴亦被卷入新旧媒体的角力。文慧心于此时复出，昭告世人：新闻女王的地位永远不可撼动！" movie_title_season="新闻女王2" pattern="^新闻女王2.*"
2025-11-21 12:15:07 [INFO] app.modules.filter.services.target_episode_filter_service:137 - 开始处理链接：--- 新闻女王2 新聞女王Ⅱ (2025) [WEB-4K] [国粤双语] [内嵌简中] [更至20集]描述：半年间，SNK剧变，总监余英飞离职、门外汉古肇华空降。张家妍虽掌权却难服众。刘艳的公开平台崛起，动摇传统媒体地位，连已入官场的许诗晴亦被卷入新旧媒体的角力。文慧心于此时复出，昭告世人：新闻女王的地位永远不可撼动！ https://pan.quark.cn/s/78671d8397f3
2025-11-21 12:15:08 [INFO] app.modules.filter.services.target_episode_filter_service:128 - 最终选择 20 个文件来覆盖新剧集: ['XWNWSSM2-20.mkv', 'XWNWSSM2-19.mkv', 'XWNWSSM2-18.mkv', 'XWNWSSM2-17.mkv', 'XWNWSSM2-16.mkv', 'XWNWSSM2-15.mkv', 'XWNWSSM2-14.mkv', 'XWNWSSM2-13.mkv', 'XWNWSSM2-12.mkv', 'XWNWSSM2-11.mkv', 'XWNWSSM2-10.mkv', 'XWNWSSM2-09.mkv', 'XWNWSSM2-08.mkv', 'XWNWSSM2-07.mkv', 'XWNWSSM2-06.mkv', 'XWNWSSM2-05.mkv', 'XWNWSSM2-04.mkv', 'XWNWSSM2-03.mkv', 'XWNWSSM2-02.mkv', 'XWNWSSM2-01.mkv']
2025-11-21 12:15:08 [INFO] app.modules.filter.services.target_episode_filter_service:141 - 获取到目标剧集组合，来自链接：https://pan.quark.cn/s/78671d8397f3
2025-11-21 12:15:08 [INFO] app.modules.filter.flow:138 - 新闻女王2 | https://pan.quark.cn/s/78671d8397f3 跳过（更新至 20，比备选https://pan.quark.cn/s/6ceeb5cc2bf5 | 20 更少）
2025-11-21 12:15:08 [INFO] app.modules.filter.services.regex_target_link_filter:50 - 匹配成功: link_title="新闻女王2 更新至20集 4K SDR 60帧 高码率https://pan.baidu.com/s/1eVAyoS6DVjaKO0Ng_XrO-A?pwd=4v7b" movie_title_season="新闻女王2" pattern="^新闻女王2.*"
2025-11-21 12:15:08 [INFO] app.modules.filter.services.target_episode_filter_service:137 - 开始处理链接：--- 新闻女王2 更新至20集 4K SDR 60帧 高码率https://pan.baidu.com/s/1eVAyoS6DVjaKO0Ng_XrO-A?pwd=4v7b https://pan.quark.cn/s/e5a2d001f7c3
2025-11-21 12:15:08 [INFO] app.modules.filter.services.target_episode_filter_service:128 - 最终选择 20 个文件来覆盖新剧集: ['The.Queen.of.NEWS.S02E20.2025.2160p.HQ.WEB-DL.60fps.H.265.AAC.2Audio.mp4', 'The.Queen.of.NEWS.S02E19.2025.2160p.HQ.WEB-DL.60fps.H.265.AAC.2Audio.mp4', 'The.Queen.of.NEWS.S02E18.2025.2160p.HQ.WEB-DL.60fps.H.265.AAC.2Audio.mp4', 'The.Queen.of.NEWS.S02E17.2025.2160p.HQ.WEB-DL.60fps.H.265.AAC.2Audio.mp4', 'The.Queen.of.NEWS.S02E16.2025.2160p.HQ.WEB-DL.60fps.H.265.AAC.2Audio.mp4', 'The.Queen.of.NEWS.S02E15.2025.2160p.HQ.WEB-DL.60fps.H.265.AAC.2Audio.mp4', 'The.Queen.of.NEWS.S02E14.2025.2160p.HQ.WEB-DL.60fps.H.265.AAC.2Audio.mp4', 'The.Queen.of.NEWS.S02E13.2025.2160p.HQ.WEB-DL.60fps.H.265.AAC.2Audio.mp4', 'The.Queen.of.NEWS.S02E12.2025.2160p.HQ.WEB-DL.60fps.H.265.AAC.2Audio.mp4', 'The.Queen.of.NEWS.S02E11.2025.2160p.HQ.WEB-DL.60fps.H.265.AAC.2Audio.mp4', 'The.Queen.of.NEWS.S02E10.2025.2160p.HQ.WEB-DL.60fps.H.265.AAC.2Audio.mp4', 'The.Queen.of.NEWS.S02E09.2025.2160p.HQ.WEB-DL.60fps.H.265.AAC.2Audio.mp4', 'The.Queen.of.NEWS.S02E08.2025.2160p.HQ.WEB-DL.60fps.H.265.AAC.2Audio.mp4', 'The.Queen.of.NEWS.S02E07.2025.2160p.HQ.WEB-DL.60fps.H.265.AAC.2Audio.mp4', 'The.Queen.of.NEWS.S02E06.2025.2160p.HQ.WEB-DL.60fps.H.265.AAC.2Audio.mp4', 'The.Queen.of.NEWS.S02E05.2025.2160p.HQ.WEB-DL.60fps.H.265.AAC.2Audio.mp4', 'The.Queen.of.NEWS.S02E04.2025.2160p.HQ.WEB-DL.60fps.H.265.AAC.2Audio.mp4', 'The.Queen.of.NEWS.S02E03.2025.2160p.HQ.WEB-DL.60fps.H.265.AAC.2Audio.mp4', 'The.Queen.of.NEWS.S02E02.2025.2160p.HQ.WEB-DL.60fps.H.265.AAC.2Audio.mp4', 'The.Queen.of.NEWS.S02E01.2025.2160p.HQ.WEB-DL.60fps.H.265.AAC.2Audio.mp4']
2025-11-21 12:15:08 [INFO] app.modules.filter.services.target_episode_filter_service:141 - 获取到目标剧集组合，来自链接：https://pan.quark.cn/s/e5a2d001f7c3
2025-11-21 12:15:08 [INFO] app.modules.filter.flow:138 - 新闻女王2 | https://pan.quark.cn/s/e5a2d001f7c3 跳过（更新至 20，比备选https://pan.quark.cn/s/6ceeb5cc2bf5 | 20 更少）
2025-11-21 12:15:08 [INFO] app.modules.filter.services.regex_target_link_filter:50 - 匹配成功: link_title="新闻女王2 / 新闻女王 第二季 (2025) 4K SDR 60帧 国粤双语【更新EP20】描述：半年间，SNK剧变，总监余英飞离职、门外汉古肇华空降。张家妍虽掌权却难服众。刘艳的公开平台崛起，动摇传统媒体地位，连已入官场的许诗晴亦被卷入新旧媒体的角力。文慧心于此时复出，昭告世人：新闻女王的地位永远不可撼动！夸克：" movie_title_season="新闻女王2" pattern="^新闻女王2.*"
2025-11-21 12:15:08 [INFO] app.modules.filter.services.target_episode_filter_service:137 - 开始处理链接：--- 新闻女王2 / 新闻女王 第二季 (2025) 4K SDR 60帧 国粤双语【更新EP20】描述：半年间，SNK剧变，总监余英飞离职、门外汉古肇华空降。张家妍虽掌权却难服众。刘艳的公开平台崛起，动摇传统媒体地位，连已入官场的许诗晴亦被卷入新旧媒体的角力。文慧心于此时复出，昭告世人：新闻女王的地位永远不可撼动！夸克： https://pan.quark.cn/s/3b0b7e405cdb
2025-11-21 12:15:08 [INFO] app.modules.filter.services.target_episode_filter_service:128 - 最终选择 46 个文件来覆盖新剧集: ['S01E26.mp4', 'S01E25.mp4', 'S01E24.mp4', 'S01E23.mp4', 'S01E22.mp4', 'S01E21.mp4', 'S01E20.mp4', 'S01E19.mp4', 'S01E18.mp4', 'S01E17.mp4', 'S01E16.mp4', 'S01E15.mp4', 'S01E14.mp4', 'S01E13.mp4', 'S01E12.mp4', 'S01E11.mp4', 'S01E10.mp4', 'S01E09.mp4', 'S01E08.mp4', 'S01E07.mp4', 'S01E06.mp4', 'S01E05.mp4', 'S01E04.mp4', 'S01E03.mp4', 'S01E02.mp4', 'S01E01.mp4', 'S01E20.2025.2160p.60fps.WEB-DL.H265.AAC.2Audios.mkv', 'S01E19.2025.2160p.60fps.WEB-DL.H265.AAC.2Audios.mp4', 'S01E18.2025.2160p.60fps.WEB-DL.H265.AAC.2Audio.mkv', 'S01E17.2025.2160p.60fps.WEB-DL.H265.AAC.2Audios.mp4', 'S01E16.2025.2160p.60fps.WEB-DL.H265.AAC.2Audios.mp4', 'S01E15.2025.2160p.60fps.WEB-DL.H265.AAC.2Audios.mp4', 'S01E14.2025.2160p.60fps.WEB-DL.H265.AAC.2Audios.mkv', 'S01E13.2025.2160p.60fps.WEB-DL.H265.AAC.2Audios.mkv', 'S01E12.2025.2160p.60fps.WEB-DL.H265.AAC.2Audios.mkv', 'S01E11.2025.2160p.60fps.WEB-DL.H265.AAC.2Audios.mkv', 'S01E10.2025.2160p.60fps.WEB-DL.H265.AAC.2Audios.mkv', 'S01E09.2025.2160p.60fps.WEB-DL.H265.AAC.2Audios.mkv', 'S01E08.2025.2160p.60fps.WEB-DL.H265.AAC.2Audios.mkv', 'S01E07.2025.2160p.60fps.WEB-DL.H265.AAC.2Audios.mkv', 'S01E06.2025.2160p.60fps.WEB-DL.H265.AAC.2Audios.mkv', 'S01E05.2025.2160p.60fps.WEB-DL.H265.AAC.2Audios.mkv', 'S01E04.2025.2160p.60fps.WEB-DL.H265.AAC.2Audios.mkv', 'S01E03.2025.2160p.60fps.WEB-DL.H265.AAC.2Audios.mkv', 'S01E02.2025.2160p.60fps.WEB-DL.H265.AAC.2Audios.mkv', 'S01E01.2025.2160p.60fps.WEB-DL.H265.AAC.2Audios.mkv']
2025-11-21 12:15:08 [INFO] app.modules.filter.services.target_episode_filter_service:141 - 获取到目标剧集组合，来自链接：https://pan.quark.cn/s/3b0b7e405cdb
2025-11-21 12:15:08 [WARNING] app.modules.filter.flow:110 - 新闻女王2 | https://pan.quark.cn/s/3b0b7e405cdb 更新超出容忍范围,被跳过: 26 > 21 + 2
2025-11-21 12:15:08 [INFO] app.modules.filter.flow:158 - 新闻女王2分享链接遍历完成，无可用分享链接
2025-11-21 12:15:08 [INFO] app.modules.storage_operations.services.save_episodes_to_cloud:44 - 未筛选到适合['mkv', 'mp4', 'avi', 'mov', 'm4v', 'wmv', 'flv', 'torrent', 'srt', 'ass', 'sub', 'mp3', 'aac', 'zip']的链接
2025-11-21 12:15:08 [INFO] app.modules.storage_operations.services.save_episodes_to_cloud:44 - 未筛选到适合['mkv', 'mp4', 'avi', 'mov', 'm4v', 'wmv', 'flv', 'torrent', 'srt', 'ass', 'sub', 'mp3', 'aac', 'zip']的链接
2025-11-21 12:15:09 [INFO] app.modules.filter.services.target_episode_filter_service:128 - 最终选择 69 个文件来覆盖新剧集: ['The QUEEN of News S02E20 - 第 20 集 - 2160p WEB-DL H265 AAC 2Audio.mkv', 'The QUEEN of News S02E19 - 第 19 集 - 2160p WEB-DL H265 AAC 2Audio.mkv', 'The QUEEN of News S02E18 - 第 18 集 - 2160p WEB-DL H265 AAC 2Audio.mkv', 'The QUEEN of News S02E17 - 第 17 集 - 2160p WEB-DL H265 AAC 2Audio.mkv', 'The QUEEN of News S02E16 - 第 16 集 - 2160p WEB-DL H265 AAC 2Audio.mkv', 'The QUEEN of News S02E15 - 第 15 集 - 2160p WEB-DL H265 AAC 2Audio.mkv', 'The QUEEN of News S02E14 - 第 14 集 - 2160p WEB-DL H265 AAC 2Audio.mkv', 'The QUEEN of News S02E13 - 第 13 集 - 2160p WEB-DL H265 AAC 2Audio.mkv', 'The QUEEN of News S02E12 - 第 12 集 - 2160p WEB-DL H265 AAC 2Audio.mkv', 'The QUEEN of News S02E11 - 第 11 集 - 2160p WEB-DL H265 AAC 2Audio.mkv', 'The QUEEN of News S02E10 - 第 10 集 - 2160p WEB-DL H265 AAC 2Audio.mkv', 'The QUEEN of News S02E09 - 第 9 集 - 2160p WEB-DL H265 AAC 2Audio.mkv', 'The QUEEN of News S02E08 - 第 8 集 - 2160p WEB-DL H265 AAC 2Audio.mkv', 'The QUEEN of News S02E07 - 第 7 集 - 2160p WEB-DL H265 AAC 2Audio.mkv', 'The QUEEN of News S02E06 - 第 6 集 - 2160p WEB-DL H265 AAC 2Audio.mkv', 'The QUEEN of News S02E05 - 第 5 集 - 2160p WEB-DL H265 AAC 2Audio.mkv', 'The QUEEN of News S02E04 - 第 4 集 - 2160p WEB-DL H265 AAC 2Audio.mkv', 'The QUEEN of News S02E03 - 第 3 集 - 2160p WEB-DL H265 AAC 2Audio.mkv', 'The QUEEN of News S02E02 - 第 2 集 - 2160p WEB-DL H265 AAC 2Audio.mkv', 'The QUEEN of News S02E01 - 第 1 集 - 2160p WEB-DL H265 AAC 2Audio.mkv', 'The QUEEN of News S02E20 - 第 20 集 - 2160p WEB-DL DV HQ H265 AAC 2Audio.mkv', 'The QUEEN of News S02E19 - 第 19 集 - 2160p WEB-DL DV HQ H265 AAC 2Audio.mkv', 'The QUEEN of News S02E18 - 第 18 集 - 2160p WEB-DL DV HQ H265 AAC 2Audio.mkv', 'The QUEEN of News S02E17 - 第 17 集 - 2160p WEB-DL DV HQ H265 AAC 2Audio.mkv', 'The QUEEN of News S02E16 - 第 16 集 - 2160p WEB-DL DV HQ H265 AAC 2Audio.mkv', 'The QUEEN of News S02E15 - 第 15 集 - 2160p WEB-DL DV HQ H265 AAC 2Audio.mkv', 'The QUEEN of News S02E14 - 第 14 集 - 2160p WEB-DL DV HQ H265 AAC 2Audio.mkv', 'The QUEEN of News S02E13 - 第 13 集 - 2160p WEB-DL DV HQ H265 AAC 2Audio.mkv', 'The QUEEN of News S02E12 - 第 12 集 - 2160p WEB-DL DV HQ H265 AAC 2Audio.mkv', 'The QUEEN of News S02E11 - 第 11 集 - 2160p WEB-DL DV HQ H265 AAC 2Audio.mkv', 'The QUEEN of News S02E10 - 第 10 集 - 2160p WEB-DL DV HQ H265 AAC 2Audio.mkv', 'The QUEEN of News S02E09 - 第 9 集 - 2160p WEB-DL DV HQ H265 AAC 2Audio.mkv', 'The QUEEN of News S02E08 - 第 8 集 - 2160p WEB-DL DV HQ H265 AAC 2Audio.mkv', 'The QUEEN of News S02E07 - 第 7 集 - 2160p WEB-DL DV HQ H265 AAC 2Audio.mkv', 'The QUEEN of News S02E06 - 第 6 集 - 2160p WEB-DL DV HQ H265 AAC 2Audio.mkv', 'The QUEEN of News S02E05 - 第 5 集 - 2160p WEB-DL DV HQ H265 AAC 2Audio.mkv', 'The QUEEN of News S02E04 - 第 4 集 - 2160p WEB-DL DV HQ H265 AAC 2Audio.mkv', 'The QUEEN of News S02E03 - 第 3 集 - 2160p WEB-DL DV HQ H265 AAC 2Audio.mkv', 'The QUEEN of News S02E02 - 第 2 集 - 2160p WEB-DL DV HQ H265 AAC 2Audio.mkv', 'The QUEEN of News S02E01 - 第 1 集 - 2160p WEB-DL DV HQ H265 AAC 2Audio.zh.srt', 'The QUEEN of News S02E01 - 第 1 集 - 2160p WEB-DL DV HQ H265 AAC 2Audio.mkv', 'The QUEEN of News S01E26 - 第 26 集 - 2160p WEB-DL HQ H265 10bit AAC.mp4', 'The QUEEN of News S01E25 - 第 25 集 - 2160p WEB-DL HQ H265 10bit AAC.mp4', 'The QUEEN of News S01E24 - 第 24 集 - 2160p WEB-DL HQ H265 10bit AAC.mp4', 'The QUEEN of News S01E23 - 第 23 集 - 2160p WEB-DL HQ H265 10bit AAC.mp4', 'The QUEEN of News S01E22 - 第 22 集 - 2160p WEB-DL HQ H265 10bit AAC.mp4', 'The QUEEN of News S01E21 - 第 21 集 - 2160p WEB-DL HQ H265 10bit AAC.mp4', 'The QUEEN of News S01E20 - 第 20 集 - 2160p WEB-DL HQ H265 10bit AAC.mp4', 'The QUEEN of News S01E19 - 第 19 集 - 2160p WEB-DL HQ H265 10bit AAC.mp4', 'The QUEEN of News S01E18 - 第 18 集 - 2160p WEB-DL HQ H265 10bit AAC.mp4', 'The QUEEN of News S01E17 - 第 17 集 - 2160p WEB-DL HQ H265 10bit AAC.mp4', 'The QUEEN of News S01E16 - 第 16 集 - 2160p WEB-DL HQ H265 10bit AAC.mp4', 'The QUEEN of News S01E15 - 第 15 集 - 2160p WEB-DL HQ H265 10bit AAC.mp4', 'The QUEEN of News S01E14 - 第 14 集 - 2160p WEB-DL HQ H265 10bit AAC.mp4', 'The QUEEN of News S01E13 - 第 13 集 - 2160p WEB-DL HQ H265 10bit AAC.mp4', 'The QUEEN of News S01E12 - 第 12 集 - 2160p WEB-DL HQ H265 10bit AAC.mp4', 'The QUEEN of News S01E11 - 第 11 集 - 2160p WEB-DL HQ H265 10bit AAC.mp4', 'The QUEEN of News S01E10 - 第 10 集 - 2160p WEB-DL HQ H265 10bit AAC.mp4', 'The QUEEN of News S01E09 - 第 9 集 - 2160p WEB-DL HQ H265 10bit AAC.mp4', 'The QUEEN of News S01E08 - 第 8 集 - 2160p WEB-DL HQ H265 10bit AAC.mp4', 'The QUEEN of News S01E07 - 第 7 集 - 2160p WEB-DL HQ H265 10bit AAC.mp4', 'The QUEEN of News S01E06 - 第 6 集 - 2160p WEB-DL HQ H265 10bit AAC.mp4', 'The QUEEN of News S01E05 - 第 5 集 - 2160p WEB-DL HQ H265 10bit AAC.mp4', 'The QUEEN of News S01E04 - 第 4 集 - 2160p WEB-DL HQ H265 10bit AAC.mp4', 'The QUEEN of News S01E03 - 第 3 集 - 2160p WEB-DL HQ H265 10bit AAC.mp4', 'The QUEEN of News S01E02 - 第 2 集 - 2160p WEB-DL HQ H265 10bit AAC.mp4', 'The QUEEN of News S01E01 - 第 1 集 - 2160p WEB-DL HQ H265 10bit AAC.mp4', 'season02-poster.jpg', 'season01-poster.jpg']
2025-11-21 12:15:09 [INFO] app.modules.filter.services.target_episode_filter_service:141 - 获取到目标剧集组合，来自链接：https://pan.baidu.com/s/1yrA4BS0V63ZprAC_lq_ZmA?pwd=8os3
2025-11-21 12:15:09 [WARNING] app.modules.filter.flow:110 - 新闻女王2 | https://pan.baidu.com/s/1yrA4BS0V63ZprAC_lq_ZmA?pwd=8os3 更新超出容忍范围,被跳过: 26 > 21 + 2
2025-11-21 12:15:10 [INFO] app.modules.filter.services.regex_target_link_filter:50 - 匹配成功: link_title="🗄 新闻女王/新闻女王2(2025)【更20集】【4K.普码】【国粤双语】【内嵌简中】【附第一季】" movie_title_season="新闻女王2" pattern=".*新闻女王2[(（]20\d{2}[）)]"
2025-11-21 12:15:10 [INFO] app.modules.filter.services.target_episode_filter_service:137 - 开始处理链接：--- 🗄 新闻女王/新闻女王2(2025)【更20集】【4K.普码】【国粤双语】【内嵌简中】【附第一季】 https://pan.baidu.com/s/1NaKehOngqlT5iBvENHI2rw?pwd=Yu66
2025-11-21 12:15:12 [INFO] app.modules.filter.services.target_episode_filter_service:128 - 最终选择 48 个文件来覆盖新剧集: ['The QUEEN of News S02E20 - 第 20 集 - 2160p WEB-DL H265 AAC 2Audio.mkv', 'The QUEEN of News S02E19 - 第 19 集 - 2160p WEB-DL H265 AAC 2Audio.mkv', 'The QUEEN of News S02E18 - 第 18 集 - 2160p WEB-DL H265 AAC 2Audio.mkv', 'The QUEEN of News S02E17 - 第 17 集 - 2160p WEB-DL H265 AAC 2Audio.mkv', 'The QUEEN of News S02E16 - 第 16 集 - 2160p WEB-DL H265 AAC 2Audio.mkv', 'The QUEEN of News S02E15 - 第 15 集 - 2160p WEB-DL H265 AAC 2Audio.mkv', 'The QUEEN of News S02E14 - 第 14 集 - 2160p WEB-DL H265 AAC 2Audio.mkv', 'The QUEEN of News S02E13 - 第 13 集 - 2160p WEB-DL H265 AAC 2Audio.mkv', 'The QUEEN of News S02E12 - 第 12 集 - 2160p WEB-DL H265 AAC 2Audio.mkv', 'The QUEEN of News S02E11 - 第 11 集 - 2160p WEB-DL H265 AAC 2Audio.mkv', 'The QUEEN of News S02E10 - 第 10 集 - 2160p WEB-DL H265 AAC 2Audio.mkv', 'The QUEEN of News S02E09 - 第 9 集 - 2160p WEB-DL H265 AAC 2Audio.mkv', 'The QUEEN of News S02E08 - 第 8 集 - 2160p WEB-DL H265 AAC 2Audio.mkv', 'The QUEEN of News S02E07 - 第 7 集 - 2160p WEB-DL H265 AAC 2Audio.mkv', 'The QUEEN of News S02E06 - 第 6 集 - 2160p WEB-DL H265 AAC 2Audio.mkv', 'The QUEEN of News S02E05 - 第 5 集 - 2160p WEB-DL H265 AAC 2Audio.mkv', 'The QUEEN of News S02E04 - 第 4 集 - 2160p WEB-DL H265 AAC 2Audio.mkv', 'The QUEEN of News S02E03 - 第 3 集 - 2160p WEB-DL H265 AAC 2Audio.mkv', 'The QUEEN of News S02E02 - 第 2 集 - 2160p WEB-DL H265 AAC 2Audio.mkv', 'The QUEEN of News S02E01 - 第 1 集 - 2160p WEB-DL H265 AAC 2Audio.mkv', 'The QUEEN of News S01E26 - 第 26 集 - 2160p WEB-DL HQ H265 10bit AAC.mp4', 'The QUEEN of News S01E25 - 第 25 集 - 2160p WEB-DL HQ H265 10bit AAC.mp4', 'The QUEEN of News S01E24 - 第 24 集 - 2160p WEB-DL HQ H265 10bit AAC.mp4', 'The QUEEN of News S01E23 - 第 23 集 - 2160p WEB-DL HQ H265 10bit AAC.mp4', 'The QUEEN of News S01E22 - 第 22 集 - 2160p WEB-DL HQ H265 10bit AAC.mp4', 'The QUEEN of News S01E21 - 第 21 集 - 2160p WEB-DL HQ H265 10bit AAC.mp4', 'The QUEEN of News S01E20 - 第 20 集 - 2160p WEB-DL HQ H265 10bit AAC.mp4', 'The QUEEN of News S01E19 - 第 19 集 - 2160p WEB-DL HQ H265 10bit AAC.mp4', 'The QUEEN of News S01E18 - 第 18 集 - 2160p WEB-DL HQ H265 10bit AAC.mp4', 'The QUEEN of News S01E17 - 第 17 集 - 2160p WEB-DL HQ H265 10bit AAC.mp4', 'The QUEEN of News S01E16 - 第 16 集 - 2160p WEB-DL HQ H265 10bit AAC.mp4', 'The QUEEN of News S01E15 - 第 15 集 - 2160p WEB-DL HQ H265 10bit AAC.mp4', 'The QUEEN of News S01E14 - 第 14 集 - 2160p WEB-DL HQ H265 10bit AAC.mp4', 'The QUEEN of News S01E13 - 第 13 集 - 2160p WEB-DL HQ H265 10bit AAC.mp4', 'The QUEEN of News S01E12 - 第 12 集 - 2160p WEB-DL HQ H265 10bit AAC.mp4', 'The QUEEN of News S01E11 - 第 11 集 - 2160p WEB-DL HQ H265 10bit AAC.mp4', 'The QUEEN of News S01E10 - 第 10 集 - 2160p WEB-DL HQ H265 10bit AAC.mp4', 'The QUEEN of News S01E09 - 第 9 集 - 2160p WEB-DL HQ H265 10bit AAC.mp4', 'The QUEEN of News S01E08 - 第 8 集 - 2160p WEB-DL HQ H265 10bit AAC.mp4', 'The QUEEN of News S01E07 - 第 7 集 - 2160p WEB-DL HQ H265 10bit AAC.mp4', 'The QUEEN of News S01E06 - 第 6 集 - 2160p WEB-DL HQ H265 10bit AAC.mp4', 'The QUEEN of News S01E05 - 第 5 集 - 2160p WEB-DL HQ H265 10bit AAC.mp4', 'The QUEEN of News S01E04 - 第 4 集 - 2160p WEB-DL HQ H265 10bit AAC.mp4', 'The QUEEN of News S01E03 - 第 3 集 - 2160p WEB-DL HQ H265 10bit AAC.mp4', 'The QUEEN of News S01E02 - 第 2 集 - 2160p WEB-DL HQ H265 10bit AAC.mp4', 'The QUEEN of News S01E01 - 第 1 集 - 2160p WEB-DL HQ H265 10bit AAC.mp4', 'season02-poster.jpg', 'season01-poster.jpg']
2025-11-21 12:15:12 [INFO] app.modules.filter.services.target_episode_filter_service:141 - 获取到目标剧集组合，来自链接：https://pan.baidu.com/s/1NaKehOngqlT5iBvENHI2rw?pwd=Yu66
2025-11-21 12:15:12 [WARNING] app.modules.filter.flow:110 - 新闻女王2 | https://pan.baidu.com/s/1NaKehOngqlT5iBvENHI2rw?pwd=Yu66 更新超出容忍范围,被跳过: 26 > 21 + 2
2025-11-21 12:15:13 [INFO] app.modules.filter.services.regex_target_link_filter:50 - 匹配成功: link_title="新闻女王2 新聞女王Ⅱ /新闻女王 第二季(2025) 【佘诗曼/黄宗泽/剧情】【4K国粤双语 更新EP20】【附第一季】描述：　又名: 新闻女王 第二季 / 新闻女王 续篇 / The Queen of NEWS Ⅱ 　半年间，SNK剧变，总监余英飞离职、门外汉古肇华空降。张家妍虽掌权却难服众。刘艳的公开平台崛起，动摇传统媒体地位，连已入官场的许诗晴亦被卷入新旧媒体的角力。文慧心于此时复出，昭告世人：新闻女王的地位永远不可撼动！" movie_title_season="新闻女王2" pattern="^新闻女王2.*"
2025-11-21 12:15:13 [INFO] app.modules.filter.services.target_episode_filter_service:137 - 开始处理链接：--- 新闻女王2 新聞女王Ⅱ /新闻女王 第二季(2025) 【佘诗曼/黄宗泽/剧情】【4K国粤双语 更新EP20】【附第一季】描述：　又名: 新闻女王 第二季 / 新闻女王 续篇 / The Queen of NEWS Ⅱ 　半年间，SNK剧变，总监余英飞离职、门外汉古肇华空降。张家妍虽掌权却难服众。刘艳的公开平台崛起，动摇传统媒体地位，连已入官场的许诗晴亦被卷入新旧媒体的角力。文慧心于此时复出，昭告世人：新闻女王的地位永远不可撼动！ https://pan.baidu.com/s/1Vcdm__K4NEgXQpU-4Xhj5A?pwd=8888
2025-11-21 12:15:15 [INFO] app.modules.filter.services.regex_target_link_filter:50 - 匹配成功: link_title="新闻女王2 新聞女王Ⅱ (2025) [WEB-4K] [国粤双语] [内嵌简中] [更至20集]" movie_title_season="新闻女王2" pattern="^新闻女王2.*"
2025-11-21 12:15:15 [INFO] app.modules.filter.services.target_episode_filter_service:137 - 开始处理链接：--- 新闻女王2 新聞女王Ⅱ (2025) [WEB-4K] [国粤双语] [内嵌简中] [更至20集] https://pan.baidu.com/s/16DhKxxMY51_SOWgdkw6z3Q?pwd=1111
2025-11-21 12:15:16 [INFO] app.modules.filter.services.target_episode_filter_service:128 - 最终选择 20 个文件来覆盖新剧集: ['XWNWSSM2-20.mkv', 'XWNWSSM2-19.mkv', 'XWNWSSM2-18.mkv', 'XWNWSSM2-17.mkv', 'XWNWSSM2-16.mkv', 'XWNWSSM2-15.mkv', 'XWNWSSM2-14.mkv', 'XWNWSSM2-13.mkv', 'XWNWSSM2-12.mkv', 'XWNWSSM2-11.mkv', 'XWNWSSM2-10.mkv', 'XWNWSSM2-09.mkv', 'XWNWSSM2-08.mkv', 'XWNWSSM2-07.mkv', 'XWNWSSM2-06.mkv', 'XWNWSSM2-05.mkv', 'XWNWSSM2-04.mkv', 'XWNWSSM2-03.mkv', 'XWNWSSM2-02.mkv', 'XWNWSSM2-01.mkv']
2025-11-21 12:15:16 [INFO] app.modules.filter.services.target_episode_filter_service:141 - 获取到目标剧集组合，来自链接：https://pan.baidu.com/s/16DhKxxMY51_SOWgdkw6z3Q?pwd=1111
2025-11-21 12:15:16 [INFO] app.modules.filter.flow:128 - 新闻女王2 | https://pan.baidu.com/s/16DhKxxMY51_SOWgdkw6z3Q?pwd=1111 作为备选（更新至 20/21）
2025-11-21 12:15:17 [INFO] app.modules.filter.services.regex_target_link_filter:50 - 匹配成功: link_title="新闻女王2 / 新闻女王 第二季 (2025) 4K HQ DV 60FPS 高码率 [SDR.60fps] [国粤双语] [更新20集]" movie_title_season="新闻女王2" pattern="^新闻女王2.*"
2025-11-21 12:15:17 [INFO] app.modules.filter.services.target_episode_filter_service:137 - 开始处理链接：--- 新闻女王2 / 新闻女王 第二季 (2025) 4K HQ DV 60FPS 高码率 [SDR.60fps] [国粤双语] [更新20集] https://pan.baidu.com/s/15y6XJHJ7OvJWtp66ezeefA?pwd=2kp3
2025-11-21 12:15:19 [INFO] app.modules.filter.services.target_episode_filter_service:128 - 最终选择 25 个文件来覆盖新剧集: ['S02E20.2160p.HQ.WEB-DL.DV.60fps.H.265.10bit.AAC.2Audios.mkv', 'S02E19.2160p.HQ.WEB-DL.DV.60fps.H.265.10bit.AAC.2Audios.mkv', 'S02E18.2160p.HQ.WEB-DL.DV.60fps.H.265.10bit.AAC.2Audios.mkv', 'S02E17.2160p.HQ.WEB-DL.DV.60fps.H.265.10bit.AAC.2Audios.mkv', 'S02E16.2160p.HQ.WEB-DL.DV.60fps.H.265.10bit.AAC.2Audios.mkv', 'S02E20.2025.2160p.60fps.WEB-DL.H.265.10bit.AAC.2Audios.mp4', 'S02E19.2025.2160p.60fps.WEB-DL.H.265.10bit.AAC.2Audios.mp4', 'S02E18.2025.2160p.60fps.WEB-DL.H.265.10bit.AAC.2Audios.mp4', 'S02E17.2025.2160p.60fps.WEB-DL.H.265.10bit.AAC.2Audios.mp4', 'S02E16.2025.2160p.60fps.WEB-DL.H.265.10bit.AAC.2Audios.mp4', 'S02E15.2025.2160p.60fps.WEB-DL.H.265.10bit.AAC.2Audios.mp4', 'S02E14.2025.2160p.60fps.WEB-DL.H.265.10bit.AAC.2Audios.mp4', 'S02E13.2025.2160p.60fps.WEB-DL.H.265.10bit.AAC.2Audios.mp4', 'S02E12.2025.2160p.60fps.WEB-DL.H.265.10bit.AAC.2Audios.mp4', 'S02E11.2025.2160p.60fps.WEB-DL.H.265.10bit.AAC.2Audios.mp4', 'S02E10.2025.2160p.60fps.WEB-DL.H.265.10bit.AAC.2Audios.mp4', 'S02E09.2025.2160p.60fps.WEB-DL.H.265.10bit.AAC.2Audios.mp4', 'S02E08.2025.2160p.60fps.WEB-DL.H.265.10bit.AAC.2Audios.mp4', 'S02E07.2025.2160p.60fps.WEB-DL.H.265.10bit.AAC.2Audios.mp4', 'S02E06.2025.2160p.60fps.WEB-DL.H.265.10bit.AAC.2Audios.mp4', 'S02E05.2025.2160p.60fps.WEB-DL.H.265.10bit.AAC.2Audios.mp4', 'S02E04.2025.2160p.60fps.WEB-DL.H.265.10bit.AAC.2Audios.mp4', 'S02E03.2025.2160p.60fps.WEB-DL.H.265.10bit.AAC.2Audios.mp4', 'S02E02.2025.2160p.60fps.WEB-DL.H.265.10bit.AAC.2Audios.mp4', 'S02E01.2025.2160p.60fps.WEB-DL.H.265.10bit.AAC.2Audios.mp4']
2025-11-21 12:15:19 [INFO] app.modules.filter.services.target_episode_filter_service:141 - 获取到目标剧集组合，来自链接：https://pan.baidu.com/s/15y6XJHJ7OvJWtp66ezeefA?pwd=2kp3
2025-11-21 12:15:19 [INFO] app.modules.filter.flow:138 - 新闻女王2 | https://pan.baidu.com/s/15y6XJHJ7OvJWtp66ezeefA?pwd=2kp3 跳过（更新至 20，比备选https://pan.baidu.com/s/16DhKxxMY51_SOWgdkw6z3Q?pwd=1111 | 20 更少）
2025-11-21 12:15:19 [INFO] telethon.client.updates:443 - Got difference for channel 2209378593 updates
2025-11-21 12:15:19 [INFO] telethon.client.updates:443 - Got difference for channel 1617621330 updates
2025-11-21 12:15:19 [INFO] telethon.client.updates:443 - Got difference for channel 1688099294 updates
2025-11-21 12:15:20 [INFO] telethon.client.updates:443 - Got difference for channel 1859684449 updates
2025-11-21 12:15:20 [INFO] app.modules.filter.services.regex_target_link_filter:50 - 匹配成功: link_title="新闻女王2 / 新闻女王 第二季 (2025) 4K SDR 60帧 国粤双语【更新EP20】" movie_title_season="新闻女王2" pattern="^新闻女王2.*"
2025-11-21 12:15:20 [INFO] app.modules.filter.services.target_episode_filter_service:137 - 开始处理链接：--- 新闻女王2 / 新闻女王 第二季 (2025) 4K SDR 60帧 国粤双语【更新EP20】 https://pan.baidu.com/s/1fUg32YaLBafMwPYeCmIB7g?pwd=yyds
2025-11-21 12:15:21 [INFO] app.modules.filter.services.target_episode_filter_service:128 - 最终选择 46 个文件来覆盖新剧集: ['S01E26.mp4', 'S01E25.mp4', 'S01E24.mp4', 'S01E23.mp4', 'S01E22.mp4', 'S01E21.mp4', 'S01E20.mp4', 'S01E19.mp4', 'S01E18.mp4', 'S01E17.mp4', 'S01E16.mp4', 'S01E15.mp4', 'S01E14.mp4', 'S01E13.mp4', 'S01E12.mp4', 'S01E11.mp4', 'S01E10.mp4', 'S01E09.mp4', 'S01E08.mp4', 'S01E07.mp4', 'S01E06.mp4', 'S01E05.mp4', 'S01E04.mp4', 'S01E03.mp4', 'S01E02.mp4', 'S01E01.mp4', 'S02E08.2025.2160p.WEB-DL.AAC.H.265.mkv', 'S02E07.2025.2160p.WEB-DL.AAC.H.265.mkv', 'S01E20.2025.2160p.60fps.WEB-DL.H265.AAC.2Audios.mkv', 'S01E19.2025.2160p.60fps.WEB-DL.H265.AAC.2Audio.mp4', 'S01E18.2025.2160p.60fps.WEB-DL.H265.AAC.2Audio.mkv', 'S01E17.2025.2160p.60fps.WEB-DL.H265.AAC.2Audios.mp4', 'S01E16.2025.2160p.60fps.WEB-DL.H265.AAC.2Audios.mp4', 'S01E15.2025.2160p.60fps.WEB-DL.H265.AAC.2Audios.mp4', 'S01E14.2025.2160p.60fps.WEB-DL.H265.AAC.2Audios.mkv', 'S01E13.2025.2160p.60fps.WEB-DL.H265.AAC.2Audios.mkv', 'S01E12.2025.2160p.60fps.WEB-DL.H265.AAC.2Audios.mkv', 'S01E11.2025.2160p.60fps.WEB-DL.H265.AAC.2Audios.mkv', 'S01E10.2025.2160p.60fps.WEB-DL.H265.AAC.2Audios.mkv', 'S01E09.2025.2160p.60fps.WEB-DL.H265.AAC.2Audios.mkv', 'S01E06.2025.2160p.60fps.WEB-DL.H265.AAC.2Audios.mkv', 'S01E05.2025.2160p.60fps.WEB-DL.H265.AAC.2Audios.mkv', 'S01E04.2025.2160p.60fps.WEB-DL.H265.AAC.2Audios.mkv', 'S01E03.2025.2160p.60fps.WEB-DL.H265.AAC.2Audios.mkv', 'S01E02.2025.2160p.60fps.WEB-DL.H265.AAC.2Audios.mkv', 'S01E01.2025.2160p.60fps.WEB-DL.H265.AAC.2Audios.mkv']
2025-11-21 12:15:21 [INFO] app.modules.filter.services.target_episode_filter_service:141 - 获取到目标剧集组合，来自链接：https://pan.baidu.com/s/1fUg32YaLBafMwPYeCmIB7g?pwd=yyds
2025-11-21 12:15:21 [WARNING] app.modules.filter.flow:110 - 新闻女王2 | https://pan.baidu.com/s/1fUg32YaLBafMwPYeCmIB7g?pwd=yyds 更新超出容忍范围,被跳过: 26 > 21 + 2
2025-11-21 12:15:22 [INFO] app.modules.filter.services.regex_target_link_filter:50 - 匹配成功: link_title="新闻女王2 (2025) 第1-20集【4K/60fps 国粤双语音频 无广告无台标 佘诗曼/黄宗泽】描述：半年间，SNK剧变，总监余英飞离职、门外汉古肇华空降。张家妍虽掌权却难服众。刘艳的公开平台崛起，动摇传统媒体地位，连已入官场的许诗晴亦被卷入新旧媒体的角力。文慧心于此时复出，昭告世人：新闻女王的地位永远不可撼动！" movie_title_season="新闻女王2" pattern="^新闻女王2.*"
2025-11-21 12:15:22 [INFO] app.modules.filter.services.target_episode_filter_service:137 - 开始处理链接：--- 新闻女王2 (2025) 第1-20集【4K/60fps 国粤双语音频 无广告无台标 佘诗曼/黄宗泽】描述：半年间，SNK剧变，总监余英飞离职、门外汉古肇华空降。张家妍虽掌权却难服众。刘艳的公开平台崛起，动摇传统媒体地位，连已入官场的许诗晴亦被卷入新旧媒体的角力。文慧心于此时复出，昭告世人：新闻女王的地位永远不可撼动！ https://pan.baidu.com/s/1ofJfRMJx1ZO_SZXe-EO_TA?pwd=gff3
2025-11-21 12:15:23 [INFO] app.modules.filter.services.regex_target_link_filter:50 - 匹配成功: link_title="资源标题：新闻女王2 (2025)剧情 国粤双语 4KHQ60FPS 更新20集" movie_title_season="新闻女王2" pattern=".*[:：]新闻女王2.*"
2025-11-21 12:15:23 [INFO] app.modules.filter.services.target_episode_filter_service:137 - 开始处理链接：--- 资源标题：新闻女王2 (2025)剧情 国粤双语 4KHQ60FPS 更新20集 https://pan.baidu.com/s/1BJ8alZy-5bD9IaoIWPXppw?pwd=6666
2025-11-21 12:15:24 [INFO] app.modules.filter.services.target_episode_filter_service:128 - 最终选择 40 个文件来覆盖新剧集: ['X.W.N.W.2.2025.S02E20.2160p.HQ.60fps.WEB-DL.H265.10bit.HDR10.AAC-GyWEB.mp4', 'X.W.N.W.2.2025.S02E19.2160p.HQ.60fps.WEB-DL.H265.10bit.HDR10.AAC-GyWEB.mp4', 'X.W.N.W.2.2025.S02E18.2160p.HQ.60fps.WEB-DL.H265.10bit.HDR10.AAC-GyWEB.mp4', 'X.W.N.W.2.2025.S02E17.2160p.HQ.60fps.WEB-DL.H265.10bit.HDR10.AAC-GyWEB.mp4', 'X.W.N.W.2.2025.S02E16.2160p.HQ.60fps.WEB-DL.H265.10bit.HDR10.AAC-GyWEB.mp4', 'X.W.N.W.2.2025.S02E15.2160p.HQ.60fps.WEB-DL.H265.10bit.HDR10.AAC-GyWEB.mp4', 'X.W.N.W.2.2025.S02E14.2160p.HQ.60fps.WEB-DL.H265.10bit.HDR10.AAC-GyWEB.mp4', 'X.W.N.W.2.2025.S02E13.2160p.HQ.60fps.WEB-DL.H265.10bit.HDR10.AAC-GyWEB.mp4', 'X.W.N.W.2.2025.S02E12.2160p.HQ.60fps.WEB-DL.H265.10bit.HDR10.AAC-GyWEB.mp4', 'X.W.N.W.2.2025.S02E11.2160p.HQ.60fps.WEB-DL.H265.10bit.HDR10.AAC-GyWEB.mp4', 'X.W.N.W.2.2025.S02E10.2160p.HQ.60fps.WEB-DL.H265.10bit.HDR10.AAC-GyWEB.mp4', 'X.W.N.W.2.2025.S02E09.2160p.HQ.60fps.WEB-DL.H265.10bit.HDR10.AAC-GyWEB.mp4', 'X.W.N.W.2.2025.S02E08.2160p.HQ.60fps.WEB-DL.H265.10bit.HDR10.AAC-GyWEB.mp4', 'X.W.N.W.2.2025.S02E07.2160p.HQ.60fps.WEB-DL.H265.10bit.HDR10.AAC-GyWEB.mp4', 'X.W.N.W.2.2025.S02E06.2160p.HQ.60fps.WEB-DL.H265.10bit.HDR10.AAC-GyWEB.mp4', 'X.W.N.W.2.2025.S02E05.2160p.HQ.60fps.WEB-DL.H265.10bit.HDR10.AAC-GyWEB.mp4', 'X.W.N.W.2.2025.S02E04.2160p.HQ.60fps.WEB-DL.H265.10bit.HDR10.AAC-GyWEB.mp4', 'X.W.N.W.2.2025.S02E03.2160p.HQ.60fps.WEB-DL.H265.10bit.HDR10.AAC-GyWEB.mp4', 'X.W.N.W.2.2025.S02E02.2160p.HQ.60fps.WEB-DL.H265.10bit.HDR10.AAC-GyWEB.mp4', 'X.W.N.W.2.2025.S02E01.2160p.HQ.60fps.WEB-DL.H265.10bit.HDR10.AAC-GyWEB.mp4', 'X.W.N.W.2.2025.S02E20.2160p.60fps.WEB-DL.H265.10bit.AAC-GyWEB.mp4', 'X.W.N.W.2.2025.S02E19.2160p.60fps.WEB-DL.H265.10bit.AAC-GyWEB.mp4', 'X.W.N.W.2.2025.S02E18.2160p.60fps.WEB-DL.H265.10bit.AAC-GyWEB.mp4', 'X.W.N.W.2.2025.S02E17.2160p.60fps.WEB-DL.H265.10bit.AAC-GyWEB.mp4', 'X.W.N.W.2.2025.S02E16.2160p.60fps.WEB-DL.H265.10bit.AAC-GyWEB.mp4', 'X.W.N.W.2.2025.S02E15.2160p.60fps.WEB-DL.H265.10bit.AAC-GyWEB.mp4', 'X.W.N.W.2.2025.S02E14.2160p.60fps.WEB-DL.H265.10bit.AAC-GyWEB.mp4', 'X.W.N.W.2.2025.S02E13.2160p.60fps.WEB-DL.H265.10bit.AAC-GyWEB.mp4', 'X.W.N.W.2.2025.S02E12.2160p.60fps.WEB-DL.H265.10bit.AAC-GyWEB.mp4', 'X.W.N.W.2.2025.S02E11.2160p.60fps.WEB-DL.H265.10bit.AAC-GyWEB.mp4', 'X.W.N.W.2.2025.S02E10.2160p.60fps.WEB-DL.H265.10bit.AAC-GyWEB.mp4', 'X.W.N.W.2.2025.S02E09.2160p.60fps.WEB-DL.H265.10bit.AAC-GyWEB.mp4', 'X.W.N.W.2.2025.S02E08.2160p.60fps.WEB-DL.H265.10bit.AAC-GyWEB.mp4', 'X.W.N.W.2.2025.S02E07.2160p.60fps.WEB-DL.H265.10bit.AAC-GyWEB.mp4', 'X.W.N.W.2.2025.S02E06.2160p.60fps.WEB-DL.H265.10bit.AAC-GyWEB.mp4', 'X.W.N.W.2.2025.S02E05.2160p.60fps.WEB-DL.H265.10bit.AAC-GyWEB.mp4', 'X.W.N.W.2.2025.S02E04.2160p.60fps.WEB-DL.H265.10bit.AAC-GyWEB.mp4', 'X.W.N.W.2.2025.S02E03.2160p.60fps.WEB-DL.H265.10bit.AAC-GyWEB.mp4', 'X.W.N.W.2.2025.S02E02.2160p.60fps.WEB-DL.H265.10bit.AAC-GyWEB.mp4', 'X.W.N.W.2.2025.S02E01.2160p.60fps.WEB-DL.H265.10bit.AAC-GyWEB.mp4']
2025-11-21 12:15:24 [INFO] app.modules.filter.services.target_episode_filter_service:141 - 获取到目标剧集组合，来自链接：https://pan.baidu.com/s/1BJ8alZy-5bD9IaoIWPXppw?pwd=6666
2025-11-21 12:15:24 [INFO] app.modules.filter.flow:138 - 新闻女王2 | https://pan.baidu.com/s/1BJ8alZy-5bD9IaoIWPXppw?pwd=6666 跳过（更新至 20，比备选https://pan.baidu.com/s/16DhKxxMY51_SOWgdkw6z3Q?pwd=1111 | 20 更少）
2025-11-21 12:15:25 [INFO] app.modules.filter.services.regex_target_link_filter:50 - 匹配成功: link_title="新闻女王2 更新至20集 4K SDR 60帧 高码率" movie_title_season="新闻女王2" pattern="^新闻女王2.*"
2025-11-21 12:15:25 [INFO] app.modules.filter.services.target_episode_filter_service:137 - 开始处理链接：--- 新闻女王2 更新至20集 4K SDR 60帧 高码率 https://pan.baidu.com/s/1eVAyoS6DVjaKO0Ng_XrO-A?pwd=4v7b
2025-11-21 12:15:25 [INFO] app.modules.filter.services.target_episode_filter_service:128 - 最终选择 20 个文件来覆盖新剧集: ['The.Queen.of.NEWS.S02E20.2025.2160p.HQ.WEB-DL.60fps.H.265.AAC.2Audio.mp4', 'The.Queen.of.NEWS.S02E19.2025.2160p.HQ.WEB-DL.60fps.H.265.AAC.2Audio.mp4', 'The.Queen.of.NEWS.S02E18.2025.2160p.HQ.WEB-DL.60fps.H.265.AAC.2Audio.mp4', 'The.Queen.of.NEWS.S02E17.2025.2160p.HQ.WEB-DL.60fps.H.265.AAC.2Audio.mp4', 'The.Queen.of.NEWS.S02E16.2025.2160p.HQ.WEB-DL.60fps.H.265.AAC.2Audio.mp4', 'The.Queen.of.NEWS.S02E15.2025.2160p.HQ.WEB-DL.60fps.H.265.AAC.2Audio.mp4', 'The.Queen.of.NEWS.S02E14.2025.2160p.HQ.WEB-DL.60fps.H.265.AAC.2Audio.mp4', 'The.Queen.of.NEWS.S02E13.2025.2160p.HQ.WEB-DL.60fps.H.265.AAC.2Audio.mp4', 'The.Queen.of.NEWS.S02E12.2025.2160p.HQ.WEB-DL.60fps.H.265.AAC.2Audio.mp4', 'The.Queen.of.NEWS.S02E11.2025.2160p.HQ.WEB-DL.60fps.H.265.AAC.2Audio.mp4', 'The.Queen.of.NEWS.S02E10.2025.2160p.HQ.WEB-DL.60fps.H.265.AAC.2Audio.mp4', 'The.Queen.of.NEWS.S02E09.2025.2160p.HQ.WEB-DL.60fps.H.265.AAC.2Audio.mp4', 'The.Queen.of.NEWS.S02E08.2025.2160p.HQ.WEB-DL.60fps.H.265.AAC.2Audio.mp4', 'The.Queen.of.NEWS.S02E07.2025.2160p.HQ.WEB-DL.60fps.H.265.AAC.2Audio.mp4', 'The.Queen.of.NEWS.S02E06.2025.2160p.HQ.WEB-DL.60fps.H.265.AAC.2Audio.mp4', 'The.Queen.of.NEWS.S02E05.2025.2160p.HQ.WEB-DL.60fps.H.265.AAC.2Audio.mp4', 'The.Queen.of.NEWS.S02E04.2025.2160p.HQ.WEB-DL.60fps.H.265.AAC.2Audio.mp4', 'The.Queen.of.NEWS.S02E03.2025.2160p.HQ.WEB-DL.60fps.H.265.AAC.2Audio.mp4', 'The.Queen.of.NEWS.S02E02.2025.2160p.HQ.WEB-DL.60fps.H.265.AAC.2Audio.mp4', 'The.Queen.of.NEWS.S02E01.2025.2160p.HQ.WEB-DL.60fps.H.265.AAC.2Audio.mp4']
2025-11-21 12:15:25 [INFO] app.modules.filter.services.target_episode_filter_service:141 - 获取到目标剧集组合，来自链接：https://pan.baidu.com/s/1eVAyoS6DVjaKO0Ng_XrO-A?pwd=4v7b
2025-11-21 12:15:25 [INFO] app.modules.filter.flow:138 - 新闻女王2 | https://pan.baidu.com/s/1eVAyoS6DVjaKO0Ng_XrO-A?pwd=4v7b 跳过（更新至 20，比备选https://pan.baidu.com/s/16DhKxxMY51_SOWgdkw6z3Q?pwd=1111 | 20 更少）
2025-11-21 12:15:25 [INFO] app.modules.filter.flow:158 - 新闻女王2分享链接遍历完成，无可用分享链接
2025-11-21 12:15:25 [INFO] app.modules.storage_operations.services.save_episodes_to_cloud:44 - 未筛选到适合['mkv', 'mp4', 'avi', 'mov', 'm4v', 'wmv', 'flv', 'torrent', 'srt', 'ass', 'sub', 'mp3', 'aac', 'zip']的链接
2025-11-21 12:15:30 [INFO] app.modules.filter.services.regex_target_link_filter:50 - 匹配成功: link_title="勿扰飞升 4K[臻彩]" movie_title_season="勿扰飞升" pattern="^勿扰飞升.*"
2025-11-21 12:15:30 [INFO] app.modules.filter.services.target_episode_filter_service:137 - 开始处理链接：--- 勿扰飞升 4K[臻彩] https://pan.quark.cn/s/c95b84316aeb
2025-11-21 12:15:30 [INFO] app.modules.filter.services.regex_target_link_filter:50 - 匹配成功: link_title="勿扰飞升" movie_title_season="勿扰飞升" pattern="^勿扰飞升.*"
2025-11-21 12:15:30 [INFO] app.modules.filter.services.target_episode_filter_service:137 - 开始处理链接：--- 勿扰飞升 https://pan.quark.cn/s/ac810cf770ef
2025-11-21 12:15:30 [INFO] app.modules.filter.services.target_episode_filter_service:128 - 最终选择 32 个文件来覆盖新剧集: ['S01E16.2025.2160p.WEB-DL.H265.10bit.60fps.HIFI2.0.&AAC5.1.4Audios.mkv', 'S01E15.2025.2160p.WEB-DL.H265.10bit.60fps.HIFI2.0.&AAC5.1.4Audios.mkv', 'S01E14.2025.2160p.WEB-DL.H265.10bit.60fps.HIFI2.0.&AAC5.1.4Audios.mkv', 'S01E13.2025.2160p.WEB-DL.H265.10bit.60fps.HIFI2.0.&AAC5.1.4Audios.mkv', 'S01E12.2025.2160p.WEB-DL.H265.10bit.60fps.HIFI2.0.&AAC5.1.4Audios.mkv', 'S01E11.2025.2160p.WEB-DL.H265.10bit.60fps.HIFI2.0.&AAC5.1.4Audios.mkv', 'S01E10.2025.2160p.WEB-DL.H265.10bit.60fps.HIFI2.0.&AAC5.1.4Audios.mkv', 'S01E09.2025.2160p.WEB-DL.H265.10bit.60fps.HIFI2.0.&AAC5.1.4Audios.mkv', 'S01E08.2025.2160p.WEB-DL.H265.10bit.60fps.HIFI2.0.&AAC5.1.4Audios.mkv', 'S01E07.2025.2160p.WEB-DL.H265.10bit.60fps.HIFI2.0.&AAC5.1.4Audios.mkv', 'S01E06.2025.2160p.WEB-DL.H265.10bit.60fps.HIFI2.0.&AAC5.1.4Audios.mkv', 'S01E05.2025.2160p.WEB-DL.H265.10bit.60fps.HIFI2.0.&AAC5.1.4Audios.mkv', 'S01E04.2025.2160p.WEB-DL.H265.10bit.60fps.HIFI2.0.&AAC5.1.4Audios.mkv', 'S01E03.2025.2160p.WEB-DL.H265.10bit.60fps.HIFI2.0.&AAC5.1.4Audios.mkv', 'S01E02.2025.2160p.WEB-DL.H265.10bit.60fps.HIFI2.0.&AAC5.1.4Audios.mkv', 'S01E01.2025.2160p.WEB-DL.H265.10bit.60fps.HIFI2.0.&AAC5.1.4Audios.mkv', 'S01E16.2025.2160p.60fps.WEB-DL.H265.10bit.AAC.mp4', 'S01E15.2025.2160p.60fps.WEB-DL.H265.10bit.AAC.mp4', 'S01E14.2025.2160p.60fps.WEB-DL.H265.10bit.AAC.mp4', 'S01E13.2025.2160p.60fps.WEB-DL.H265.10bit.AAC.mp4', 'S01E12.2025.2160p.60fps.WEB-DL.H265.10bit.AAC.mp4', 'S01E11.2025.2160p.60fps.WEB-DL.H265.10bit.AAC.mp4', 'S01E10.2025.2160p.60fps.WEB-DL.H265.10bit.AAC.mp4', 'S01E09.2025.2160p.60fps.WEB-DL.H265.10bit.AAC.mp4', 'S01E08.2025.2160p.60fps.WEB-DL.H265.10bit.AAC.mp4', 'S01E07.2025.2160p.60fps.WEB-DL.H265.10bit.AAC.mp4', 'S01E06.2025.2160p.60fps.WEB-DL.H265.10bit.AAC.mp4', 'S01E05.2025.2160p.60fps.WEB-DL.H265.10bit.AAC.mp4', 'S01E04.2025.2160p.60fps.WEB-DL.H265.10bit.AAC.mp4', 'S01E03.2025.2160p.60fps.WEB-DL.H265.10bit.AAC.mp4', 'S01E02.2025.2160p.60fps.WEB-DL.H265.10bit.AAC.mp4', 'S01E01.2025.2160p.60fps.WEB-DL.H265.10bit.AAC.mp4']
2025-11-21 12:15:30 [INFO] app.modules.filter.services.target_episode_filter_service:141 - 获取到目标剧集组合，来自链接：https://pan.quark.cn/s/ac810cf770ef
2025-11-21 12:15:30 [INFO] app.modules.filter.flow:128 - 勿扰飞升 | https://pan.quark.cn/s/ac810cf770ef 作为备选（更新至 16/19）
2025-11-21 12:15:30 [INFO] app.modules.filter.services.regex_target_link_filter:50 - 匹配成功: link_title="勿扰飞升" movie_title_season="勿扰飞升" pattern="^勿扰飞升.*"
2025-11-21 12:15:30 [INFO] app.modules.filter.services.target_episode_filter_service:137 - 开始处理链接：--- 勿扰飞升 https://pan.quark.cn/s/c44537b7846d
2025-11-21 12:15:31 [INFO] app.modules.filter.services.target_episode_filter_service:128 - 最终选择 12 个文件来覆盖新剧集: ['12-4K.高码率.mkv', '11-4K.高码率.mkv', '10-4K.高码率.mkv', '09-4K.高码率.mkv', '08-4K.高码率.mkv', '07-4K.高码率.mkv', '06-4K.高码率.mkv', '05-4K.高码率.mkv', '04-4K.高码率.mkv', '03-4K.高码率.mkv', '02-4K.高码率.mkv', '01-4K.高码率.mkv']
2025-11-21 12:15:31 [INFO] app.modules.filter.services.target_episode_filter_service:141 - 获取到目标剧集组合，来自链接：https://pan.quark.cn/s/c44537b7846d
2025-11-21 12:15:31 [INFO] app.modules.filter.flow:138 - 勿扰飞升 | https://pan.quark.cn/s/c44537b7846d 跳过（更新至 12，比备选https://pan.quark.cn/s/ac810cf770ef | 16 更少）
2025-11-21 12:15:31 [INFO] app.modules.filter.services.regex_target_link_filter:50 - 匹配成功: link_title="勿扰飞升‎ (2025) 4K HDR 高码率 60帧 杜比音效&立体全景声 中文字幕【4.7GB/集】更14集.描述： 改编自月下蝶影小说《勿扰飞升》 一位在凡尘界备受冷遇的亡国公主箜篌，因机缘巧合意外进入修仙世界，开启全员宠女主模式，从师傅师兄到隔壁门派，整个修仙界都对女主宠爱有加，为了吃苦头，磨练心智，箜篌主动走出舒适圈，要求下山闯荡，偶遇了病弱男子桓宗一起升级打怪闯荡修仙界，没想到桓宗竟然就是自己一直痴迷的修仙话本的大大，也是传说中的修仙界天才，箜篌顺利把作者大大拐回了门派当女婿，两人也在一次次的历练中克服了心魔，突破修为，双双成为了一代宗师。." movie_title_season="勿扰飞升" pattern="^勿扰飞升.*"
2025-11-21 12:15:31 [INFO] app.modules.filter.services.target_episode_filter_service:137 - 开始处理链接：--- 勿扰飞升‎ (2025) 4K HDR 高码率 60帧 杜比音效&立体全景声 中文字幕【4.7GB/集】更14集.描述： 改编自月下蝶影小说《勿扰飞升》 一位在凡尘界备受冷遇的亡国公主箜篌，因机缘巧合意外进入修仙世界，开启全员宠女主模式，从师傅师兄到隔壁门派，整个修仙界都对女主宠爱有加，为了吃苦头，磨练心智，箜篌主动走出舒适圈，要求下山闯荡，偶遇了病弱男子桓宗一起升级打怪闯荡修仙界，没想到桓宗竟然就是自己一直痴迷的修仙话本的大大，也是传说中的修仙界天才，箜篌顺利把作者大大拐回了门派当女婿，两人也在一次次的历练中克服了心魔，突破修为，双双成为了一代宗师。. https://pan.quark.cn/s/8ea3b9618153
2025-11-21 12:15:32 [INFO] app.modules.filter.services.regex_target_link_filter:50 - 匹配成功: link_title="勿扰飞升（又名: Flying Without Disturb）【2025国剧】（主演: 李宏毅 / 陆婷玉 ）更新至 第16集 4K SDR 60帧 高码率 [杜比音效&HIFI声&立体环绕声]【单集4G,共72G】纯净版" movie_title_season="勿扰飞升" pattern="^勿扰飞升.*"
2025-11-21 12:15:32 [INFO] app.modules.filter.services.target_episode_filter_service:137 - 开始处理链接：--- 勿扰飞升（又名: Flying Without Disturb）【2025国剧】（主演: 李宏毅 / 陆婷玉 ）更新至 第16集 4K SDR 60帧 高码率 [杜比音效&HIFI声&立体环绕声]【单集4G,共72G】纯净版 https://pan.quark.cn/s/834cbec6d41b
2025-11-21 12:15:32 [INFO] app.modules.filter.services.target_episode_filter_service:128 - 最终选择 16 个文件来覆盖新剧集: ['S01E16.2025.2160p.WEB-DL.H265.10bit.60fps.HIFI2.0.&AAC5.1.4Audios.mkv', 'S01E15.2025.2160p.WEB-DL.H265.10bit.60fps.HIFI2.0.&AAC5.1.4Audios.mkv', 'S01E14.2025.2160p.WEB-DL.H265.10bit.60fps.HIFI2.0.&AAC5.1.4Audios.mkv', 'S01E13.2025.2160p.WEB-DL.H265.10bit.60fps.HIFI2.0.&AAC5.1.4Audios.mkv', 'S01E12.2025.2160p.WEB-DL.H265.10bit.60fps.HIFI2.0.&AAC5.1.4Audios.mkv', 'S01E11.2025.2160p.WEB-DL.H265.10bit.60fps.HIFI2.0.&AAC5.1.4Audios.mkv', 'S01E10.2025.2160p.WEB-DL.H265.10bit.60fps.HIFI2.0.&AAC5.1.4Audios.mkv', 'S01E09.2025.2160p.WEB-DL.H265.10bit.60fps.HIFI2.0.&AAC5.1.4Audios.mkv', 'S01E08.2025.2160p.WEB-DL.H265.10bit.60fps.HIFI2.0.&AAC5.1.4Audios.mkv', 'S01E07.2025.2160p.WEB-DL.H265.10bit.60fps.HIFI2.0.&AAC5.1.4Audios.mkv', 'S01E06.2025.2160p.WEB-DL.H265.10bit.60fps.HIFI2.0.&AAC5.1.4Audios.mkv', 'S01E05.2025.2160p.WEB-DL.H265.10bit.60fps.HIFI2.0.&AAC5.1.4Audios.mkv', 'S01E04.2025.2160p.WEB-DL.H265.10bit.60fps.HIFI2.0.&AAC5.1.4Audios.mkv', 'S01E03.2025.2160p.WEB-DL.H265.10bit.60fps.HIFI2.0.&AAC5.1.4Audios.mkv', 'S01E02.2025.2160p.WEB-DL.H265.10bit.60fps.HIFI2.0.&AAC5.1.4Audios.mkv', 'S01E01.2025.2160p.WEB-DL.H265.10bit.60fps.HIFI2.0.&AAC5.1.4Audios.mkv']
2025-11-21 12:15:32 [INFO] app.modules.filter.services.target_episode_filter_service:141 - 获取到目标剧集组合，来自链接：https://pan.quark.cn/s/834cbec6d41b
2025-11-21 12:15:32 [INFO] app.modules.filter.flow:138 - 勿扰飞升 | https://pan.quark.cn/s/834cbec6d41b 跳过（更新至 16，比备选https://pan.quark.cn/s/ac810cf770ef | 16 更少）
2025-11-21 12:15:32 [INFO] app.modules.filter.services.regex_target_link_filter:50 - 匹配成功: link_title="勿扰飞升 (2025) 4K 臻彩MAX [HDR.Vivid.60fps] [更新16集]描述：改编自月下蝶影小说《勿扰飞升》 一位在凡尘界备受冷遇的亡国公主箜篌，因机缘巧合意外进入修仙世界，开启全员宠女主模式，从师傅师兄到隔壁门派，整个修仙界都对女主宠爱有加，为了吃苦头，磨练心智，箜篌主动走出舒适圈，要求下山闯荡，偶遇了病弱男子桓宗一起升级打怪闯荡修仙界，没想到桓宗竟然就是自己一直痴迷的修仙话本的大大，也是传说中的修仙界天才，箜篌顺利把作者大大拐回了门派当女婿，两人也在一次次的历练中克服了心魔，突破修为，双双成为了一代宗师。夸克：" movie_title_season="勿扰飞升" pattern="^勿扰飞升.*"
2025-11-21 12:15:32 [INFO] app.modules.filter.services.target_episode_filter_service:137 - 开始处理链接：--- 勿扰飞升 (2025) 4K 臻彩MAX [HDR.Vivid.60fps] [更新16集]描述：改编自月下蝶影小说《勿扰飞升》 一位在凡尘界备受冷遇的亡国公主箜篌，因机缘巧合意外进入修仙世界，开启全员宠女主模式，从师傅师兄到隔壁门派，整个修仙界都对女主宠爱有加，为了吃苦头，磨练心智，箜篌主动走出舒适圈，要求下山闯荡，偶遇了病弱男子桓宗一起升级打怪闯荡修仙界，没想到桓宗竟然就是自己一直痴迷的修仙话本的大大，也是传说中的修仙界天才，箜篌顺利把作者大大拐回了门派当女婿，两人也在一次次的历练中克服了心魔，突破修为，双双成为了一代宗师。夸克： https://pan.quark.cn/s/14b05fefd4a8
2025-11-21 12:15:32 [INFO] app.modules.filter.services.target_episode_filter_service:128 - 最终选择 16 个文件来覆盖新剧集: ['S01E16.2025.2160p.60fps.WEB-DL.HDR.Vivid.H.265.10bit.AAC.mp4', 'S01E15.2025.2160p.60fps.WEB-DL.HDR.Vivid.H.265.10bit.AAC.mp4', 'S01E14.2025.2160p.60fps.WEB-DL.HDR.Vivid.H.265.10bit.AAC.mp4', 'S01E13.2025.2160p.60fps.WEB-DL.HDR.Vivid.H.265.10bit.AAC.mp4', 'S01E12.2025.2160p.60fps.WEB-DL.HDR.Vivid.H.265.10bit.AAC.mp4', 'S01E11.2025.2160p.60fps.WEB-DL.HDR.Vivid.H.265.10bit.AAC.mp4', 'S01E10.2025.2160p.60fps.WEB-DL.HDR.Vivid.H.265.10bit.AAC.mp4', 'S01E09.2025.2160p.60fps.WEB-DL.HDR.Vivid.H.265.10bit.AAC.mp4', 'S01E08.2025.2160p.60fps.WEB-DL.HDR.Vivid.H.265.10bit.AAC.mp4', 'S01E07.2025.2160p.60fps.WEB-DL.HDR.Vivid.H.265.10bit.AAC.mp4', 'S01E06.2025.2160p.60fps.WEB-DL.HDR.Vivid.H.265.10bit.AAC.mp4', 'S01E05.2025.2160p.60fps.WEB-DL.HDR.Vivid.H.265.10bit.AAC.mp4', 'S01E04.2025.2160p.60fps.WEB-DL.HDR.Vivid.H.265.10bit.AAC.mp4', 'S01E03.2025.2160p.60fps.WEB-DL.HDR.Vivid.H.265.10bit.AAC.mp4', 'S01E02.2025.2160p.60fps.WEB-DL.HDR.Vivid.H.265.10bit.AAC.mp4', 'S01E01.2025.2160p.60fps.WEB-DL.HDR.Vivid.H.265.10bit.AAC.mp4']
2025-11-21 12:15:32 [INFO] app.modules.filter.services.target_episode_filter_service:141 - 获取到目标剧集组合，来自链接：https://pan.quark.cn/s/14b05fefd4a8
2025-11-21 12:15:32 [INFO] app.modules.filter.flow:138 - 勿扰飞升 | https://pan.quark.cn/s/14b05fefd4a8 跳过（更新至 16，比备选https://pan.quark.cn/s/ac810cf770ef | 16 更少）
2025-11-21 12:15:32 [INFO] app.modules.filter.services.regex_target_link_filter:50 - 匹配成功: link_title="勿扰飞升(2025)【更16集】【4K.HDR】【高码率】【内嵌简中】描述：改编自月下蝶影小说《勿扰飞升》 一位在凡尘界备受冷遇的亡国公主箜篌，因机缘巧合意外进入修仙世界，开启全员宠女主模式，从师傅师兄到隔壁门派" movie_title_season="勿扰飞升" pattern="^勿扰飞升.*"
2025-11-21 12:15:32 [INFO] app.modules.filter.services.target_episode_filter_service:137 - 开始处理链接：--- 勿扰飞升(2025)【更16集】【4K.HDR】【高码率】【内嵌简中】描述：改编自月下蝶影小说《勿扰飞升》 一位在凡尘界备受冷遇的亡国公主箜篌，因机缘巧合意外进入修仙世界，开启全员宠女主模式，从师傅师兄到隔壁门派 https://pan.quark.cn/s/7628a2df4376
2025-11-21 12:15:33 [INFO] app.modules.filter.services.target_episode_filter_service:128 - 最终选择 17 个文件来覆盖新剧集: ['Flying Up Without Disturb S01E16 - 第 16 集 - 2160p WEB-DL HDR H265 AAC.mkv', 'Flying Up Without Disturb S01E15 - 第 15 集 - 2160p WEB-DL HDR H265 AAC.mkv', 'Flying Up Without Disturb S01E14 - 第 14 集 - 2160p WEB-DL HDR H265 AAC.mkv', 'Flying Up Without Disturb S01E13 - 第 13 集 - 2160p WEB-DL HDR H265 AAC.mkv', 'Flying Up Without Disturb S01E12 - 第 12 集 - 2160p WEB-DL HDR H265 AAC.mkv', 'Flying Up Without Disturb S01E11 - 第 11 集 - 2160p WEB-DL HDR H265 AAC.mkv', 'Flying Up Without Disturb S01E10 - 第 10 集 - 2160p WEB-DL HDR H265 AAC.mkv', 'Flying Up Without Disturb S01E09 - 第 9 集 - 2160p WEB-DL HDR H265 AAC.mkv', 'Flying Up Without Disturb S01E09 - 第 9 集 - 2160p WEB-DL H265 10bit AAC.mp4', 'Flying Up Without Disturb S01E08 - 第 8 集 - 2160p WEB-DL HDR H265 AAC.mkv', 'Flying Up Without Disturb S01E07 - 第 7 集 - 2160p WEB-DL HDR H265 AAC.mkv', 'Flying Up Without Disturb S01E06 - 第 6 集 - 2160p WEB-DL HDR H265 AAC.mkv', 'Flying Up Without Disturb S01E05 - 第 5 集 - 2160p WEB-DL HDR H265 AAC.mkv', 'Flying Up Without Disturb S01E04 - 第 4 集 - 2160p WEB-DL HDR H265 AAC.mkv', 'Flying Up Without Disturb S01E03 - 第 3 集 - 2160p WEB-DL HDR H265 AAC.mkv', 'Flying Up Without Disturb S01E02 - 第 2 集 - 2160p WEB-DL HDR H265 AAC.mkv', 'Flying Up Without Disturb S01E01 - 第 1 集 - 2160p WEB-DL HDR H265 AAC.mkv']
2025-11-21 12:15:33 [INFO] app.modules.filter.services.target_episode_filter_service:141 - 获取到目标剧集组合，来自链接：https://pan.quark.cn/s/7628a2df4376
2025-11-21 12:15:33 [INFO] app.modules.filter.flow:138 - 勿扰飞升 | https://pan.quark.cn/s/7628a2df4376 跳过（更新至 16，比备选https://pan.quark.cn/s/ac810cf770ef | 16 更少）
2025-11-21 12:15:33 [INFO] app.modules.filter.services.regex_target_link_filter:50 - 匹配成功: link_title="勿扰飞升（2025）【4K.HDR.60fps】【更12集】【剧情】【李宏毅/陆婷玉】描述：改编自月下蝶影小说《勿扰飞升》 一位在凡尘界备受冷遇的亡国公主箜篌，因机缘巧合意外进入修仙世界，开启全员宠女主模式，从师傅师兄到隔壁门派，整个修仙界都对女主宠爱有加，为了吃苦头，磨练心智，箜篌主动走出舒适圈，要求下山闯荡，偶遇了病弱男子桓宗一起升级打怪闯荡修仙界，没想到桓宗竟然就是自己一直痴迷的修仙话本的大大，也是传说中的修仙界天才，箜篌顺利把作者大大拐回了门派当女婿，两人也在一次次的历练中克服了心魔，突破修为，双双成为了一代宗师。" movie_title_season="勿扰飞升" pattern="^勿扰飞升.*"
2025-11-21 12:15:33 [INFO] app.modules.filter.services.target_episode_filter_service:137 - 开始处理链接：--- 勿扰飞升（2025）【4K.HDR.60fps】【更12集】【剧情】【李宏毅/陆婷玉】描述：改编自月下蝶影小说《勿扰飞升》 一位在凡尘界备受冷遇的亡国公主箜篌，因机缘巧合意外进入修仙世界，开启全员宠女主模式，从师傅师兄到隔壁门派，整个修仙界都对女主宠爱有加，为了吃苦头，磨练心智，箜篌主动走出舒适圈，要求下山闯荡，偶遇了病弱男子桓宗一起升级打怪闯荡修仙界，没想到桓宗竟然就是自己一直痴迷的修仙话本的大大，也是传说中的修仙界天才，箜篌顺利把作者大大拐回了门派当女婿，两人也在一次次的历练中克服了心魔，突破修为，双双成为了一代宗师。 https://pan.quark.cn/s/325a8a49d23e
2025-11-21 12:15:33 [INFO] app.modules.filter.services.regex_target_link_filter:50 - 匹配成功: link_title="勿扰飞升 (2025) 【4K.HDR】【60帧率】【国语中字】【李宏毅/陆婷玉】【古装/剧情】【更新14集】描述：　　改编自月下蝶影小说《勿扰飞升》一位在凡尘界备受冷遇的亡国公主箜篌，因机缘巧合意外进入修仙世界，开启全员宠女主模式，从师傅师兄到隔壁门派，整个修仙界都对女主宠爱有加，为了吃苦头，磨练心智，箜篌主动走出舒适圈，要求下山闯荡，偶遇了病弱男子桓宗一起升级打怪闯荡修仙界，没想到桓宗竟然就是自己一直痴迷的修仙话本的大大，也是传说中的修仙界天才，箜篌顺利把作者大大拐回了门派当女婿，两人也在一次次的历练中克服了心魔，突破修为，双双成为了一代宗" movie_title_season="勿扰飞升" pattern="^勿扰飞升.*"
2025-11-21 12:15:33 [INFO] app.modules.filter.services.target_episode_filter_service:137 - 开始处理链接：--- 勿扰飞升 (2025) 【4K.HDR】【60帧率】【国语中字】【李宏毅/陆婷玉】【古装/剧情】【更新14集】描述：　　改编自月下蝶影小说《勿扰飞升》一位在凡尘界备受冷遇的亡国公主箜篌，因机缘巧合意外进入修仙世界，开启全员宠女主模式，从师傅师兄到隔壁门派，整个修仙界都对女主宠爱有加，为了吃苦头，磨练心智，箜篌主动走出舒适圈，要求下山闯荡，偶遇了病弱男子桓宗一起升级打怪闯荡修仙界，没想到桓宗竟然就是自己一直痴迷的修仙话本的大大，也是传说中的修仙界天才，箜篌顺利把作者大大拐回了门派当女婿，两人也在一次次的历练中克服了心魔，突破修为，双双成为了一代宗 https://pan.quark.cn/s/ac4a79848ff9
2025-11-21 12:15:33 [INFO] app.modules.filter.services.target_episode_filter_service:128 - 最终选择 16 个文件来覆盖新剧集: ['S01E16.2025.2160p.60fps.WEB-DL.AAC5.1.HDR.Vivid.10bits.H.265.mp4', 'S01E15.2025.2160p.60fps.WEB-DL.AAC5.1.HDR.Vivid.10bits.H.265.mp4', 'S01E14.2025.2160p.60fps.WEB-DL.AAC5.1.HDR.Vivid.10bits.H.265.mp4', 'S01E13.2025.2160p.60fps.WEB-DL.AAC5.1.HDR.Vivid.10bits.H.265.mp4', 'S01E12.2025.2160p.60fps.WEB-DL.AAC5.1.HDR.Vivid.10bits.H.265.mp4', 'S01E11.2025.2160p.60fps.WEB-DL.AAC5.1.HDR.Vivid.10bits.H.265.mp4', 'S01E10.2025.2160p.60fps.WEB-DL.AAC5.1.HDR.Vivid.10bits.H.265.mp4', 'S01E09.2025.2160p.60fps.WEB-DL.AAC5.1.HDR.Vivid.10bits.H.265.mp4', 'S01E08.2025.2160p.60fps.WEB-DL.AAC5.1.HDR.Vivid.10bits.H.265.mp4', 'S01E07.2025.2160p.60fps.WEB-DL.AAC5.1.HDR.Vivid.10bits.H.265.mp4', 'S01E06.2025.2160p.60fps.WEB-DL.AAC5.1.HDR.Vivid.10bits.H.265.mp4', 'S01E05.2025.2160p.60fps.WEB-DL.AAC5.1.HDR.Vivid.10bits.H.265.mp4', 'S01E04.2025.2160p.60fps.WEB-DL.AAC5.1.HDR.Vivid.10bits.H.265.mp4', 'S01E03.2025.2160p.60fps.WEB-DL.AAC5.1.HDR.Vivid.10bits.H.265.mp4', 'S01E02.2025.2160p.60fps.WEB-DL.AAC5.1.HDR.Vivid.10bits.H.265.mp4', 'S01E01.2025.2160p.60fps.WEB-DL.AAC5.1.HDR.Vivid.10bits.H.265.mp4']
2025-11-21 12:15:33 [INFO] app.modules.filter.services.target_episode_filter_service:141 - 获取到目标剧集组合，来自链接：https://pan.quark.cn/s/ac4a79848ff9
2025-11-21 12:15:33 [INFO] app.modules.filter.flow:138 - 勿扰飞升 | https://pan.quark.cn/s/ac4a79848ff9 跳过（更新至 16，比备选https://pan.quark.cn/s/ac810cf770ef | 16 更少）
2025-11-21 12:15:34 [INFO] app.modules.filter.services.regex_target_link_filter:50 - 匹配成功: link_title="勿扰飞升 2025 4K HDR 60FPS 更新至16集描述： 一位在凡尘界备受冷遇的亡国公主箜篌，因机缘巧合意外进入修仙世界，为磨练心智，主动下山闯荡，偶遇了病弱男子桓宗一起升级打怪闯荡修仙界并发展出深厚的感情的故事。夸克：" movie_title_season="勿扰飞升" pattern="^勿扰飞升.*"
2025-11-21 12:15:34 [INFO] app.modules.filter.services.target_episode_filter_service:137 - 开始处理链接：--- 勿扰飞升 2025 4K HDR 60FPS 更新至16集描述： 一位在凡尘界备受冷遇的亡国公主箜篌，因机缘巧合意外进入修仙世界，为磨练心智，主动下山闯荡，偶遇了病弱男子桓宗一起升级打怪闯荡修仙界并发展出深厚的感情的故事。夸克： https://pan.quark.cn/s/2871616277d7
2025-11-21 12:15:34 [INFO] app.modules.filter.services.target_episode_filter_service:128 - 最终选择 16 个文件来覆盖新剧集: ['S01E16.mkv', 'S01E15.mkv', 'S01E14.mkv', 'S01E13.mkv', 'S01E12.mp4', 'S01E11.mp4', 'S01E10.mp4', 'S01E09.mp4', 'S01E08.mp4', 'S01E07.mp4', 'S01E06.mkv', 'S01E05.mkv', 'S01E04.mkv', 'S01E03.mkv', 'S01E02.mkv', 'S01E01.mkv']
2025-11-21 12:15:34 [INFO] app.modules.filter.services.target_episode_filter_service:141 - 获取到目标剧集组合，来自链接：https://pan.quark.cn/s/2871616277d7
2025-11-21 12:15:34 [INFO] app.modules.filter.flow:138 - 勿扰飞升 | https://pan.quark.cn/s/2871616277d7 跳过（更新至 16，比备选https://pan.quark.cn/s/ac810cf770ef | 16 更少）
2025-11-21 12:15:34 [INFO] app.modules.filter.flow:158 - 勿扰飞升分享链接遍历完成，无可用分享链接
2025-11-21 12:15:34 [INFO] app.modules.storage_operations.services.save_episodes_to_cloud:44 - 未筛选到适合['mkv', 'mp4', 'avi', 'mov', 'm4v', 'wmv', 'flv', 'torrent', 'srt', 'ass', 'sub', 'mp3', 'aac', 'zip']的链接
2025-11-21 12:15:34 [INFO] app.modules.storage_operations.services.save_episodes_to_cloud:44 - 未筛选到适合['mkv', 'mp4', 'avi', 'mov', 'm4v', 'wmv', 'flv', 'torrent', 'srt', 'ass', 'sub', 'mp3', 'aac', 'zip']的链接
2025-11-21 12:16:19 [INFO] telethon.client.updates:443 - Got difference for channel 2014194320 updates
2025-11-21 12:16:19 [INFO] telethon.client.updates:443 - Got difference for channel 1084638970 updates
2025-11-21 12:16:20 [INFO] telethon.client.updates:443 - Got difference for channel 2209378593 updates
2025-11-21 12:16:20 [INFO] telethon.client.updates:443 - Got difference for channel 2016939647 updates
2025-11-21 12:16:20 [INFO] telethon.client.updates:443 - Got difference for channel 1280467440 updates
2025-11-21 12:17:19 [INFO] telethon.client.updates:443 - Got difference for channel 1084638970 updates
2025-11-21 12:17:19 [INFO] telethon.client.updates:443 - Got difference for channel 1580372425 updates
2025-11-21 12:18:19 [INFO] telethon.client.updates:443 - Got difference for channel 2209378593 updates
2025-11-21 12:18:19 [INFO] telethon.client.updates:443 - Got difference for channel 1084638970 updates
2025-11-21 12:18:20 [INFO] telethon.client.updates:443 - Got difference for channel 1669747816 updates
2025-11-21 12:18:20 [INFO] telethon.client.updates:443 - Got difference for channel 2600169516 updates
2025-11-21 12:18:20 [INFO] telethon.client.updates:443 - Got difference for channel 1872908471 updates
2025-11-21 12:19:19 [INFO] telethon.client.updates:443 - Got difference for channel 1084638970 updates
2025-11-21 12:19:19 [INFO] telethon.client.updates:443 - Got difference for channel 2209378593 updates
2025-11-21 12:19:20 [INFO] telethon.client.updates:443 - Got difference for channel 1617621330 updates
2025-11-21 12:19:20 [INFO] telethon.client.updates:443 - Got difference for channel 2269063013 updates
2025-11-21 12:19:20 [INFO] telethon.client.updates:443 - Got difference for channel 1280467440 updates
2025-11-21 12:20:00 [INFO] app.core.scheduler:480 - Dispatching scheduled job f8e4963f2a92414589a557957998c0a7 -> 将所有网盘已更新到最新进度的movie推送到平台
2025-11-21 12:20:00 [INFO] app.core.scheduler:506 - Scheduled job f8e4963f2a92414589a557957998c0a7 dispatched to task_manager
2025-11-21 12:20:00 [INFO] root:162 - [task 00c97f803dc2415cb420ab42e8c74421] log handler attached for capture
2025-11-21 12:20:00 [INFO] app.flow.sync_new_movie_flow:327 - 将['赴山海', '欢乐家长群2', '暴风圈', '照镜辞', '漫威丧尸', '弥留之国的爱丽丝 第三季', '行骗天下KR', '健力士王朝', '犯罪现场 Zero', '科斯缇娜酒店', '入青云', '回魂计', '水龙吟', '锦月令', '棕眼之谜', '三人行', '黑盒子', '大厨小婿']发布至平台
2025-11-21 12:20:19 [INFO] telethon.client.updates:443 - Got difference for channel 1669747816 updates
2025-11-21 12:20:19 [INFO] telethon.client.updates:443 - Got difference for channel 2600169516 updates
2025-11-21 12:20:20 [INFO] telethon.client.updates:443 - Got difference for channel 2193554291 updates
2025-11-21 12:20:20 [INFO] telethon.client.updates:443 - Got difference for channel 2016939647 updates
2025-11-21 12:21:19 [INFO] telethon.client.updates:443 - Got difference for channel 1739110235 updates
2025-11-21 12:21:19 [INFO] telethon.client.updates:443 - Got difference for channel 1688099294 updates
2025-11-21 12:21:20 [INFO] telethon.client.updates:443 - Got difference for channel 1280467440 updates
2025-11-21 12:21:20 [INFO] telethon.client.updates:443 - Got difference for channel 1872908471 updates
2025-11-21 12:21:20 [INFO] telethon.client.updates:443 - Got difference for channel 2016939647 updates
2025-11-21 12:22:17 [INFO] telethon.client.updates:344 - Got difference for account updates
2025-11-21 12:22:17 [INFO] telethon.client.updates:443 - Got difference for channel 2073046329 updates
2025-11-21 12:22:17 [INFO] telethon.client.updates:443 - Got difference for channel 2105390266 updates
2025-11-21 12:22:18 [INFO] telethon.client.updates:443 - Got difference for channel 1401724496 updates
2025-11-21 12:22:18 [INFO] telethon.client.updates:443 - Got difference for channel 1084638970 updates
2025-11-21 12:22:18 [INFO] telethon.client.updates:443 - Got difference for channel 2209378593 updates
2025-11-21 12:22:18 [INFO] telethon.client.updates:443 - Got difference for channel 2016939647 updates
2025-11-21 12:22:19 [INFO] telethon.client.updates:443 - Got difference for channel 1642618802 updates
2025-11-21 12:22:19 [INFO] telethon.client.updates:443 - Got difference for channel 1730305106 updates
2025-11-21 12:22:19 [INFO] telethon.client.updates:443 - Got difference for channel 2269063013 updates
2025-11-21 12:22:20 [INFO] telethon.client.updates:443 - Got difference for channel 1669747816 updates
2025-11-21 12:23:19 [INFO] telethon.client.updates:443 - Got difference for channel 1780401093 updates
2025-11-21 12:23:19 [INFO] telethon.client.updates:443 - Got difference for channel 1580372425 updates
2025-11-21 12:23:20 [INFO] telethon.client.updates:443 - Got difference for channel 2209378593 updates
2025-11-21 12:24:19 [INFO] telethon.client.updates:443 - Got difference for channel 1401724496 updates
2025-11-21 12:24:20 [INFO] telethon.client.updates:443 - Got difference for channel 1688099294 updates
2025-11-21 12:24:21 [INFO] telethon.client.updates:443 - Got difference for channel 1084638970 updates
2025-11-21 12:25:00 [INFO] app.core.scheduler:480 - Dispatching scheduled job f8e4963f2a92414589a557957998c0a7 -> 将所有网盘已更新到最新进度的movie推送到平台
2025-11-21 12:25:00 [INFO] app.core.scheduler:506 - Scheduled job f8e4963f2a92414589a557957998c0a7 dispatched to task_manager
2025-11-21 12:25:00 [INFO] root:162 - [task 48bf3e6a4a884d67ba5c005fd974f93e] log handler attached for capture
2025-11-21 12:25:00 [INFO] app.flow.sync_new_movie_flow:327 - 将['赴山海', '欢乐家长群2', '暴风圈', '照镜辞', '漫威丧尸', '弥留之国的爱丽丝 第三季', '行骗天下KR', '健力士王朝', '犯罪现场 Zero', '科斯缇娜酒店', '入青云', '回魂计', '水龙吟', '锦月令', '棕眼之谜', '三人行', '黑盒子', '大厨小婿']发布至平台
2025-11-21 12:25:19 [INFO] telethon.client.updates:443 - Got difference for channel 1401724496 updates
2025-11-21 12:25:20 [INFO] telethon.client.updates:443 - Got difference for channel 2209378593 updates
2025-11-21 12:25:20 [INFO] telethon.client.updates:443 - Got difference for channel 2158983339 updates
2025-11-21 12:25:20 [INFO] telethon.client.updates:443 - Got difference for channel 1617621330 updates
2025-11-21 12:25:20 [INFO] telethon.client.updates:443 - Got difference for channel 1084638970 updates
2025-11-21 12:25:20 [INFO] telethon.client.updates:443 - Got difference for channel 2016939647 updates
2025-11-21 12:25:21 [INFO] telethon.client.updates:443 - Got difference for channel 2193554291 updates
2025-11-21 12:25:21 [INFO] telethon.client.updates:443 - Got difference for channel 1280467440 updates
2025-11-21 12:26:19 [INFO] telethon.client.updates:443 - Got difference for channel 2209378593 updates
2025-11-21 12:26:20 [INFO] telethon.client.updates:443 - Got difference for channel 2269063013 updates
2025-11-21 12:26:20 [INFO] telethon.client.updates:443 - Got difference for channel 2158983339 updates
2025-11-21 12:26:20 [INFO] telethon.client.updates:443 - Got difference for channel 2600169516 updates
2025-11-21 12:27:18 [INFO] telethon.client.updates:443 - Got difference for channel 1561455638 updates
2025-11-21 12:27:19 [INFO] telethon.client.updates:443 - Got difference for channel 1580372425 updates
2025-11-21 12:27:19 [INFO] telethon.client.updates:443 - Got difference for channel 1688099294 updates
2025-11-21 12:27:19 [INFO] telethon.client.updates:443 - Got difference for channel 2209378593 updates
2025-11-21 12:27:19 [INFO] telethon.client.updates:443 - Got difference for channel 1280467440 updates
2025-11-21 12:28:02 [INFO] telethon.client.updates:443 - Got difference for channel 2209378593 updates
2025-11-21 12:29:19 [INFO] telethon.client.updates:443 - Got difference for channel 1688099294 updates
2025-11-21 12:29:20 [INFO] telethon.client.updates:443 - Got difference for channel 2209378593 updates
2025-11-21 12:29:20 [INFO] telethon.client.updates:443 - Got difference for channel 1730305106 updates
2025-11-21 12:29:20 [INFO] telethon.client.updates:443 - Got difference for channel 1642618802 updates
2025-11-21 12:30:00 [INFO] app.core.scheduler:480 - Dispatching scheduled job 6f853106834c42dbb500a627c0aa1bbc -> 同步今日可更新影视资源到网盘
2025-11-21 12:30:00 [INFO] app.core.scheduler:506 - Scheduled job 6f853106834c42dbb500a627c0aa1bbc dispatched to task_manager
2025-11-21 12:30:00 [INFO] app.core.scheduler:480 - Dispatching scheduled job f8e4963f2a92414589a557957998c0a7 -> 将所有网盘已更新到最新进度的movie推送到平台
2025-11-21 12:30:00 [INFO] app.core.scheduler:506 - Scheduled job f8e4963f2a92414589a557957998c0a7 dispatched to task_manager
2025-11-21 12:30:00 [INFO] root:162 - [task 72092f7ef72e404896b06172ce34cb5d] log handler attached for capture
2025-11-21 12:30:00 [INFO] root:162 - [task 78be68a706fe413b9ca7de30467fd667] log handler attached for capture
2025-11-21 12:30:00 [INFO] app.flow.sync_new_movie_flow:181 - 今日已到更新时间点的movie:['新闻女王2', '勿扰飞升']
2025-11-21 12:30:00 [WARNING] app.flow.sync_new_movie_flow:186 - 这些movie由于tmdb_info为空无法同步：[]
2025-11-21 12:30:00 [INFO] app.flow.sync_new_movie_flow:327 - 将['赴山海', '欢乐家长群2', '暴风圈', '照镜辞', '漫威丧尸', '弥留之国的爱丽丝 第三季', '行骗天下KR', '健力士王朝', '犯罪现场 Zero', '科斯缇娜酒店', '入青云', '回魂计', '水龙吟', '锦月令', '棕眼之谜', '三人行', '黑盒子', '大厨小婿']发布至平台
2025-11-21 12:30:04 [INFO] app.modules.filter.services.regex_target_link_filter:50 - 匹配成功: link_title="新闻女王2 4K[臻彩]" movie_title_season="新闻女王2" pattern="^新闻女王2.*"
2025-11-21 12:30:04 [INFO] app.modules.filter.services.target_episode_filter_service:137 - 开始处理链接：--- 新闻女王2 4K[臻彩] https://pan.quark.cn/s/b72f6131127c
2025-11-21 12:30:04 [INFO] app.modules.filter.services.regex_target_link_filter:50 - 匹配成功: link_title="新闻女王2国语" movie_title_season="新闻女王2" pattern="^新闻女王2.*"
2025-11-21 12:30:04 [INFO] app.modules.filter.services.target_episode_filter_service:137 - 开始处理链接：--- 新闻女王2国语 https://pan.quark.cn/s/f7b29837da99
2025-11-21 12:30:04 [INFO] app.modules.filter.services.regex_target_link_filter:50 - 匹配成功: link_title="新闻女王2国语版" movie_title_season="新闻女王2" pattern="^新闻女王2.*"
2025-11-21 12:30:04 [INFO] app.modules.filter.services.target_episode_filter_service:137 - 开始处理链接：--- 新闻女王2国语版 https://pan.baidu.com/s/1cHrCu7Z7J_KyihwpUCENRg?pwd=8888
2025-11-21 12:30:05 [INFO] app.modules.filter.services.target_episode_filter_service:128 - 最终选择 46 个文件来覆盖新剧集: ['The.Queen.of.NEWS.S01E26.2023.2160p.WEB-DL.H265.AAC-DDHDTV.mkv', 'The.Queen.of.NEWS.S01E25.2023.2160p.WEB-DL.H265.AAC-DDHDTV.mkv', 'The.Queen.of.NEWS.S01E24.2023.2160p.WEB-DL.H265.AAC-DDHDTV.mkv', 'The.Queen.of.NEWS.S01E23.2023.2160p.WEB-DL.H265.AAC-DDHDTV.mkv', 'The.Queen.of.NEWS.S01E22.2023.2160p.WEB-DL.H265.AAC-DDHDTV.mkv', 'The.Queen.of.NEWS.S01E21.2023.2160p.WEB-DL.H265.AAC-DDHDTV.mkv', 'The.Queen.of.NEWS.S01E20.2023.2160p.WEB-DL.H265.AAC-DDHDTV.mkv', 'The.Queen.of.NEWS.S01E19.2023.2160p.WEB-DL.H265.AAC-DDHDTV.mkv', 'The.Queen.of.NEWS.S01E18.2023.2160p.WEB-DL.H265.AAC-DDHDTV.mkv', 'The.Queen.of.NEWS.S01E17.2023.2160p.WEB-DL.H265.AAC-DDHDTV.mkv', 'The.Queen.of.NEWS.S01E16.2023.2160p.WEB-DL.H265.AAC-DDHDTV.mkv', 'The.Queen.of.NEWS.S01E15.2023.2160p.WEB-DL.H265.AAC-DDHDTV.mkv', 'The.Queen.of.NEWS.S01E14.2023.2160p.WEB-DL.H265.AAC-DDHDTV.mkv', 'The.Queen.of.NEWS.S01E13.2023.2160p.WEB-DL.H265.AAC-DDHDTV.mkv', 'The.Queen.of.NEWS.S01E12.2023.2160p.WEB-DL.H265.AAC-DDHDTV.mkv', 'The.Queen.of.NEWS.S01E11.2023.2160p.WEB-DL.H265.AAC-DDHDTV.mkv', 'The.Queen.of.NEWS.S01E10.2023.2160p.WEB-DL.H265.AAC-DDHDTV.mkv', 'The.Queen.of.NEWS.S01E09.2023.2160p.WEB-DL.H265.AAC-DDHDTV.mkv', 'The.Queen.of.NEWS.S01E08.2023.2160p.WEB-DL.H265.AAC-DDHDTV.mkv', 'The.Queen.of.NEWS.S01E07.2023.2160p.WEB-DL.H265.AAC-DDHDTV.mkv', 'The.Queen.of.NEWS.S01E06.2023.2160p.WEB-DL.H265.AAC-DDHDTV.mkv', 'The.Queen.of.NEWS.S01E05.2023.2160p.WEB-DL.H265.AAC-DDHDTV.mkv', 'The.Queen.of.NEWS.S01E04.2023.2160p.WEB-DL.H265.AAC-DDHDTV.mkv', 'The.Queen.of.NEWS.S01E03.2023.2160p.WEB-DL.H265.AAC-DDHDTV.mkv', 'The.Queen.of.NEWS.S01E02.2023.2160p.WEB-DL.H265.AAC-DDHDTV.mkv', 'The.Queen.of.NEWS.S01E01.2023.2160p.WEB-DL.H265.AAC-DDHDTV.mkv', 'S01E20.2025.2160p.60fps.WEB-DL.H265.AAC.2Audios.mkv', 'S01E19.2025.2160p.60fps.WEB-DL.H265.AAC.2Audios.mkv', 'S01E18.2025.2160p.60fps.WEB-DL.H265.AAC.2Audios.mkv', 'S01E17.2025.2160p.60fps.WEB-DL.H265.AAC.2Audios.mkv', 'S01E16.2025.2160p.60fps.WEB-DL.H265.AAC.2Audios.mkv', 'S01E15.2025.2160p.60fps.WEB-DL.H265.AAC.2Audios.mkv', 'S01E14.2025.2160p.60fps.WEB-DL.H265.AAC.2Audios.mkv', 'S01E13.2025.2160p.60fps.WEB-DL.H265.AAC.2Audios.mkv', 'S01E12.2025.2160p.60fps.WEB-DL.H265.AAC.2Audios.mkv', 'S01E11.2025.2160p.60fps.WEB-DL.H265.AAC.2Audios.mkv', 'S01E10.2025.2160p.60fps.WEB-DL.H265.AAC.2Audios.mkv', 'S01E09.2025.2160p.60fps.WEB-DL.H265.AAC.2Audios.mkv', 'S01E08.2025.2160p.60fps.WEB-DL.H265.AAC.2Audios.mkv', 'S01E07.2025.2160p.60fps.WEB-DL.H265.AAC.2Audios.mkv', 'S01E06.2025.2160p.60fps.WEB-DL.H265.AAC.2Audios.mkv', 'S01E05.2025.2160p.60fps.WEB-DL.H265.AAC.2Audios.mkv', 'S01E04.2025.2160p.60fps.WEB-DL.H265.AAC.2Audios.mkv', 'S01E03.2025.2160p.60fps.WEB-DL.H265.AAC.2Audios.mkv', 'S01E02.2025.2160p.60fps.WEB-DL.H265.AAC.2Audios.mkv', 'S01E01.2025.2160p.60fps.WEB-DL.H265.AAC.2Audios.mkv']
2025-11-21 12:30:05 [INFO] app.modules.filter.services.target_episode_filter_service:141 - 获取到目标剧集组合，来自链接：https://pan.quark.cn/s/f7b29837da99
2025-11-21 12:30:05 [INFO] app.modules.filter.flow:128 - 新闻女王2 | https://pan.quark.cn/s/f7b29837da99 作为备选（更新至 20/21）
2025-11-21 12:30:05 [INFO] app.modules.filter.services.regex_target_link_filter:50 - 匹配成功: link_title="新闻女王2国语版" movie_title_season="新闻女王2" pattern="^新闻女王2.*"
2025-11-21 12:30:05 [INFO] app.modules.filter.services.target_episode_filter_service:137 - 开始处理链接：--- 新闻女王2国语版 https://pan.quark.cn/s/6ceeb5cc2bf5
2025-11-21 12:30:05 [INFO] app.modules.filter.services.target_episode_filter_service:128 - 最终选择 18 个文件来覆盖新剧集: ['20 4K.mkv', '19 4K.mkv', '17 4K.mkv', '16 4K.mkv', '15 4K.mkv', '14 4K【国粤双语】.mkv', '12 4K.mkv', '11 4K.mp4', '10 4K【国粤双语】.mkv', '09 4K【国粤双语】.mkv', '08 4K.mkv', '07 4K.mkv', '06 4K.mkv', '05 4K.mkv', '04 4K.mp4', '03 4K.mkv', '02 4K.mkv', '01 4K.mkv']
2025-11-21 12:30:05 [INFO] app.modules.filter.services.target_episode_filter_service:141 - 获取到目标剧集组合，来自链接：https://pan.quark.cn/s/6ceeb5cc2bf5
2025-11-21 12:30:05 [INFO] app.modules.filter.flow:138 - 新闻女王2 | https://pan.quark.cn/s/6ceeb5cc2bf5 跳过（更新至 20，比备选https://pan.quark.cn/s/f7b29837da99 | 20 更少）
2025-11-21 12:30:05 [INFO] app.modules.filter.services.regex_target_link_filter:50 - 匹配成功: link_title="新闻女王 第二季 新闻女王2（2025）【4K.60fps】【国粤双语】【内封简中】【更20集】【剧情】【佘诗曼/黄宗泽】【附第一季】.描述：半年间，SNK剧变，总监余英飞离职、门外汉古肇华空降。张家妍虽掌权却难服众。刘艳的公开平台崛起，动摇传统媒体地位，连已入官场的许诗晴亦被卷入新旧媒体的角力。文慧心于此时复出，昭告世人：新闻女王的地位永远不可撼动！." movie_title_season="新闻女王2" pattern=".*新闻女王2[(（]20\d{2}[）)]"
2025-11-21 12:30:05 [INFO] app.modules.filter.services.target_episode_filter_service:137 - 开始处理链接：--- 新闻女王 第二季 新闻女王2（2025）【4K.60fps】【国粤双语】【内封简中】【更20集】【剧情】【佘诗曼/黄宗泽】【附第一季】.描述：半年间，SNK剧变，总监余英飞离职、门外汉古肇华空降。张家妍虽掌权却难服众。刘艳的公开平台崛起，动摇传统媒体地位，连已入官场的许诗晴亦被卷入新旧媒体的角力。文慧心于此时复出，昭告世人：新闻女王的地位永远不可撼动！. https://pan.quark.cn/s/5dd3198d9a4e
2025-11-21 12:30:06 [INFO] app.modules.filter.services.target_episode_filter_service:128 - 最终选择 12 个文件来覆盖新剧集: ['06.4k.粤语.mp4', '05.4k.粤语.mp4', '04.4k.粤语.mp4', '03.4k.粤语.mp4', '02.4k.粤语.mp4', '01.4k.粤语.mp4', '06.4k.国语.mp4', '05.4k.国语..mp4', '04.4k.国语.mp4', '03.4k.国语.mp4', '02.4k.国语.mp4', '01.4k.国语.mp4']
2025-11-21 12:30:06 [INFO] app.modules.filter.services.target_episode_filter_service:141 - 获取到目标剧集组合，来自链接：https://pan.baidu.com/s/1cHrCu7Z7J_KyihwpUCENRg?pwd=8888
2025-11-21 12:30:06 [INFO] app.modules.filter.flow:128 - 新闻女王2 | https://pan.baidu.com/s/1cHrCu7Z7J_KyihwpUCENRg?pwd=8888 作为备选（更新至 6/21）
2025-11-21 12:30:06 [INFO] app.modules.filter.services.regex_target_link_filter:50 - 匹配成功: link_title="新闻女王/新闻女王2(2025)【更20集】【4K.普码】【国粤双语】【内嵌简中】【附第一季】描述：半年间，SNK剧变，总监余英飞离职、门外汉古肇华空降。张家妍虽掌权却难服众。刘艳的公开平台崛起，动摇传统媒体地位，连已入官场的许诗晴亦被卷入新旧媒体的角力。文慧心于此时复出，昭告世人：新闻女王的地位永远不可撼动！" movie_title_season="新闻女王2" pattern=".*新闻女王2[(（]20\d{2}[）)]"
2025-11-21 12:30:06 [INFO] app.modules.filter.services.target_episode_filter_service:137 - 开始处理链接：--- 新闻女王/新闻女王2(2025)【更20集】【4K.普码】【国粤双语】【内嵌简中】【附第一季】描述：半年间，SNK剧变，总监余英飞离职、门外汉古肇华空降。张家妍虽掌权却难服众。刘艳的公开平台崛起，动摇传统媒体地位，连已入官场的许诗晴亦被卷入新旧媒体的角力。文慧心于此时复出，昭告世人：新闻女王的地位永远不可撼动！ https://pan.quark.cn/s/e13c88c7a09c
2025-11-21 12:30:07 [INFO] app.modules.filter.services.target_episode_filter_service:128 - 最终选择 48 个文件来覆盖新剧集: ['The QUEEN of News S02E20 - 第 20 集 - 2160p WEB-DL H265 AAC 2Audio.mkv', 'The QUEEN of News S02E19 - 第 19 集 - 2160p WEB-DL H265 AAC 2Audio.mkv', 'The QUEEN of News S02E18 - 第 18 集 - 2160p WEB-DL H265 AAC 2Audio.mkv', 'The QUEEN of News S02E17 - 第 17 集 - 2160p WEB-DL H265 AAC 2Audio.mkv', 'The QUEEN of News S02E16 - 第 16 集 - 2160p WEB-DL H265 AAC 2Audio.mkv', 'The QUEEN of News S02E15 - 第 15 集 - 2160p WEB-DL H265 AAC 2Audio.mkv', 'The QUEEN of News S02E14 - 第 14 集 - 2160p WEB-DL H265 AAC 2Audio.mkv', 'The QUEEN of News S02E13 - 第 13 集 - 2160p WEB-DL H265 AAC 2Audio.mkv', 'The QUEEN of News S02E12 - 第 12 集 - 2160p WEB-DL H265 AAC 2Audio.mkv', 'The QUEEN of News S02E11 - 第 11 集 - 2160p WEB-DL H265 AAC 2Audio.mkv', 'The QUEEN of News S02E10 - 第 10 集 - 2160p WEB-DL H265 AAC 2Audio.mkv', 'The QUEEN of News S02E09 - 第 9 集 - 2160p WEB-DL H265 AAC 2Audio.mkv', 'The QUEEN of News S02E08 - 第 8 集 - 2160p WEB-DL H265 AAC 2Audio.mkv', 'The QUEEN of News S02E07 - 第 7 集 - 2160p WEB-DL H265 AAC 2Audio.mkv', 'The QUEEN of News S02E06 - 第 6 集 - 2160p WEB-DL H265 AAC 2Audio.mkv', 'The QUEEN of News S02E05 - 第 5 集 - 2160p WEB-DL H265 AAC 2Audio.mkv', 'The QUEEN of News S02E04 - 第 4 集 - 2160p WEB-DL H265 AAC 2Audio.mkv', 'The QUEEN of News S02E03 - 第 3 集 - 2160p WEB-DL H265 AAC 2Audio.mkv', 'The QUEEN of News S02E02 - 第 2 集 - 2160p WEB-DL H265 AAC 2Audio.mkv', 'The QUEEN of News S02E01 - 第 1 集 - 2160p WEB-DL H265 AAC 2Audio.mkv', 'The QUEEN of News S01E26 - 第 26 集 - 2160p WEB-DL HQ H265 10bit AAC.mp4', 'The QUEEN of News S01E25 - 第 25 集 - 2160p WEB-DL HQ H265 10bit AAC.mp4', 'The QUEEN of News S01E24 - 第 24 集 - 2160p WEB-DL HQ H265 10bit AAC.mp4', 'The QUEEN of News S01E23 - 第 23 集 - 2160p WEB-DL HQ H265 10bit AAC.mp4', 'The QUEEN of News S01E22 - 第 22 集 - 2160p WEB-DL HQ H265 10bit AAC.mp4', 'The QUEEN of News S01E21 - 第 21 集 - 2160p WEB-DL HQ H265 10bit AAC.mp4', 'The QUEEN of News S01E20 - 第 20 集 - 2160p WEB-DL HQ H265 10bit AAC.mp4', 'The QUEEN of News S01E19 - 第 19 集 - 2160p WEB-DL HQ H265 10bit AAC.mp4', 'The QUEEN of News S01E18 - 第 18 集 - 2160p WEB-DL HQ H265 10bit AAC.mp4', 'The QUEEN of News S01E17 - 第 17 集 - 2160p WEB-DL HQ H265 10bit AAC.mp4', 'The QUEEN of News S01E16 - 第 16 集 - 2160p WEB-DL HQ H265 10bit AAC.mp4', 'The QUEEN of News S01E15 - 第 15 集 - 2160p WEB-DL HQ H265 10bit AAC.mp4', 'The QUEEN of News S01E14 - 第 14 集 - 2160p WEB-DL HQ H265 10bit AAC.mp4', 'The QUEEN of News S01E13 - 第 13 集 - 2160p WEB-DL HQ H265 10bit AAC.mp4', 'The QUEEN of News S01E12 - 第 12 集 - 2160p WEB-DL HQ H265 10bit AAC.mp4', 'The QUEEN of News S01E11 - 第 11 集 - 2160p WEB-DL HQ H265 10bit AAC.mp4', 'The QUEEN of News S01E10 - 第 10 集 - 2160p WEB-DL HQ H265 10bit AAC.mp4', 'The QUEEN of News S01E09 - 第 9 集 - 2160p WEB-DL HQ H265 10bit AAC.mp4', 'The QUEEN of News S01E08 - 第 8 集 - 2160p WEB-DL HQ H265 10bit AAC.mp4', 'The QUEEN of News S01E07 - 第 7 集 - 2160p WEB-DL HQ H265 10bit AAC.mp4', 'The QUEEN of News S01E06 - 第 6 集 - 2160p WEB-DL HQ H265 10bit AAC.mp4', 'The QUEEN of News S01E05 - 第 5 集 - 2160p WEB-DL HQ H265 10bit AAC.mp4', 'The QUEEN of News S01E04 - 第 4 集 - 2160p WEB-DL HQ H265 10bit AAC.mp4', 'The QUEEN of News S01E03 - 第 3 集 - 2160p WEB-DL HQ H265 10bit AAC.mp4', 'The QUEEN of News S01E02 - 第 2 集 - 2160p WEB-DL HQ H265 10bit AAC.mp4', 'The QUEEN of News S01E01 - 第 1 集 - 2160p WEB-DL HQ H265 10bit AAC.mp4', 'season02-poster.jpg', 'season01-poster.jpg']
2025-11-21 12:30:07 [INFO] app.modules.filter.services.target_episode_filter_service:141 - 获取到目标剧集组合，来自链接：https://pan.quark.cn/s/e13c88c7a09c
2025-11-21 12:30:07 [WARNING] app.modules.filter.flow:110 - 新闻女王2 | https://pan.quark.cn/s/e13c88c7a09c 更新超出容忍范围,被跳过: 26 > 21 + 2
2025-11-21 12:30:07 [INFO] app.modules.filter.services.regex_target_link_filter:50 - 匹配成功: link_title="新闻女王2 ｜ 新闻女王 第二季 (2025) 【更20集】【4K.普码&杜比视界双版本】【国粤双语】【 佘诗曼/黄宗泽】【剧情/悬疑】【附第一季】描述：　　半年间，SNK剧变，总监余英飞离职、门外汉古肇华空降。张家妍虽掌权却难服众。刘艳的公开平台崛起，动摇传统媒体地位，连已入官场的许诗晴亦被卷入新旧媒体的角力。文慧心于此时复出，昭告世人：新闻女王的地位永远不可撼动！" movie_title_season="新闻女王2" pattern="^新闻女王2.*"
2025-11-21 12:30:07 [INFO] app.modules.filter.services.target_episode_filter_service:137 - 开始处理链接：--- 新闻女王2 ｜ 新闻女王 第二季 (2025) 【更20集】【4K.普码&杜比视界双版本】【国粤双语】【 佘诗曼/黄宗泽】【剧情/悬疑】【附第一季】描述：　　半年间，SNK剧变，总监余英飞离职、门外汉古肇华空降。张家妍虽掌权却难服众。刘艳的公开平台崛起，动摇传统媒体地位，连已入官场的许诗晴亦被卷入新旧媒体的角力。文慧心于此时复出，昭告世人：新闻女王的地位永远不可撼动！ https://pan.baidu.com/s/1yrA4BS0V63ZprAC_lq_ZmA?pwd=8os3
2025-11-21 12:30:07 [WARNING] app.modules.filter.services.regex_target_link_filter:58 - 未匹配: link_title="[4K][国粤双轨][内嵌简中][附第一季]（新闻女王2；第二季）新聞女王Ⅱ(2025)[更至20／25集]香港 剧情佘诗曼 黄宗泽 李施嬅 高海宁 王敏奕夸克网盘：" movie_title_season="新闻女王2" patterns=['^新闻女王2.*', '.*【新闻女王2】.*', '.*新闻女王2.*1080p.*', '.*新闻女王2.*S\\d{2}E\\d{2}', '.*《新闻女王2》.*', '.*「新闻女王2」.*', '.*[:：]新闻女王2.*', '.*新闻女王2[(（]20\\d{2}[）)]']
2025-11-21 12:30:07 [INFO] app.modules.filter.services.regex_target_link_filter:50 - 匹配成功: link_title="新闻女王2 (2025)更至20集 [4K][国语&粤语][佘诗曼/黄宗泽]/ 新闻女王 第二季描述：半年间，SNK剧变，总监余英飞离职、门外汉古肇华空降。张家妍虽掌权却难服众。刘艳的公开平台崛起，动摇传统媒体地位，连已入官场的许诗晴亦被卷入新旧媒体的角力。文慧心于此时复出，昭告世人：新闻女王的地位永远不可撼动！" movie_title_season="新闻女王2" pattern="^新闻女王2.*"
2025-11-21 12:30:07 [INFO] app.modules.filter.services.target_episode_filter_service:137 - 开始处理链接：--- 新闻女王2 (2025)更至20集 [4K][国语&粤语][佘诗曼/黄宗泽]/ 新闻女王 第二季描述：半年间，SNK剧变，总监余英飞离职、门外汉古肇华空降。张家妍虽掌权却难服众。刘艳的公开平台崛起，动摇传统媒体地位，连已入官场的许诗晴亦被卷入新旧媒体的角力。文慧心于此时复出，昭告世人：新闻女王的地位永远不可撼动！ https://pan.quark.cn/s/978026e62684
2025-11-21 12:30:07 [INFO] app.modules.filter.services.regex_target_link_filter:50 - 匹配成功: link_title="新闻女王2 新聞女王Ⅱ (2025) [WEB-4K] [国粤双语] [内嵌简中] [更至20集]描述：半年间，SNK剧变，总监余英飞离职、门外汉古肇华空降。张家妍虽掌权却难服众。刘艳的公开平台崛起，动摇传统媒体地位，连已入官场的许诗晴亦被卷入新旧媒体的角力。文慧心于此时复出，昭告世人：新闻女王的地位永远不可撼动！" movie_title_season="新闻女王2" pattern="^新闻女王2.*"
2025-11-21 12:30:07 [INFO] app.modules.filter.services.target_episode_filter_service:137 - 开始处理链接：--- 新闻女王2 新聞女王Ⅱ (2025) [WEB-4K] [国粤双语] [内嵌简中] [更至20集]描述：半年间，SNK剧变，总监余英飞离职、门外汉古肇华空降。张家妍虽掌权却难服众。刘艳的公开平台崛起，动摇传统媒体地位，连已入官场的许诗晴亦被卷入新旧媒体的角力。文慧心于此时复出，昭告世人：新闻女王的地位永远不可撼动！ https://pan.quark.cn/s/78671d8397f3
2025-11-21 12:30:07 [INFO] app.modules.filter.services.target_episode_filter_service:128 - 最终选择 20 个文件来覆盖新剧集: ['XWNWSSM2-20.mkv', 'XWNWSSM2-19.mkv', 'XWNWSSM2-18.mkv', 'XWNWSSM2-17.mkv', 'XWNWSSM2-16.mkv', 'XWNWSSM2-15.mkv', 'XWNWSSM2-14.mkv', 'XWNWSSM2-13.mkv', 'XWNWSSM2-12.mkv', 'XWNWSSM2-11.mkv', 'XWNWSSM2-10.mkv', 'XWNWSSM2-09.mkv', 'XWNWSSM2-08.mkv', 'XWNWSSM2-07.mkv', 'XWNWSSM2-06.mkv', 'XWNWSSM2-05.mkv', 'XWNWSSM2-04.mkv', 'XWNWSSM2-03.mkv', 'XWNWSSM2-02.mkv', 'XWNWSSM2-01.mkv']
2025-11-21 12:30:07 [INFO] app.modules.filter.services.target_episode_filter_service:141 - 获取到目标剧集组合，来自链接：https://pan.quark.cn/s/78671d8397f3
2025-11-21 12:30:07 [INFO] app.modules.filter.flow:138 - 新闻女王2 | https://pan.quark.cn/s/78671d8397f3 跳过（更新至 20，比备选https://pan.quark.cn/s/f7b29837da99 | 20 更少）
2025-11-21 12:30:07 [INFO] app.modules.filter.services.regex_target_link_filter:50 - 匹配成功: link_title="新闻女王2 更新至20集 4K SDR 60帧 高码率https://pan.baidu.com/s/1eVAyoS6DVjaKO0Ng_XrO-A?pwd=4v7b" movie_title_season="新闻女王2" pattern="^新闻女王2.*"
2025-11-21 12:30:07 [INFO] app.modules.filter.services.target_episode_filter_service:137 - 开始处理链接：--- 新闻女王2 更新至20集 4K SDR 60帧 高码率https://pan.baidu.com/s/1eVAyoS6DVjaKO0Ng_XrO-A?pwd=4v7b https://pan.quark.cn/s/e5a2d001f7c3
2025-11-21 12:30:08 [INFO] app.modules.filter.services.target_episode_filter_service:128 - 最终选择 20 个文件来覆盖新剧集: ['The.Queen.of.NEWS.S02E20.2025.2160p.HQ.WEB-DL.60fps.H.265.AAC.2Audio.mp4', 'The.Queen.of.NEWS.S02E19.2025.2160p.HQ.WEB-DL.60fps.H.265.AAC.2Audio.mp4', 'The.Queen.of.NEWS.S02E18.2025.2160p.HQ.WEB-DL.60fps.H.265.AAC.2Audio.mp4', 'The.Queen.of.NEWS.S02E17.2025.2160p.HQ.WEB-DL.60fps.H.265.AAC.2Audio.mp4', 'The.Queen.of.NEWS.S02E16.2025.2160p.HQ.WEB-DL.60fps.H.265.AAC.2Audio.mp4', 'The.Queen.of.NEWS.S02E15.2025.2160p.HQ.WEB-DL.60fps.H.265.AAC.2Audio.mp4', 'The.Queen.of.NEWS.S02E14.2025.2160p.HQ.WEB-DL.60fps.H.265.AAC.2Audio.mp4', 'The.Queen.of.NEWS.S02E13.2025.2160p.HQ.WEB-DL.60fps.H.265.AAC.2Audio.mp4', 'The.Queen.of.NEWS.S02E12.2025.2160p.HQ.WEB-DL.60fps.H.265.AAC.2Audio.mp4', 'The.Queen.of.NEWS.S02E11.2025.2160p.HQ.WEB-DL.60fps.H.265.AAC.2Audio.mp4', 'The.Queen.of.NEWS.S02E10.2025.2160p.HQ.WEB-DL.60fps.H.265.AAC.2Audio.mp4', 'The.Queen.of.NEWS.S02E09.2025.2160p.HQ.WEB-DL.60fps.H.265.AAC.2Audio.mp4', 'The.Queen.of.NEWS.S02E08.2025.2160p.HQ.WEB-DL.60fps.H.265.AAC.2Audio.mp4', 'The.Queen.of.NEWS.S02E07.2025.2160p.HQ.WEB-DL.60fps.H.265.AAC.2Audio.mp4', 'The.Queen.of.NEWS.S02E06.2025.2160p.HQ.WEB-DL.60fps.H.265.AAC.2Audio.mp4', 'The.Queen.of.NEWS.S02E05.2025.2160p.HQ.WEB-DL.60fps.H.265.AAC.2Audio.mp4', 'The.Queen.of.NEWS.S02E04.2025.2160p.HQ.WEB-DL.60fps.H.265.AAC.2Audio.mp4', 'The.Queen.of.NEWS.S02E03.2025.2160p.HQ.WEB-DL.60fps.H.265.AAC.2Audio.mp4', 'The.Queen.of.NEWS.S02E02.2025.2160p.HQ.WEB-DL.60fps.H.265.AAC.2Audio.mp4', 'The.Queen.of.NEWS.S02E01.2025.2160p.HQ.WEB-DL.60fps.H.265.AAC.2Audio.mp4']
2025-11-21 12:30:08 [INFO] app.modules.filter.services.target_episode_filter_service:141 - 获取到目标剧集组合，来自链接：https://pan.quark.cn/s/e5a2d001f7c3
2025-11-21 12:30:08 [INFO] app.modules.filter.flow:138 - 新闻女王2 | https://pan.quark.cn/s/e5a2d001f7c3 跳过（更新至 20，比备选https://pan.quark.cn/s/f7b29837da99 | 20 更少）
2025-11-21 12:30:08 [INFO] app.modules.filter.services.regex_target_link_filter:50 - 匹配成功: link_title="新闻女王2 / 新闻女王 第二季 (2025) 4K SDR 60帧 国粤双语【更新EP20】描述：半年间，SNK剧变，总监余英飞离职、门外汉古肇华空降。张家妍虽掌权却难服众。刘艳的公开平台崛起，动摇传统媒体地位，连已入官场的许诗晴亦被卷入新旧媒体的角力。文慧心于此时复出，昭告世人：新闻女王的地位永远不可撼动！夸克：" movie_title_season="新闻女王2" pattern="^新闻女王2.*"
2025-11-21 12:30:08 [INFO] app.modules.filter.services.target_episode_filter_service:137 - 开始处理链接：--- 新闻女王2 / 新闻女王 第二季 (2025) 4K SDR 60帧 国粤双语【更新EP20】描述：半年间，SNK剧变，总监余英飞离职、门外汉古肇华空降。张家妍虽掌权却难服众。刘艳的公开平台崛起，动摇传统媒体地位，连已入官场的许诗晴亦被卷入新旧媒体的角力。文慧心于此时复出，昭告世人：新闻女王的地位永远不可撼动！夸克： https://pan.quark.cn/s/3b0b7e405cdb
2025-11-21 12:30:08 [INFO] app.modules.filter.services.target_episode_filter_service:128 - 最终选择 46 个文件来覆盖新剧集: ['S01E26.mp4', 'S01E25.mp4', 'S01E24.mp4', 'S01E23.mp4', 'S01E22.mp4', 'S01E21.mp4', 'S01E20.mp4', 'S01E19.mp4', 'S01E18.mp4', 'S01E17.mp4', 'S01E16.mp4', 'S01E15.mp4', 'S01E14.mp4', 'S01E13.mp4', 'S01E12.mp4', 'S01E11.mp4', 'S01E10.mp4', 'S01E09.mp4', 'S01E08.mp4', 'S01E07.mp4', 'S01E06.mp4', 'S01E05.mp4', 'S01E04.mp4', 'S01E03.mp4', 'S01E02.mp4', 'S01E01.mp4', 'S01E20.2025.2160p.60fps.WEB-DL.H265.AAC.2Audios.mkv', 'S01E19.2025.2160p.60fps.WEB-DL.H265.AAC.2Audios.mp4', 'S01E18.2025.2160p.60fps.WEB-DL.H265.AAC.2Audio.mkv', 'S01E17.2025.2160p.60fps.WEB-DL.H265.AAC.2Audios.mp4', 'S01E16.2025.2160p.60fps.WEB-DL.H265.AAC.2Audios.mp4', 'S01E15.2025.2160p.60fps.WEB-DL.H265.AAC.2Audios.mp4', 'S01E14.2025.2160p.60fps.WEB-DL.H265.AAC.2Audios.mkv', 'S01E13.2025.2160p.60fps.WEB-DL.H265.AAC.2Audios.mkv', 'S01E12.2025.2160p.60fps.WEB-DL.H265.AAC.2Audios.mkv', 'S01E11.2025.2160p.60fps.WEB-DL.H265.AAC.2Audios.mkv', 'S01E10.2025.2160p.60fps.WEB-DL.H265.AAC.2Audios.mkv', 'S01E09.2025.2160p.60fps.WEB-DL.H265.AAC.2Audios.mkv', 'S01E08.2025.2160p.60fps.WEB-DL.H265.AAC.2Audios.mkv', 'S01E07.2025.2160p.60fps.WEB-DL.H265.AAC.2Audios.mkv', 'S01E06.2025.2160p.60fps.WEB-DL.H265.AAC.2Audios.mkv', 'S01E05.2025.2160p.60fps.WEB-DL.H265.AAC.2Audios.mkv', 'S01E04.2025.2160p.60fps.WEB-DL.H265.AAC.2Audios.mkv', 'S01E03.2025.2160p.60fps.WEB-DL.H265.AAC.2Audios.mkv', 'S01E02.2025.2160p.60fps.WEB-DL.H265.AAC.2Audios.mkv', 'S01E01.2025.2160p.60fps.WEB-DL.H265.AAC.2Audios.mkv']
2025-11-21 12:30:08 [INFO] app.modules.filter.services.target_episode_filter_service:141 - 获取到目标剧集组合，来自链接：https://pan.quark.cn/s/3b0b7e405cdb
2025-11-21 12:30:08 [WARNING] app.modules.filter.flow:110 - 新闻女王2 | https://pan.quark.cn/s/3b0b7e405cdb 更新超出容忍范围,被跳过: 26 > 21 + 2
2025-11-21 12:30:08 [INFO] app.modules.filter.flow:158 - 新闻女王2分享链接遍历完成，无可用分享链接
2025-11-21 12:30:08 [INFO] app.modules.storage_operations.services.save_episodes_to_cloud:44 - 未筛选到适合['mkv', 'mp4', 'avi', 'mov', 'm4v', 'wmv', 'flv', 'torrent', 'srt', 'ass', 'sub', 'mp3', 'aac', 'zip']的链接
2025-11-21 12:30:08 [INFO] app.modules.storage_operations.services.save_episodes_to_cloud:44 - 未筛选到适合['mkv', 'mp4', 'avi', 'mov', 'm4v', 'wmv', 'flv', 'torrent', 'srt', 'ass', 'sub', 'mp3', 'aac', 'zip']的链接
2025-11-21 12:30:09 [INFO] app.modules.filter.services.target_episode_filter_service:128 - 最终选择 69 个文件来覆盖新剧集: ['The QUEEN of News S02E20 - 第 20 集 - 2160p WEB-DL H265 AAC 2Audio.mkv', 'The QUEEN of News S02E19 - 第 19 集 - 2160p WEB-DL H265 AAC 2Audio.mkv', 'The QUEEN of News S02E18 - 第 18 集 - 2160p WEB-DL H265 AAC 2Audio.mkv', 'The QUEEN of News S02E17 - 第 17 集 - 2160p WEB-DL H265 AAC 2Audio.mkv', 'The QUEEN of News S02E16 - 第 16 集 - 2160p WEB-DL H265 AAC 2Audio.mkv', 'The QUEEN of News S02E15 - 第 15 集 - 2160p WEB-DL H265 AAC 2Audio.mkv', 'The QUEEN of News S02E14 - 第 14 集 - 2160p WEB-DL H265 AAC 2Audio.mkv', 'The QUEEN of News S02E13 - 第 13 集 - 2160p WEB-DL H265 AAC 2Audio.mkv', 'The QUEEN of News S02E12 - 第 12 集 - 2160p WEB-DL H265 AAC 2Audio.mkv', 'The QUEEN of News S02E11 - 第 11 集 - 2160p WEB-DL H265 AAC 2Audio.mkv', 'The QUEEN of News S02E10 - 第 10 集 - 2160p WEB-DL H265 AAC 2Audio.mkv', 'The QUEEN of News S02E09 - 第 9 集 - 2160p WEB-DL H265 AAC 2Audio.mkv', 'The QUEEN of News S02E08 - 第 8 集 - 2160p WEB-DL H265 AAC 2Audio.mkv', 'The QUEEN of News S02E07 - 第 7 集 - 2160p WEB-DL H265 AAC 2Audio.mkv', 'The QUEEN of News S02E06 - 第 6 集 - 2160p WEB-DL H265 AAC 2Audio.mkv', 'The QUEEN of News S02E05 - 第 5 集 - 2160p WEB-DL H265 AAC 2Audio.mkv', 'The QUEEN of News S02E04 - 第 4 集 - 2160p WEB-DL H265 AAC 2Audio.mkv', 'The QUEEN of News S02E03 - 第 3 集 - 2160p WEB-DL H265 AAC 2Audio.mkv', 'The QUEEN of News S02E02 - 第 2 集 - 2160p WEB-DL H265 AAC 2Audio.mkv', 'The QUEEN of News S02E01 - 第 1 集 - 2160p WEB-DL H265 AAC 2Audio.mkv', 'The QUEEN of News S02E20 - 第 20 集 - 2160p WEB-DL DV HQ H265 AAC 2Audio.mkv', 'The QUEEN of News S02E19 - 第 19 集 - 2160p WEB-DL DV HQ H265 AAC 2Audio.mkv', 'The QUEEN of News S02E18 - 第 18 集 - 2160p WEB-DL DV HQ H265 AAC 2Audio.mkv', 'The QUEEN of News S02E17 - 第 17 集 - 2160p WEB-DL DV HQ H265 AAC 2Audio.mkv', 'The QUEEN of News S02E16 - 第 16 集 - 2160p WEB-DL DV HQ H265 AAC 2Audio.mkv', 'The QUEEN of News S02E15 - 第 15 集 - 2160p WEB-DL DV HQ H265 AAC 2Audio.mkv', 'The QUEEN of News S02E14 - 第 14 集 - 2160p WEB-DL DV HQ H265 AAC 2Audio.mkv', 'The QUEEN of News S02E13 - 第 13 集 - 2160p WEB-DL DV HQ H265 AAC 2Audio.mkv', 'The QUEEN of News S02E12 - 第 12 集 - 2160p WEB-DL DV HQ H265 AAC 2Audio.mkv', 'The QUEEN of News S02E11 - 第 11 集 - 2160p WEB-DL DV HQ H265 AAC 2Audio.mkv', 'The QUEEN of News S02E10 - 第 10 集 - 2160p WEB-DL DV HQ H265 AAC 2Audio.mkv', 'The QUEEN of News S02E09 - 第 9 集 - 2160p WEB-DL DV HQ H265 AAC 2Audio.mkv', 'The QUEEN of News S02E08 - 第 8 集 - 2160p WEB-DL DV HQ H265 AAC 2Audio.mkv', 'The QUEEN of News S02E07 - 第 7 集 - 2160p WEB-DL DV HQ H265 AAC 2Audio.mkv', 'The QUEEN of News S02E06 - 第 6 集 - 2160p WEB-DL DV HQ H265 AAC 2Audio.mkv', 'The QUEEN of News S02E05 - 第 5 集 - 2160p WEB-DL DV HQ H265 AAC 2Audio.mkv', 'The QUEEN of News S02E04 - 第 4 集 - 2160p WEB-DL DV HQ H265 AAC 2Audio.mkv', 'The QUEEN of News S02E03 - 第 3 集 - 2160p WEB-DL DV HQ H265 AAC 2Audio.mkv', 'The QUEEN of News S02E02 - 第 2 集 - 2160p WEB-DL DV HQ H265 AAC 2Audio.mkv', 'The QUEEN of News S02E01 - 第 1 集 - 2160p WEB-DL DV HQ H265 AAC 2Audio.zh.srt', 'The QUEEN of News S02E01 - 第 1 集 - 2160p WEB-DL DV HQ H265 AAC 2Audio.mkv', 'The QUEEN of News S01E26 - 第 26 集 - 2160p WEB-DL HQ H265 10bit AAC.mp4', 'The QUEEN of News S01E25 - 第 25 集 - 2160p WEB-DL HQ H265 10bit AAC.mp4', 'The QUEEN of News S01E24 - 第 24 集 - 2160p WEB-DL HQ H265 10bit AAC.mp4', 'The QUEEN of News S01E23 - 第 23 集 - 2160p WEB-DL HQ H265 10bit AAC.mp4', 'The QUEEN of News S01E22 - 第 22 集 - 2160p WEB-DL HQ H265 10bit AAC.mp4', 'The QUEEN of News S01E21 - 第 21 集 - 2160p WEB-DL HQ H265 10bit AAC.mp4', 'The QUEEN of News S01E20 - 第 20 集 - 2160p WEB-DL HQ H265 10bit AAC.mp4', 'The QUEEN of News S01E19 - 第 19 集 - 2160p WEB-DL HQ H265 10bit AAC.mp4', 'The QUEEN of News S01E18 - 第 18 集 - 2160p WEB-DL HQ H265 10bit AAC.mp4', 'The QUEEN of News S01E17 - 第 17 集 - 2160p WEB-DL HQ H265 10bit AAC.mp4', 'The QUEEN of News S01E16 - 第 16 集 - 2160p WEB-DL HQ H265 10bit AAC.mp4', 'The QUEEN of News S01E15 - 第 15 集 - 2160p WEB-DL HQ H265 10bit AAC.mp4', 'The QUEEN of News S01E14 - 第 14 集 - 2160p WEB-DL HQ H265 10bit AAC.mp4', 'The QUEEN of News S01E13 - 第 13 集 - 2160p WEB-DL HQ H265 10bit AAC.mp4', 'The QUEEN of News S01E12 - 第 12 集 - 2160p WEB-DL HQ H265 10bit AAC.mp4', 'The QUEEN of News S01E11 - 第 11 集 - 2160p WEB-DL HQ H265 10bit AAC.mp4', 'The QUEEN of News S01E10 - 第 10 集 - 2160p WEB-DL HQ H265 10bit AAC.mp4', 'The QUEEN of News S01E09 - 第 9 集 - 2160p WEB-DL HQ H265 10bit AAC.mp4', 'The QUEEN of News S01E08 - 第 8 集 - 2160p WEB-DL HQ H265 10bit AAC.mp4', 'The QUEEN of News S01E07 - 第 7 集 - 2160p WEB-DL HQ H265 10bit AAC.mp4', 'The QUEEN of News S01E06 - 第 6 集 - 2160p WEB-DL HQ H265 10bit AAC.mp4', 'The QUEEN of News S01E05 - 第 5 集 - 2160p WEB-DL HQ H265 10bit AAC.mp4', 'The QUEEN of News S01E04 - 第 4 集 - 2160p WEB-DL HQ H265 10bit AAC.mp4', 'The QUEEN of News S01E03 - 第 3 集 - 2160p WEB-DL HQ H265 10bit AAC.mp4', 'The QUEEN of News S01E02 - 第 2 集 - 2160p WEB-DL HQ H265 10bit AAC.mp4', 'The QUEEN of News S01E01 - 第 1 集 - 2160p WEB-DL HQ H265 10bit AAC.mp4', 'season02-poster.jpg', 'season01-poster.jpg']
2025-11-21 12:30:09 [INFO] app.modules.filter.services.target_episode_filter_service:141 - 获取到目标剧集组合，来自链接：https://pan.baidu.com/s/1yrA4BS0V63ZprAC_lq_ZmA?pwd=8os3
2025-11-21 12:30:09 [WARNING] app.modules.filter.flow:110 - 新闻女王2 | https://pan.baidu.com/s/1yrA4BS0V63ZprAC_lq_ZmA?pwd=8os3 更新超出容忍范围,被跳过: 26 > 21 + 2
2025-11-21 12:30:10 [INFO] app.modules.filter.services.regex_target_link_filter:50 - 匹配成功: link_title="新闻女王2 新聞女王Ⅱ /新闻女王 第二季(2025) 【佘诗曼/黄宗泽/剧情】【4K国粤双语 更新EP20】【附第一季】描述：　又名: 新闻女王 第二季 / 新闻女王 续篇 / The Queen of NEWS Ⅱ 　半年间，SNK剧变，总监余英飞离职、门外汉古肇华空降。张家妍虽掌权却难服众。刘艳的公开平台崛起，动摇传统媒体地位，连已入官场的许诗晴亦被卷入新旧媒体的角力。文慧心于此时复出，昭告世人：新闻女王的地位永远不可撼动！" movie_title_season="新闻女王2" pattern="^新闻女王2.*"
2025-11-21 12:30:10 [INFO] app.modules.filter.services.target_episode_filter_service:137 - 开始处理链接：--- 新闻女王2 新聞女王Ⅱ /新闻女王 第二季(2025) 【佘诗曼/黄宗泽/剧情】【4K国粤双语 更新EP20】【附第一季】描述：　又名: 新闻女王 第二季 / 新闻女王 续篇 / The Queen of NEWS Ⅱ 　半年间，SNK剧变，总监余英飞离职、门外汉古肇华空降。张家妍虽掌权却难服众。刘艳的公开平台崛起，动摇传统媒体地位，连已入官场的许诗晴亦被卷入新旧媒体的角力。文慧心于此时复出，昭告世人：新闻女王的地位永远不可撼动！ https://pan.baidu.com/s/1Vcdm__K4NEgXQpU-4Xhj5A?pwd=8888
2025-11-21 12:30:12 [INFO] app.modules.filter.services.regex_target_link_filter:50 - 匹配成功: link_title="🗄 新闻女王/新闻女王2(2025)【更20集】【4K.普码】【国粤双语】【内嵌简中】【附第一季】" movie_title_season="新闻女王2" pattern=".*新闻女王2[(（]20\d{2}[）)]"
2025-11-21 12:30:12 [INFO] app.modules.filter.services.target_episode_filter_service:137 - 开始处理链接：--- 🗄 新闻女王/新闻女王2(2025)【更20集】【4K.普码】【国粤双语】【内嵌简中】【附第一季】 https://pan.baidu.com/s/1NaKehOngqlT5iBvENHI2rw?pwd=Yu66
2025-11-21 12:30:14 [INFO] app.modules.filter.services.target_episode_filter_service:128 - 最终选择 48 个文件来覆盖新剧集: ['The QUEEN of News S02E20 - 第 20 集 - 2160p WEB-DL H265 AAC 2Audio.mkv', 'The QUEEN of News S02E19 - 第 19 集 - 2160p WEB-DL H265 AAC 2Audio.mkv', 'The QUEEN of News S02E18 - 第 18 集 - 2160p WEB-DL H265 AAC 2Audio.mkv', 'The QUEEN of News S02E17 - 第 17 集 - 2160p WEB-DL H265 AAC 2Audio.mkv', 'The QUEEN of News S02E16 - 第 16 集 - 2160p WEB-DL H265 AAC 2Audio.mkv', 'The QUEEN of News S02E15 - 第 15 集 - 2160p WEB-DL H265 AAC 2Audio.mkv', 'The QUEEN of News S02E14 - 第 14 集 - 2160p WEB-DL H265 AAC 2Audio.mkv', 'The QUEEN of News S02E13 - 第 13 集 - 2160p WEB-DL H265 AAC 2Audio.mkv', 'The QUEEN of News S02E12 - 第 12 集 - 2160p WEB-DL H265 AAC 2Audio.mkv', 'The QUEEN of News S02E11 - 第 11 集 - 2160p WEB-DL H265 AAC 2Audio.mkv', 'The QUEEN of News S02E10 - 第 10 集 - 2160p WEB-DL H265 AAC 2Audio.mkv', 'The QUEEN of News S02E09 - 第 9 集 - 2160p WEB-DL H265 AAC 2Audio.mkv', 'The QUEEN of News S02E08 - 第 8 集 - 2160p WEB-DL H265 AAC 2Audio.mkv', 'The QUEEN of News S02E07 - 第 7 集 - 2160p WEB-DL H265 AAC 2Audio.mkv', 'The QUEEN of News S02E06 - 第 6 集 - 2160p WEB-DL H265 AAC 2Audio.mkv', 'The QUEEN of News S02E05 - 第 5 集 - 2160p WEB-DL H265 AAC 2Audio.mkv', 'The QUEEN of News S02E04 - 第 4 集 - 2160p WEB-DL H265 AAC 2Audio.mkv', 'The QUEEN of News S02E03 - 第 3 集 - 2160p WEB-DL H265 AAC 2Audio.mkv', 'The QUEEN of News S02E02 - 第 2 集 - 2160p WEB-DL H265 AAC 2Audio.mkv', 'The QUEEN of News S02E01 - 第 1 集 - 2160p WEB-DL H265 AAC 2Audio.mkv', 'The QUEEN of News S01E26 - 第 26 集 - 2160p WEB-DL HQ H265 10bit AAC.mp4', 'The QUEEN of News S01E25 - 第 25 集 - 2160p WEB-DL HQ H265 10bit AAC.mp4', 'The QUEEN of News S01E24 - 第 24 集 - 2160p WEB-DL HQ H265 10bit AAC.mp4', 'The QUEEN of News S01E23 - 第 23 集 - 2160p WEB-DL HQ H265 10bit AAC.mp4', 'The QUEEN of News S01E22 - 第 22 集 - 2160p WEB-DL HQ H265 10bit AAC.mp4', 'The QUEEN of News S01E21 - 第 21 集 - 2160p WEB-DL HQ H265 10bit AAC.mp4', 'The QUEEN of News S01E20 - 第 20 集 - 2160p WEB-DL HQ H265 10bit AAC.mp4', 'The QUEEN of News S01E19 - 第 19 集 - 2160p WEB-DL HQ H265 10bit AAC.mp4', 'The QUEEN of News S01E18 - 第 18 集 - 2160p WEB-DL HQ H265 10bit AAC.mp4', 'The QUEEN of News S01E17 - 第 17 集 - 2160p WEB-DL HQ H265 10bit AAC.mp4', 'The QUEEN of News S01E16 - 第 16 集 - 2160p WEB-DL HQ H265 10bit AAC.mp4', 'The QUEEN of News S01E15 - 第 15 集 - 2160p WEB-DL HQ H265 10bit AAC.mp4', 'The QUEEN of News S01E14 - 第 14 集 - 2160p WEB-DL HQ H265 10bit AAC.mp4', 'The QUEEN of News S01E13 - 第 13 集 - 2160p WEB-DL HQ H265 10bit AAC.mp4', 'The QUEEN of News S01E12 - 第 12 集 - 2160p WEB-DL HQ H265 10bit AAC.mp4', 'The QUEEN of News S01E11 - 第 11 集 - 2160p WEB-DL HQ H265 10bit AAC.mp4', 'The QUEEN of News S01E10 - 第 10 集 - 2160p WEB-DL HQ H265 10bit AAC.mp4', 'The QUEEN of News S01E09 - 第 9 集 - 2160p WEB-DL HQ H265 10bit AAC.mp4', 'The QUEEN of News S01E08 - 第 8 集 - 2160p WEB-DL HQ H265 10bit AAC.mp4', 'The QUEEN of News S01E07 - 第 7 集 - 2160p WEB-DL HQ H265 10bit AAC.mp4', 'The QUEEN of News S01E06 - 第 6 集 - 2160p WEB-DL HQ H265 10bit AAC.mp4', 'The QUEEN of News S01E05 - 第 5 集 - 2160p WEB-DL HQ H265 10bit AAC.mp4', 'The QUEEN of News S01E04 - 第 4 集 - 2160p WEB-DL HQ H265 10bit AAC.mp4', 'The QUEEN of News S01E03 - 第 3 集 - 2160p WEB-DL HQ H265 10bit AAC.mp4', 'The QUEEN of News S01E02 - 第 2 集 - 2160p WEB-DL HQ H265 10bit AAC.mp4', 'The QUEEN of News S01E01 - 第 1 集 - 2160p WEB-DL HQ H265 10bit AAC.mp4', 'season02-poster.jpg', 'season01-poster.jpg']
2025-11-21 12:30:14 [INFO] app.modules.filter.services.target_episode_filter_service:141 - 获取到目标剧集组合，来自链接：https://pan.baidu.com/s/1NaKehOngqlT5iBvENHI2rw?pwd=Yu66
2025-11-21 12:30:14 [WARNING] app.modules.filter.flow:110 - 新闻女王2 | https://pan.baidu.com/s/1NaKehOngqlT5iBvENHI2rw?pwd=Yu66 更新超出容忍范围,被跳过: 26 > 21 + 2
2025-11-21 12:30:15 [INFO] app.modules.filter.services.regex_target_link_filter:50 - 匹配成功: link_title="新闻女王2 (2025) 第1-20集【4K/60fps 国粤双语音频 无广告无台标 佘诗曼/黄宗泽】描述：半年间，SNK剧变，总监余英飞离职、门外汉古肇华空降。张家妍虽掌权却难服众。刘艳的公开平台崛起，动摇传统媒体地位，连已入官场的许诗晴亦被卷入新旧媒体的角力。文慧心于此时复出，昭告世人：新闻女王的地位永远不可撼动！" movie_title_season="新闻女王2" pattern="^新闻女王2.*"
2025-11-21 12:30:15 [INFO] app.modules.filter.services.target_episode_filter_service:137 - 开始处理链接：--- 新闻女王2 (2025) 第1-20集【4K/60fps 国粤双语音频 无广告无台标 佘诗曼/黄宗泽】描述：半年间，SNK剧变，总监余英飞离职、门外汉古肇华空降。张家妍虽掌权却难服众。刘艳的公开平台崛起，动摇传统媒体地位，连已入官场的许诗晴亦被卷入新旧媒体的角力。文慧心于此时复出，昭告世人：新闻女王的地位永远不可撼动！ https://pan.baidu.com/s/1ofJfRMJx1ZO_SZXe-EO_TA?pwd=gff3
2025-11-21 12:30:16 [INFO] app.modules.filter.services.regex_target_link_filter:50 - 匹配成功: link_title="新闻女王2 新聞女王Ⅱ (2025) [WEB-4K] [国粤双语] [内嵌简中] [更至20集]" movie_title_season="新闻女王2" pattern="^新闻女王2.*"
2025-11-21 12:30:16 [INFO] app.modules.filter.services.target_episode_filter_service:137 - 开始处理链接：--- 新闻女王2 新聞女王Ⅱ (2025) [WEB-4K] [国粤双语] [内嵌简中] [更至20集] https://pan.baidu.com/s/16DhKxxMY51_SOWgdkw6z3Q?pwd=1111
2025-11-21 12:30:17 [INFO] app.modules.filter.services.target_episode_filter_service:128 - 最终选择 20 个文件来覆盖新剧集: ['XWNWSSM2-20.mkv', 'XWNWSSM2-19.mkv', 'XWNWSSM2-18.mkv', 'XWNWSSM2-17.mkv', 'XWNWSSM2-16.mkv', 'XWNWSSM2-15.mkv', 'XWNWSSM2-14.mkv', 'XWNWSSM2-13.mkv', 'XWNWSSM2-12.mkv', 'XWNWSSM2-11.mkv', 'XWNWSSM2-10.mkv', 'XWNWSSM2-09.mkv', 'XWNWSSM2-08.mkv', 'XWNWSSM2-07.mkv', 'XWNWSSM2-06.mkv', 'XWNWSSM2-05.mkv', 'XWNWSSM2-04.mkv', 'XWNWSSM2-03.mkv', 'XWNWSSM2-02.mkv', 'XWNWSSM2-01.mkv']
2025-11-21 12:30:17 [INFO] app.modules.filter.services.target_episode_filter_service:141 - 获取到目标剧集组合，来自链接：https://pan.baidu.com/s/16DhKxxMY51_SOWgdkw6z3Q?pwd=1111
2025-11-21 12:30:17 [INFO] app.modules.filter.flow:128 - 新闻女王2 | https://pan.baidu.com/s/16DhKxxMY51_SOWgdkw6z3Q?pwd=1111 作为备选（更新至 20/21）
2025-11-21 12:30:17 [INFO] app.modules.filter.services.regex_target_link_filter:50 - 匹配成功: link_title="新闻女王2 更新至20集 4K SDR 60帧 高码率" movie_title_season="新闻女王2" pattern="^新闻女王2.*"
2025-11-21 12:30:17 [INFO] app.modules.filter.services.target_episode_filter_service:137 - 开始处理链接：--- 新闻女王2 更新至20集 4K SDR 60帧 高码率 https://pan.baidu.com/s/1eVAyoS6DVjaKO0Ng_XrO-A?pwd=4v7b
2025-11-21 12:30:18 [INFO] app.modules.filter.services.target_episode_filter_service:128 - 最终选择 20 个文件来覆盖新剧集: ['The.Queen.of.NEWS.S02E20.2025.2160p.HQ.WEB-DL.60fps.H.265.AAC.2Audio.mp4', 'The.Queen.of.NEWS.S02E19.2025.2160p.HQ.WEB-DL.60fps.H.265.AAC.2Audio.mp4', 'The.Queen.of.NEWS.S02E18.2025.2160p.HQ.WEB-DL.60fps.H.265.AAC.2Audio.mp4', 'The.Queen.of.NEWS.S02E17.2025.2160p.HQ.WEB-DL.60fps.H.265.AAC.2Audio.mp4', 'The.Queen.of.NEWS.S02E16.2025.2160p.HQ.WEB-DL.60fps.H.265.AAC.2Audio.mp4', 'The.Queen.of.NEWS.S02E15.2025.2160p.HQ.WEB-DL.60fps.H.265.AAC.2Audio.mp4', 'The.Queen.of.NEWS.S02E14.2025.2160p.HQ.WEB-DL.60fps.H.265.AAC.2Audio.mp4', 'The.Queen.of.NEWS.S02E13.2025.2160p.HQ.WEB-DL.60fps.H.265.AAC.2Audio.mp4', 'The.Queen.of.NEWS.S02E12.2025.2160p.HQ.WEB-DL.60fps.H.265.AAC.2Audio.mp4', 'The.Queen.of.NEWS.S02E11.2025.2160p.HQ.WEB-DL.60fps.H.265.AAC.2Audio.mp4', 'The.Queen.of.NEWS.S02E10.2025.2160p.HQ.WEB-DL.60fps.H.265.AAC.2Audio.mp4', 'The.Queen.of.NEWS.S02E09.2025.2160p.HQ.WEB-DL.60fps.H.265.AAC.2Audio.mp4', 'The.Queen.of.NEWS.S02E08.2025.2160p.HQ.WEB-DL.60fps.H.265.AAC.2Audio.mp4', 'The.Queen.of.NEWS.S02E07.2025.2160p.HQ.WEB-DL.60fps.H.265.AAC.2Audio.mp4', 'The.Queen.of.NEWS.S02E06.2025.2160p.HQ.WEB-DL.60fps.H.265.AAC.2Audio.mp4', 'The.Queen.of.NEWS.S02E05.2025.2160p.HQ.WEB-DL.60fps.H.265.AAC.2Audio.mp4', 'The.Queen.of.NEWS.S02E04.2025.2160p.HQ.WEB-DL.60fps.H.265.AAC.2Audio.mp4', 'The.Queen.of.NEWS.S02E03.2025.2160p.HQ.WEB-DL.60fps.H.265.AAC.2Audio.mp4', 'The.Queen.of.NEWS.S02E02.2025.2160p.HQ.WEB-DL.60fps.H.265.AAC.2Audio.mp4', 'The.Queen.of.NEWS.S02E01.2025.2160p.HQ.WEB-DL.60fps.H.265.AAC.2Audio.mp4']
2025-11-21 12:30:18 [INFO] app.modules.filter.services.target_episode_filter_service:141 - 获取到目标剧集组合，来自链接：https://pan.baidu.com/s/1eVAyoS6DVjaKO0Ng_XrO-A?pwd=4v7b
2025-11-21 12:30:18 [INFO] app.modules.filter.flow:138 - 新闻女王2 | https://pan.baidu.com/s/1eVAyoS6DVjaKO0Ng_XrO-A?pwd=4v7b 跳过（更新至 20，比备选https://pan.baidu.com/s/16DhKxxMY51_SOWgdkw6z3Q?pwd=1111 | 20 更少）
2025-11-21 12:30:19 [INFO] app.modules.filter.services.regex_target_link_filter:50 - 匹配成功: link_title="新闻女王2 / 新闻女王 第二季 (2025) 4K SDR 60帧 国粤双语【更新EP20】" movie_title_season="新闻女王2" pattern="^新闻女王2.*"
2025-11-21 12:30:19 [INFO] app.modules.filter.services.target_episode_filter_service:137 - 开始处理链接：--- 新闻女王2 / 新闻女王 第二季 (2025) 4K SDR 60帧 国粤双语【更新EP20】 https://pan.baidu.com/s/1fUg32YaLBafMwPYeCmIB7g?pwd=yyds
2025-11-21 12:30:19 [INFO] telethon.client.updates:443 - Got difference for channel 1084638970 updates
2025-11-21 12:30:20 [INFO] telethon.client.updates:443 - Got difference for channel 1688099294 updates
2025-11-21 12:30:20 [INFO] telethon.client.updates:443 - Got difference for channel 1669747816 updates
2025-11-21 12:30:21 [INFO] app.modules.filter.services.target_episode_filter_service:128 - 最终选择 46 个文件来覆盖新剧集: ['S01E26.mp4', 'S01E25.mp4', 'S01E24.mp4', 'S01E23.mp4', 'S01E22.mp4', 'S01E21.mp4', 'S01E20.mp4', 'S01E19.mp4', 'S01E18.mp4', 'S01E17.mp4', 'S01E16.mp4', 'S01E15.mp4', 'S01E14.mp4', 'S01E13.mp4', 'S01E12.mp4', 'S01E11.mp4', 'S01E10.mp4', 'S01E09.mp4', 'S01E08.mp4', 'S01E07.mp4', 'S01E06.mp4', 'S01E05.mp4', 'S01E04.mp4', 'S01E03.mp4', 'S01E02.mp4', 'S01E01.mp4', 'S02E08.2025.2160p.WEB-DL.AAC.H.265.mkv', 'S02E07.2025.2160p.WEB-DL.AAC.H.265.mkv', 'S01E20.2025.2160p.60fps.WEB-DL.H265.AAC.2Audios.mkv', 'S01E19.2025.2160p.60fps.WEB-DL.H265.AAC.2Audio.mp4', 'S01E18.2025.2160p.60fps.WEB-DL.H265.AAC.2Audio.mkv', 'S01E17.2025.2160p.60fps.WEB-DL.H265.AAC.2Audios.mp4', 'S01E16.2025.2160p.60fps.WEB-DL.H265.AAC.2Audios.mp4', 'S01E15.2025.2160p.60fps.WEB-DL.H265.AAC.2Audios.mp4', 'S01E14.2025.2160p.60fps.WEB-DL.H265.AAC.2Audios.mkv', 'S01E13.2025.2160p.60fps.WEB-DL.H265.AAC.2Audios.mkv', 'S01E12.2025.2160p.60fps.WEB-DL.H265.AAC.2Audios.mkv', 'S01E11.2025.2160p.60fps.WEB-DL.H265.AAC.2Audios.mkv', 'S01E10.2025.2160p.60fps.WEB-DL.H265.AAC.2Audios.mkv', 'S01E09.2025.2160p.60fps.WEB-DL.H265.AAC.2Audios.mkv', 'S01E06.2025.2160p.60fps.WEB-DL.H265.AAC.2Audios.mkv', 'S01E05.2025.2160p.60fps.WEB-DL.H265.AAC.2Audios.mkv', 'S01E04.2025.2160p.60fps.WEB-DL.H265.AAC.2Audios.mkv', 'S01E03.2025.2160p.60fps.WEB-DL.H265.AAC.2Audios.mkv', 'S01E02.2025.2160p.60fps.WEB-DL.H265.AAC.2Audios.mkv', 'S01E01.2025.2160p.60fps.WEB-DL.H265.AAC.2Audios.mkv']
2025-11-21 12:30:21 [INFO] app.modules.filter.services.target_episode_filter_service:141 - 获取到目标剧集组合，来自链接：https://pan.baidu.com/s/1fUg32YaLBafMwPYeCmIB7g?pwd=yyds
2025-11-21 12:30:21 [WARNING] app.modules.filter.flow:110 - 新闻女王2 | https://pan.baidu.com/s/1fUg32YaLBafMwPYeCmIB7g?pwd=yyds 更新超出容忍范围,被跳过: 26 > 21 + 2
2025-11-21 12:30:21 [INFO] telethon.client.updates:443 - Got difference for channel 1580372425 updates
2025-11-21 12:30:21 [INFO] app.modules.filter.services.regex_target_link_filter:50 - 匹配成功: link_title="资源标题：新闻女王2 (2025)剧情 国粤双语 4KHQ60FPS 更新20集" movie_title_season="新闻女王2" pattern=".*[:：]新闻女王2.*"
2025-11-21 12:30:21 [INFO] app.modules.filter.services.target_episode_filter_service:137 - 开始处理链接：--- 资源标题：新闻女王2 (2025)剧情 国粤双语 4KHQ60FPS 更新20集 https://pan.baidu.com/s/1BJ8alZy-5bD9IaoIWPXppw?pwd=6666
2025-11-21 12:30:23 [INFO] app.modules.filter.services.target_episode_filter_service:128 - 最终选择 40 个文件来覆盖新剧集: ['X.W.N.W.2.2025.S02E20.2160p.HQ.60fps.WEB-DL.H265.10bit.HDR10.AAC-GyWEB.mp4', 'X.W.N.W.2.2025.S02E19.2160p.HQ.60fps.WEB-DL.H265.10bit.HDR10.AAC-GyWEB.mp4', 'X.W.N.W.2.2025.S02E18.2160p.HQ.60fps.WEB-DL.H265.10bit.HDR10.AAC-GyWEB.mp4', 'X.W.N.W.2.2025.S02E17.2160p.HQ.60fps.WEB-DL.H265.10bit.HDR10.AAC-GyWEB.mp4', 'X.W.N.W.2.2025.S02E16.2160p.HQ.60fps.WEB-DL.H265.10bit.HDR10.AAC-GyWEB.mp4', 'X.W.N.W.2.2025.S02E15.2160p.HQ.60fps.WEB-DL.H265.10bit.HDR10.AAC-GyWEB.mp4', 'X.W.N.W.2.2025.S02E14.2160p.HQ.60fps.WEB-DL.H265.10bit.HDR10.AAC-GyWEB.mp4', 'X.W.N.W.2.2025.S02E13.2160p.HQ.60fps.WEB-DL.H265.10bit.HDR10.AAC-GyWEB.mp4', 'X.W.N.W.2.2025.S02E12.2160p.HQ.60fps.WEB-DL.H265.10bit.HDR10.AAC-GyWEB.mp4', 'X.W.N.W.2.2025.S02E11.2160p.HQ.60fps.WEB-DL.H265.10bit.HDR10.AAC-GyWEB.mp4', 'X.W.N.W.2.2025.S02E10.2160p.HQ.60fps.WEB-DL.H265.10bit.HDR10.AAC-GyWEB.mp4', 'X.W.N.W.2.2025.S02E09.2160p.HQ.60fps.WEB-DL.H265.10bit.HDR10.AAC-GyWEB.mp4', 'X.W.N.W.2.2025.S02E08.2160p.HQ.60fps.WEB-DL.H265.10bit.HDR10.AAC-GyWEB.mp4', 'X.W.N.W.2.2025.S02E07.2160p.HQ.60fps.WEB-DL.H265.10bit.HDR10.AAC-GyWEB.mp4', 'X.W.N.W.2.2025.S02E06.2160p.HQ.60fps.WEB-DL.H265.10bit.HDR10.AAC-GyWEB.mp4', 'X.W.N.W.2.2025.S02E05.2160p.HQ.60fps.WEB-DL.H265.10bit.HDR10.AAC-GyWEB.mp4', 'X.W.N.W.2.2025.S02E04.2160p.HQ.60fps.WEB-DL.H265.10bit.HDR10.AAC-GyWEB.mp4', 'X.W.N.W.2.2025.S02E03.2160p.HQ.60fps.WEB-DL.H265.10bit.HDR10.AAC-GyWEB.mp4', 'X.W.N.W.2.2025.S02E02.2160p.HQ.60fps.WEB-DL.H265.10bit.HDR10.AAC-GyWEB.mp4', 'X.W.N.W.2.2025.S02E01.2160p.HQ.60fps.WEB-DL.H265.10bit.HDR10.AAC-GyWEB.mp4', 'X.W.N.W.2.2025.S02E20.2160p.60fps.WEB-DL.H265.10bit.AAC-GyWEB.mp4', 'X.W.N.W.2.2025.S02E19.2160p.60fps.WEB-DL.H265.10bit.AAC-GyWEB.mp4', 'X.W.N.W.2.2025.S02E18.2160p.60fps.WEB-DL.H265.10bit.AAC-GyWEB.mp4', 'X.W.N.W.2.2025.S02E17.2160p.60fps.WEB-DL.H265.10bit.AAC-GyWEB.mp4', 'X.W.N.W.2.2025.S02E16.2160p.60fps.WEB-DL.H265.10bit.AAC-GyWEB.mp4', 'X.W.N.W.2.2025.S02E15.2160p.60fps.WEB-DL.H265.10bit.AAC-GyWEB.mp4', 'X.W.N.W.2.2025.S02E14.2160p.60fps.WEB-DL.H265.10bit.AAC-GyWEB.mp4', 'X.W.N.W.2.2025.S02E13.2160p.60fps.WEB-DL.H265.10bit.AAC-GyWEB.mp4', 'X.W.N.W.2.2025.S02E12.2160p.60fps.WEB-DL.H265.10bit.AAC-GyWEB.mp4', 'X.W.N.W.2.2025.S02E11.2160p.60fps.WEB-DL.H265.10bit.AAC-GyWEB.mp4', 'X.W.N.W.2.2025.S02E10.2160p.60fps.WEB-DL.H265.10bit.AAC-GyWEB.mp4', 'X.W.N.W.2.2025.S02E09.2160p.60fps.WEB-DL.H265.10bit.AAC-GyWEB.mp4', 'X.W.N.W.2.2025.S02E08.2160p.60fps.WEB-DL.H265.10bit.AAC-GyWEB.mp4', 'X.W.N.W.2.2025.S02E07.2160p.60fps.WEB-DL.H265.10bit.AAC-GyWEB.mp4', 'X.W.N.W.2.2025.S02E06.2160p.60fps.WEB-DL.H265.10bit.AAC-GyWEB.mp4', 'X.W.N.W.2.2025.S02E05.2160p.60fps.WEB-DL.H265.10bit.AAC-GyWEB.mp4', 'X.W.N.W.2.2025.S02E04.2160p.60fps.WEB-DL.H265.10bit.AAC-GyWEB.mp4', 'X.W.N.W.2.2025.S02E03.2160p.60fps.WEB-DL.H265.10bit.AAC-GyWEB.mp4', 'X.W.N.W.2.2025.S02E02.2160p.60fps.WEB-DL.H265.10bit.AAC-GyWEB.mp4', 'X.W.N.W.2.2025.S02E01.2160p.60fps.WEB-DL.H265.10bit.AAC-GyWEB.mp4']
2025-11-21 12:30:23 [INFO] app.modules.filter.services.target_episode_filter_service:141 - 获取到目标剧集组合，来自链接：https://pan.baidu.com/s/1BJ8alZy-5bD9IaoIWPXppw?pwd=6666
2025-11-21 12:30:23 [INFO] app.modules.filter.flow:138 - 新闻女王2 | https://pan.baidu.com/s/1BJ8alZy-5bD9IaoIWPXppw?pwd=6666 跳过（更新至 20，比备选https://pan.baidu.com/s/16DhKxxMY51_SOWgdkw6z3Q?pwd=1111 | 20 更少）
2025-11-21 12:30:24 [INFO] app.modules.filter.services.regex_target_link_filter:50 - 匹配成功: link_title="新闻女王2 / 新闻女王 第二季 (2025) 4K HQ DV 60FPS 高码率 [SDR.60fps] [国粤双语] [更新20集]" movie_title_season="新闻女王2" pattern="^新闻女王2.*"
2025-11-21 12:30:24 [INFO] app.modules.filter.services.target_episode_filter_service:137 - 开始处理链接：--- 新闻女王2 / 新闻女王 第二季 (2025) 4K HQ DV 60FPS 高码率 [SDR.60fps] [国粤双语] [更新20集] https://pan.baidu.com/s/15y6XJHJ7OvJWtp66ezeefA?pwd=2kp3
2025-11-21 12:30:25 [INFO] app.modules.filter.services.target_episode_filter_service:128 - 最终选择 25 个文件来覆盖新剧集: ['S02E20.2160p.HQ.WEB-DL.DV.60fps.H.265.10bit.AAC.2Audios.mkv', 'S02E19.2160p.HQ.WEB-DL.DV.60fps.H.265.10bit.AAC.2Audios.mkv', 'S02E18.2160p.HQ.WEB-DL.DV.60fps.H.265.10bit.AAC.2Audios.mkv', 'S02E17.2160p.HQ.WEB-DL.DV.60fps.H.265.10bit.AAC.2Audios.mkv', 'S02E16.2160p.HQ.WEB-DL.DV.60fps.H.265.10bit.AAC.2Audios.mkv', 'S02E20.2025.2160p.60fps.WEB-DL.H.265.10bit.AAC.2Audios.mp4', 'S02E19.2025.2160p.60fps.WEB-DL.H.265.10bit.AAC.2Audios.mp4', 'S02E18.2025.2160p.60fps.WEB-DL.H.265.10bit.AAC.2Audios.mp4', 'S02E17.2025.2160p.60fps.WEB-DL.H.265.10bit.AAC.2Audios.mp4', 'S02E16.2025.2160p.60fps.WEB-DL.H.265.10bit.AAC.2Audios.mp4', 'S02E15.2025.2160p.60fps.WEB-DL.H.265.10bit.AAC.2Audios.mp4', 'S02E14.2025.2160p.60fps.WEB-DL.H.265.10bit.AAC.2Audios.mp4', 'S02E13.2025.2160p.60fps.WEB-DL.H.265.10bit.AAC.2Audios.mp4', 'S02E12.2025.2160p.60fps.WEB-DL.H.265.10bit.AAC.2Audios.mp4', 'S02E11.2025.2160p.60fps.WEB-DL.H.265.10bit.AAC.2Audios.mp4', 'S02E10.2025.2160p.60fps.WEB-DL.H.265.10bit.AAC.2Audios.mp4', 'S02E09.2025.2160p.60fps.WEB-DL.H.265.10bit.AAC.2Audios.mp4', 'S02E08.2025.2160p.60fps.WEB-DL.H.265.10bit.AAC.2Audios.mp4', 'S02E07.2025.2160p.60fps.WEB-DL.H.265.10bit.AAC.2Audios.mp4', 'S02E06.2025.2160p.60fps.WEB-DL.H.265.10bit.AAC.2Audios.mp4', 'S02E05.2025.2160p.60fps.WEB-DL.H.265.10bit.AAC.2Audios.mp4', 'S02E04.2025.2160p.60fps.WEB-DL.H.265.10bit.AAC.2Audios.mp4', 'S02E03.2025.2160p.60fps.WEB-DL.H.265.10bit.AAC.2Audios.mp4', 'S02E02.2025.2160p.60fps.WEB-DL.H.265.10bit.AAC.2Audios.mp4', 'S02E01.2025.2160p.60fps.WEB-DL.H.265.10bit.AAC.2Audios.mp4']
2025-11-21 12:30:25 [INFO] app.modules.filter.services.target_episode_filter_service:141 - 获取到目标剧集组合，来自链接：https://pan.baidu.com/s/15y6XJHJ7OvJWtp66ezeefA?pwd=2kp3
2025-11-21 12:30:25 [INFO] app.modules.filter.flow:138 - 新闻女王2 | https://pan.baidu.com/s/15y6XJHJ7OvJWtp66ezeefA?pwd=2kp3 跳过（更新至 20，比备选https://pan.baidu.com/s/16DhKxxMY51_SOWgdkw6z3Q?pwd=1111 | 20 更少）
2025-11-21 12:30:25 [INFO] app.modules.filter.flow:158 - 新闻女王2分享链接遍历完成，无可用分享链接
2025-11-21 12:30:25 [INFO] app.modules.storage_operations.services.save_episodes_to_cloud:44 - 未筛选到适合['mkv', 'mp4', 'avi', 'mov', 'm4v', 'wmv', 'flv', 'torrent', 'srt', 'ass', 'sub', 'mp3', 'aac', 'zip']的链接
2025-11-21 12:30:29 [INFO] app.modules.filter.services.regex_target_link_filter:50 - 匹配成功: link_title="勿扰飞升 4K[臻彩]" movie_title_season="勿扰飞升" pattern="^勿扰飞升.*"
2025-11-21 12:30:29 [INFO] app.modules.filter.services.target_episode_filter_service:137 - 开始处理链接：--- 勿扰飞升 4K[臻彩] https://pan.quark.cn/s/c95b84316aeb
2025-11-21 12:30:30 [INFO] app.modules.filter.services.regex_target_link_filter:50 - 匹配成功: link_title="勿扰飞升" movie_title_season="勿扰飞升" pattern="^勿扰飞升.*"
2025-11-21 12:30:30 [INFO] app.modules.filter.services.target_episode_filter_service:137 - 开始处理链接：--- 勿扰飞升 https://pan.quark.cn/s/ac810cf770ef
2025-11-21 12:30:30 [INFO] app.modules.filter.services.target_episode_filter_service:128 - 最终选择 32 个文件来覆盖新剧集: ['S01E16.2025.2160p.WEB-DL.H265.10bit.60fps.HIFI2.0.&AAC5.1.4Audios.mkv', 'S01E15.2025.2160p.WEB-DL.H265.10bit.60fps.HIFI2.0.&AAC5.1.4Audios.mkv', 'S01E14.2025.2160p.WEB-DL.H265.10bit.60fps.HIFI2.0.&AAC5.1.4Audios.mkv', 'S01E13.2025.2160p.WEB-DL.H265.10bit.60fps.HIFI2.0.&AAC5.1.4Audios.mkv', 'S01E12.2025.2160p.WEB-DL.H265.10bit.60fps.HIFI2.0.&AAC5.1.4Audios.mkv', 'S01E11.2025.2160p.WEB-DL.H265.10bit.60fps.HIFI2.0.&AAC5.1.4Audios.mkv', 'S01E10.2025.2160p.WEB-DL.H265.10bit.60fps.HIFI2.0.&AAC5.1.4Audios.mkv', 'S01E09.2025.2160p.WEB-DL.H265.10bit.60fps.HIFI2.0.&AAC5.1.4Audios.mkv', 'S01E08.2025.2160p.WEB-DL.H265.10bit.60fps.HIFI2.0.&AAC5.1.4Audios.mkv', 'S01E07.2025.2160p.WEB-DL.H265.10bit.60fps.HIFI2.0.&AAC5.1.4Audios.mkv', 'S01E06.2025.2160p.WEB-DL.H265.10bit.60fps.HIFI2.0.&AAC5.1.4Audios.mkv', 'S01E05.2025.2160p.WEB-DL.H265.10bit.60fps.HIFI2.0.&AAC5.1.4Audios.mkv', 'S01E04.2025.2160p.WEB-DL.H265.10bit.60fps.HIFI2.0.&AAC5.1.4Audios.mkv', 'S01E03.2025.2160p.WEB-DL.H265.10bit.60fps.HIFI2.0.&AAC5.1.4Audios.mkv', 'S01E02.2025.2160p.WEB-DL.H265.10bit.60fps.HIFI2.0.&AAC5.1.4Audios.mkv', 'S01E01.2025.2160p.WEB-DL.H265.10bit.60fps.HIFI2.0.&AAC5.1.4Audios.mkv', 'S01E16.2025.2160p.60fps.WEB-DL.H265.10bit.AAC.mp4', 'S01E15.2025.2160p.60fps.WEB-DL.H265.10bit.AAC.mp4', 'S01E14.2025.2160p.60fps.WEB-DL.H265.10bit.AAC.mp4', 'S01E13.2025.2160p.60fps.WEB-DL.H265.10bit.AAC.mp4', 'S01E12.2025.2160p.60fps.WEB-DL.H265.10bit.AAC.mp4', 'S01E11.2025.2160p.60fps.WEB-DL.H265.10bit.AAC.mp4', 'S01E10.2025.2160p.60fps.WEB-DL.H265.10bit.AAC.mp4', 'S01E09.2025.2160p.60fps.WEB-DL.H265.10bit.AAC.mp4', 'S01E08.2025.2160p.60fps.WEB-DL.H265.10bit.AAC.mp4', 'S01E07.2025.2160p.60fps.WEB-DL.H265.10bit.AAC.mp4', 'S01E06.2025.2160p.60fps.WEB-DL.H265.10bit.AAC.mp4', 'S01E05.2025.2160p.60fps.WEB-DL.H265.10bit.AAC.mp4', 'S01E04.2025.2160p.60fps.WEB-DL.H265.10bit.AAC.mp4', 'S01E03.2025.2160p.60fps.WEB-DL.H265.10bit.AAC.mp4', 'S01E02.2025.2160p.60fps.WEB-DL.H265.10bit.AAC.mp4', 'S01E01.2025.2160p.60fps.WEB-DL.H265.10bit.AAC.mp4']
2025-11-21 12:30:30 [INFO] app.modules.filter.services.target_episode_filter_service:141 - 获取到目标剧集组合，来自链接：https://pan.quark.cn/s/ac810cf770ef
2025-11-21 12:30:30 [INFO] app.modules.filter.flow:128 - 勿扰飞升 | https://pan.quark.cn/s/ac810cf770ef 作为备选（更新至 16/19）
2025-11-21 12:30:30 [INFO] app.modules.filter.services.regex_target_link_filter:50 - 匹配成功: link_title="勿扰飞升" movie_title_season="勿扰飞升" pattern="^勿扰飞升.*"
2025-11-21 12:30:30 [INFO] app.modules.filter.services.target_episode_filter_service:137 - 开始处理链接：--- 勿扰飞升 https://pan.quark.cn/s/c44537b7846d
2025-11-21 12:30:31 [INFO] app.modules.filter.services.target_episode_filter_service:128 - 最终选择 12 个文件来覆盖新剧集: ['12-4K.高码率.mkv', '11-4K.高码率.mkv', '10-4K.高码率.mkv', '09-4K.高码率.mkv', '08-4K.高码率.mkv', '07-4K.高码率.mkv', '06-4K.高码率.mkv', '05-4K.高码率.mkv', '04-4K.高码率.mkv', '03-4K.高码率.mkv', '02-4K.高码率.mkv', '01-4K.高码率.mkv']
2025-11-21 12:30:31 [INFO] app.modules.filter.services.target_episode_filter_service:141 - 获取到目标剧集组合，来自链接：https://pan.quark.cn/s/c44537b7846d
2025-11-21 12:30:31 [INFO] app.modules.filter.flow:138 - 勿扰飞升 | https://pan.quark.cn/s/c44537b7846d 跳过（更新至 12，比备选https://pan.quark.cn/s/ac810cf770ef | 16 更少）
2025-11-21 12:30:31 [INFO] app.modules.filter.services.regex_target_link_filter:50 - 匹配成功: link_title="勿扰飞升‎ (2025) 4K HDR 高码率 60帧 杜比音效&立体全景声 中文字幕【4.7GB/集】更14集.描述： 改编自月下蝶影小说《勿扰飞升》 一位在凡尘界备受冷遇的亡国公主箜篌，因机缘巧合意外进入修仙世界，开启全员宠女主模式，从师傅师兄到隔壁门派，整个修仙界都对女主宠爱有加，为了吃苦头，磨练心智，箜篌主动走出舒适圈，要求下山闯荡，偶遇了病弱男子桓宗一起升级打怪闯荡修仙界，没想到桓宗竟然就是自己一直痴迷的修仙话本的大大，也是传说中的修仙界天才，箜篌顺利把作者大大拐回了门派当女婿，两人也在一次次的历练中克服了心魔，突破修为，双双成为了一代宗师。." movie_title_season="勿扰飞升" pattern="^勿扰飞升.*"
2025-11-21 12:30:31 [INFO] app.modules.filter.services.target_episode_filter_service:137 - 开始处理链接：--- 勿扰飞升‎ (2025) 4K HDR 高码率 60帧 杜比音效&立体全景声 中文字幕【4.7GB/集】更14集.描述： 改编自月下蝶影小说《勿扰飞升》 一位在凡尘界备受冷遇的亡国公主箜篌，因机缘巧合意外进入修仙世界，开启全员宠女主模式，从师傅师兄到隔壁门派，整个修仙界都对女主宠爱有加，为了吃苦头，磨练心智，箜篌主动走出舒适圈，要求下山闯荡，偶遇了病弱男子桓宗一起升级打怪闯荡修仙界，没想到桓宗竟然就是自己一直痴迷的修仙话本的大大，也是传说中的修仙界天才，箜篌顺利把作者大大拐回了门派当女婿，两人也在一次次的历练中克服了心魔，突破修为，双双成为了一代宗师。. https://pan.quark.cn/s/8ea3b9618153
2025-11-21 12:30:31 [INFO] app.modules.filter.services.regex_target_link_filter:50 - 匹配成功: link_title="勿扰飞升（又名: Flying Without Disturb）【2025国剧】（主演: 李宏毅 / 陆婷玉 ）更新至 第16集 4K SDR 60帧 高码率 [杜比音效&HIFI声&立体环绕声]【单集4G,共72G】纯净版" movie_title_season="勿扰飞升" pattern="^勿扰飞升.*"
2025-11-21 12:30:31 [INFO] app.modules.filter.services.target_episode_filter_service:137 - 开始处理链接：--- 勿扰飞升（又名: Flying Without Disturb）【2025国剧】（主演: 李宏毅 / 陆婷玉 ）更新至 第16集 4K SDR 60帧 高码率 [杜比音效&HIFI声&立体环绕声]【单集4G,共72G】纯净版 https://pan.quark.cn/s/834cbec6d41b
2025-11-21 12:30:32 [INFO] app.modules.filter.services.target_episode_filter_service:128 - 最终选择 16 个文件来覆盖新剧集: ['S01E16.2025.2160p.WEB-DL.H265.10bit.60fps.HIFI2.0.&AAC5.1.4Audios.mkv', 'S01E15.2025.2160p.WEB-DL.H265.10bit.60fps.HIFI2.0.&AAC5.1.4Audios.mkv', 'S01E14.2025.2160p.WEB-DL.H265.10bit.60fps.HIFI2.0.&AAC5.1.4Audios.mkv', 'S01E13.2025.2160p.WEB-DL.H265.10bit.60fps.HIFI2.0.&AAC5.1.4Audios.mkv', 'S01E12.2025.2160p.WEB-DL.H265.10bit.60fps.HIFI2.0.&AAC5.1.4Audios.mkv', 'S01E11.2025.2160p.WEB-DL.H265.10bit.60fps.HIFI2.0.&AAC5.1.4Audios.mkv', 'S01E10.2025.2160p.WEB-DL.H265.10bit.60fps.HIFI2.0.&AAC5.1.4Audios.mkv', 'S01E09.2025.2160p.WEB-DL.H265.10bit.60fps.HIFI2.0.&AAC5.1.4Audios.mkv', 'S01E08.2025.2160p.WEB-DL.H265.10bit.60fps.HIFI2.0.&AAC5.1.4Audios.mkv', 'S01E07.2025.2160p.WEB-DL.H265.10bit.60fps.HIFI2.0.&AAC5.1.4Audios.mkv', 'S01E06.2025.2160p.WEB-DL.H265.10bit.60fps.HIFI2.0.&AAC5.1.4Audios.mkv', 'S01E05.2025.2160p.WEB-DL.H265.10bit.60fps.HIFI2.0.&AAC5.1.4Audios.mkv', 'S01E04.2025.2160p.WEB-DL.H265.10bit.60fps.HIFI2.0.&AAC5.1.4Audios.mkv', 'S01E03.2025.2160p.WEB-DL.H265.10bit.60fps.HIFI2.0.&AAC5.1.4Audios.mkv', 'S01E02.2025.2160p.WEB-DL.H265.10bit.60fps.HIFI2.0.&AAC5.1.4Audios.mkv', 'S01E01.2025.2160p.WEB-DL.H265.10bit.60fps.HIFI2.0.&AAC5.1.4Audios.mkv']
2025-11-21 12:30:32 [INFO] app.modules.filter.services.target_episode_filter_service:141 - 获取到目标剧集组合，来自链接：https://pan.quark.cn/s/834cbec6d41b
2025-11-21 12:30:32 [INFO] app.modules.filter.flow:138 - 勿扰飞升 | https://pan.quark.cn/s/834cbec6d41b 跳过（更新至 16，比备选https://pan.quark.cn/s/ac810cf770ef | 16 更少）
2025-11-21 12:30:32 [INFO] app.modules.filter.services.regex_target_link_filter:50 - 匹配成功: link_title="勿扰飞升 (2025) 4K 臻彩MAX [HDR.Vivid.60fps] [更新16集]描述：改编自月下蝶影小说《勿扰飞升》 一位在凡尘界备受冷遇的亡国公主箜篌，因机缘巧合意外进入修仙世界，开启全员宠女主模式，从师傅师兄到隔壁门派，整个修仙界都对女主宠爱有加，为了吃苦头，磨练心智，箜篌主动走出舒适圈，要求下山闯荡，偶遇了病弱男子桓宗一起升级打怪闯荡修仙界，没想到桓宗竟然就是自己一直痴迷的修仙话本的大大，也是传说中的修仙界天才，箜篌顺利把作者大大拐回了门派当女婿，两人也在一次次的历练中克服了心魔，突破修为，双双成为了一代宗师。夸克：" movie_title_season="勿扰飞升" pattern="^勿扰飞升.*"
2025-11-21 12:30:32 [INFO] app.modules.filter.services.target_episode_filter_service:137 - 开始处理链接：--- 勿扰飞升 (2025) 4K 臻彩MAX [HDR.Vivid.60fps] [更新16集]描述：改编自月下蝶影小说《勿扰飞升》 一位在凡尘界备受冷遇的亡国公主箜篌，因机缘巧合意外进入修仙世界，开启全员宠女主模式，从师傅师兄到隔壁门派，整个修仙界都对女主宠爱有加，为了吃苦头，磨练心智，箜篌主动走出舒适圈，要求下山闯荡，偶遇了病弱男子桓宗一起升级打怪闯荡修仙界，没想到桓宗竟然就是自己一直痴迷的修仙话本的大大，也是传说中的修仙界天才，箜篌顺利把作者大大拐回了门派当女婿，两人也在一次次的历练中克服了心魔，突破修为，双双成为了一代宗师。夸克： https://pan.quark.cn/s/14b05fefd4a8
2025-11-21 12:30:32 [INFO] app.modules.filter.services.target_episode_filter_service:128 - 最终选择 16 个文件来覆盖新剧集: ['S01E16.2025.2160p.60fps.WEB-DL.HDR.Vivid.H.265.10bit.AAC.mp4', 'S01E15.2025.2160p.60fps.WEB-DL.HDR.Vivid.H.265.10bit.AAC.mp4', 'S01E14.2025.2160p.60fps.WEB-DL.HDR.Vivid.H.265.10bit.AAC.mp4', 'S01E13.2025.2160p.60fps.WEB-DL.HDR.Vivid.H.265.10bit.AAC.mp4', 'S01E12.2025.2160p.60fps.WEB-DL.HDR.Vivid.H.265.10bit.AAC.mp4', 'S01E11.2025.2160p.60fps.WEB-DL.HDR.Vivid.H.265.10bit.AAC.mp4', 'S01E10.2025.2160p.60fps.WEB-DL.HDR.Vivid.H.265.10bit.AAC.mp4', 'S01E09.2025.2160p.60fps.WEB-DL.HDR.Vivid.H.265.10bit.AAC.mp4', 'S01E08.2025.2160p.60fps.WEB-DL.HDR.Vivid.H.265.10bit.AAC.mp4', 'S01E07.2025.2160p.60fps.WEB-DL.HDR.Vivid.H.265.10bit.AAC.mp4', 'S01E06.2025.2160p.60fps.WEB-DL.HDR.Vivid.H.265.10bit.AAC.mp4', 'S01E05.2025.2160p.60fps.WEB-DL.HDR.Vivid.H.265.10bit.AAC.mp4', 'S01E04.2025.2160p.60fps.WEB-DL.HDR.Vivid.H.265.10bit.AAC.mp4', 'S01E03.2025.2160p.60fps.WEB-DL.HDR.Vivid.H.265.10bit.AAC.mp4', 'S01E02.2025.2160p.60fps.WEB-DL.HDR.Vivid.H.265.10bit.AAC.mp4', 'S01E01.2025.2160p.60fps.WEB-DL.HDR.Vivid.H.265.10bit.AAC.mp4']
2025-11-21 12:30:32 [INFO] app.modules.filter.services.target_episode_filter_service:141 - 获取到目标剧集组合，来自链接：https://pan.quark.cn/s/14b05fefd4a8
2025-11-21 12:30:32 [INFO] app.modules.filter.flow:138 - 勿扰飞升 | https://pan.quark.cn/s/14b05fefd4a8 跳过（更新至 16，比备选https://pan.quark.cn/s/ac810cf770ef | 16 更少）
2025-11-21 12:30:32 [INFO] app.modules.filter.services.regex_target_link_filter:50 - 匹配成功: link_title="勿扰飞升(2025)【更16集】【4K.HDR】【高码率】【内嵌简中】描述：改编自月下蝶影小说《勿扰飞升》 一位在凡尘界备受冷遇的亡国公主箜篌，因机缘巧合意外进入修仙世界，开启全员宠女主模式，从师傅师兄到隔壁门派" movie_title_season="勿扰飞升" pattern="^勿扰飞升.*"
2025-11-21 12:30:32 [INFO] app.modules.filter.services.target_episode_filter_service:137 - 开始处理链接：--- 勿扰飞升(2025)【更16集】【4K.HDR】【高码率】【内嵌简中】描述：改编自月下蝶影小说《勿扰飞升》 一位在凡尘界备受冷遇的亡国公主箜篌，因机缘巧合意外进入修仙世界，开启全员宠女主模式，从师傅师兄到隔壁门派 https://pan.quark.cn/s/7628a2df4376
2025-11-21 12:30:33 [INFO] app.modules.filter.services.target_episode_filter_service:128 - 最终选择 17 个文件来覆盖新剧集: ['Flying Up Without Disturb S01E16 - 第 16 集 - 2160p WEB-DL HDR H265 AAC.mkv', 'Flying Up Without Disturb S01E15 - 第 15 集 - 2160p WEB-DL HDR H265 AAC.mkv', 'Flying Up Without Disturb S01E14 - 第 14 集 - 2160p WEB-DL HDR H265 AAC.mkv', 'Flying Up Without Disturb S01E13 - 第 13 集 - 2160p WEB-DL HDR H265 AAC.mkv', 'Flying Up Without Disturb S01E12 - 第 12 集 - 2160p WEB-DL HDR H265 AAC.mkv', 'Flying Up Without Disturb S01E11 - 第 11 集 - 2160p WEB-DL HDR H265 AAC.mkv', 'Flying Up Without Disturb S01E10 - 第 10 集 - 2160p WEB-DL HDR H265 AAC.mkv', 'Flying Up Without Disturb S01E09 - 第 9 集 - 2160p WEB-DL HDR H265 AAC.mkv', 'Flying Up Without Disturb S01E09 - 第 9 集 - 2160p WEB-DL H265 10bit AAC.mp4', 'Flying Up Without Disturb S01E08 - 第 8 集 - 2160p WEB-DL HDR H265 AAC.mkv', 'Flying Up Without Disturb S01E07 - 第 7 集 - 2160p WEB-DL HDR H265 AAC.mkv', 'Flying Up Without Disturb S01E06 - 第 6 集 - 2160p WEB-DL HDR H265 AAC.mkv', 'Flying Up Without Disturb S01E05 - 第 5 集 - 2160p WEB-DL HDR H265 AAC.mkv', 'Flying Up Without Disturb S01E04 - 第 4 集 - 2160p WEB-DL HDR H265 AAC.mkv', 'Flying Up Without Disturb S01E03 - 第 3 集 - 2160p WEB-DL HDR H265 AAC.mkv', 'Flying Up Without Disturb S01E02 - 第 2 集 - 2160p WEB-DL HDR H265 AAC.mkv', 'Flying Up Without Disturb S01E01 - 第 1 集 - 2160p WEB-DL HDR H265 AAC.mkv']
2025-11-21 12:30:33 [INFO] app.modules.filter.services.target_episode_filter_service:141 - 获取到目标剧集组合，来自链接：https://pan.quark.cn/s/7628a2df4376
2025-11-21 12:30:33 [INFO] app.modules.filter.flow:138 - 勿扰飞升 | https://pan.quark.cn/s/7628a2df4376 跳过（更新至 16，比备选https://pan.quark.cn/s/ac810cf770ef | 16 更少）
2025-11-21 12:30:33 [INFO] app.modules.filter.services.regex_target_link_filter:50 - 匹配成功: link_title="勿扰飞升（2025）【4K.HDR.60fps】【更12集】【剧情】【李宏毅/陆婷玉】描述：改编自月下蝶影小说《勿扰飞升》 一位在凡尘界备受冷遇的亡国公主箜篌，因机缘巧合意外进入修仙世界，开启全员宠女主模式，从师傅师兄到隔壁门派，整个修仙界都对女主宠爱有加，为了吃苦头，磨练心智，箜篌主动走出舒适圈，要求下山闯荡，偶遇了病弱男子桓宗一起升级打怪闯荡修仙界，没想到桓宗竟然就是自己一直痴迷的修仙话本的大大，也是传说中的修仙界天才，箜篌顺利把作者大大拐回了门派当女婿，两人也在一次次的历练中克服了心魔，突破修为，双双成为了一代宗师。" movie_title_season="勿扰飞升" pattern="^勿扰飞升.*"
2025-11-21 12:30:33 [INFO] app.modules.filter.services.target_episode_filter_service:137 - 开始处理链接：--- 勿扰飞升（2025）【4K.HDR.60fps】【更12集】【剧情】【李宏毅/陆婷玉】描述：改编自月下蝶影小说《勿扰飞升》 一位在凡尘界备受冷遇的亡国公主箜篌，因机缘巧合意外进入修仙世界，开启全员宠女主模式，从师傅师兄到隔壁门派，整个修仙界都对女主宠爱有加，为了吃苦头，磨练心智，箜篌主动走出舒适圈，要求下山闯荡，偶遇了病弱男子桓宗一起升级打怪闯荡修仙界，没想到桓宗竟然就是自己一直痴迷的修仙话本的大大，也是传说中的修仙界天才，箜篌顺利把作者大大拐回了门派当女婿，两人也在一次次的历练中克服了心魔，突破修为，双双成为了一代宗师。 https://pan.quark.cn/s/325a8a49d23e
2025-11-21 12:30:33 [INFO] app.modules.filter.services.regex_target_link_filter:50 - 匹配成功: link_title="勿扰飞升 (2025) 【4K.HDR】【60帧率】【国语中字】【李宏毅/陆婷玉】【古装/剧情】【更新14集】描述：　　改编自月下蝶影小说《勿扰飞升》一位在凡尘界备受冷遇的亡国公主箜篌，因机缘巧合意外进入修仙世界，开启全员宠女主模式，从师傅师兄到隔壁门派，整个修仙界都对女主宠爱有加，为了吃苦头，磨练心智，箜篌主动走出舒适圈，要求下山闯荡，偶遇了病弱男子桓宗一起升级打怪闯荡修仙界，没想到桓宗竟然就是自己一直痴迷的修仙话本的大大，也是传说中的修仙界天才，箜篌顺利把作者大大拐回了门派当女婿，两人也在一次次的历练中克服了心魔，突破修为，双双成为了一代宗" movie_title_season="勿扰飞升" pattern="^勿扰飞升.*"
2025-11-21 12:30:33 [INFO] app.modules.filter.services.target_episode_filter_service:137 - 开始处理链接：--- 勿扰飞升 (2025) 【4K.HDR】【60帧率】【国语中字】【李宏毅/陆婷玉】【古装/剧情】【更新14集】描述：　　改编自月下蝶影小说《勿扰飞升》一位在凡尘界备受冷遇的亡国公主箜篌，因机缘巧合意外进入修仙世界，开启全员宠女主模式，从师傅师兄到隔壁门派，整个修仙界都对女主宠爱有加，为了吃苦头，磨练心智，箜篌主动走出舒适圈，要求下山闯荡，偶遇了病弱男子桓宗一起升级打怪闯荡修仙界，没想到桓宗竟然就是自己一直痴迷的修仙话本的大大，也是传说中的修仙界天才，箜篌顺利把作者大大拐回了门派当女婿，两人也在一次次的历练中克服了心魔，突破修为，双双成为了一代宗 https://pan.quark.cn/s/ac4a79848ff9
2025-11-21 12:30:33 [INFO] app.modules.filter.services.target_episode_filter_service:128 - 最终选择 16 个文件来覆盖新剧集: ['S01E16.2025.2160p.60fps.WEB-DL.AAC5.1.HDR.Vivid.10bits.H.265.mp4', 'S01E15.2025.2160p.60fps.WEB-DL.AAC5.1.HDR.Vivid.10bits.H.265.mp4', 'S01E14.2025.2160p.60fps.WEB-DL.AAC5.1.HDR.Vivid.10bits.H.265.mp4', 'S01E13.2025.2160p.60fps.WEB-DL.AAC5.1.HDR.Vivid.10bits.H.265.mp4', 'S01E12.2025.2160p.60fps.WEB-DL.AAC5.1.HDR.Vivid.10bits.H.265.mp4', 'S01E11.2025.2160p.60fps.WEB-DL.AAC5.1.HDR.Vivid.10bits.H.265.mp4', 'S01E10.2025.2160p.60fps.WEB-DL.AAC5.1.HDR.Vivid.10bits.H.265.mp4', 'S01E09.2025.2160p.60fps.WEB-DL.AAC5.1.HDR.Vivid.10bits.H.265.mp4', 'S01E08.2025.2160p.60fps.WEB-DL.AAC5.1.HDR.Vivid.10bits.H.265.mp4', 'S01E07.2025.2160p.60fps.WEB-DL.AAC5.1.HDR.Vivid.10bits.H.265.mp4', 'S01E06.2025.2160p.60fps.WEB-DL.AAC5.1.HDR.Vivid.10bits.H.265.mp4', 'S01E05.2025.2160p.60fps.WEB-DL.AAC5.1.HDR.Vivid.10bits.H.265.mp4', 'S01E04.2025.2160p.60fps.WEB-DL.AAC5.1.HDR.Vivid.10bits.H.265.mp4', 'S01E03.2025.2160p.60fps.WEB-DL.AAC5.1.HDR.Vivid.10bits.H.265.mp4', 'S01E02.2025.2160p.60fps.WEB-DL.AAC5.1.HDR.Vivid.10bits.H.265.mp4', 'S01E01.2025.2160p.60fps.WEB-DL.AAC5.1.HDR.Vivid.10bits.H.265.mp4']
2025-11-21 12:30:33 [INFO] app.modules.filter.services.target_episode_filter_service:141 - 获取到目标剧集组合，来自链接：https://pan.quark.cn/s/ac4a79848ff9
2025-11-21 12:30:33 [INFO] app.modules.filter.flow:138 - 勿扰飞升 | https://pan.quark.cn/s/ac4a79848ff9 跳过（更新至 16，比备选https://pan.quark.cn/s/ac810cf770ef | 16 更少）
2025-11-21 12:30:33 [INFO] app.modules.filter.services.regex_target_link_filter:50 - 匹配成功: link_title="勿扰飞升 2025 4K HDR 60FPS 更新至16集描述： 一位在凡尘界备受冷遇的亡国公主箜篌，因机缘巧合意外进入修仙世界，为磨练心智，主动下山闯荡，偶遇了病弱男子桓宗一起升级打怪闯荡修仙界并发展出深厚的感情的故事。夸克：" movie_title_season="勿扰飞升" pattern="^勿扰飞升.*"
2025-11-21 12:30:33 [INFO] app.modules.filter.services.target_episode_filter_service:137 - 开始处理链接：--- 勿扰飞升 2025 4K HDR 60FPS 更新至16集描述： 一位在凡尘界备受冷遇的亡国公主箜篌，因机缘巧合意外进入修仙世界，为磨练心智，主动下山闯荡，偶遇了病弱男子桓宗一起升级打怪闯荡修仙界并发展出深厚的感情的故事。夸克： https://pan.quark.cn/s/2871616277d7
2025-11-21 12:30:34 [INFO] app.modules.filter.services.target_episode_filter_service:128 - 最终选择 16 个文件来覆盖新剧集: ['S01E16.mkv', 'S01E15.mkv', 'S01E14.mkv', 'S01E13.mkv', 'S01E12.mp4', 'S01E11.mp4', 'S01E10.mp4', 'S01E09.mp4', 'S01E08.mp4', 'S01E07.mp4', 'S01E06.mkv', 'S01E05.mkv', 'S01E04.mkv', 'S01E03.mkv', 'S01E02.mkv', 'S01E01.mkv']
2025-11-21 12:30:34 [INFO] app.modules.filter.services.target_episode_filter_service:141 - 获取到目标剧集组合，来自链接：https://pan.quark.cn/s/2871616277d7
2025-11-21 12:30:34 [INFO] app.modules.filter.flow:138 - 勿扰飞升 | https://pan.quark.cn/s/2871616277d7 跳过（更新至 16，比备选https://pan.quark.cn/s/ac810cf770ef | 16 更少）
2025-11-21 12:30:34 [INFO] app.modules.filter.flow:158 - 勿扰飞升分享链接遍历完成，无可用分享链接
2025-11-21 12:30:34 [INFO] app.modules.storage_operations.services.save_episodes_to_cloud:44 - 未筛选到适合['mkv', 'mp4', 'avi', 'mov', 'm4v', 'wmv', 'flv', 'torrent', 'srt', 'ass', 'sub', 'mp3', 'aac', 'zip']的链接
2025-11-21 12:30:34 [INFO] app.modules.storage_operations.services.save_episodes_to_cloud:44 - 未筛选到适合['mkv', 'mp4', 'avi', 'mov', 'm4v', 'wmv', 'flv', 'torrent', 'srt', 'ass', 'sub', 'mp3', 'aac', 'zip']的链接
2025-11-21 12:31:20 [INFO] telethon.client.updates:443 - Got difference for channel 2209378593 updates
2025-11-21 12:31:20 [INFO] telethon.client.updates:443 - Got difference for channel 1290825027 updates
2025-11-21 12:31:20 [INFO] telethon.client.updates:443 - Got difference for channel 2105390266 updates
2025-11-21 12:31:20 [INFO] telethon.client.updates:443 - Got difference for channel 1401724496 updates
2025-11-21 12:31:21 [INFO] telethon.client.updates:443 - Got difference for channel 2269063013 updates
2025-11-21 12:31:21 [INFO] telethon.client.updates:443 - Got difference for channel 2600169516 updates
2025-11-21 12:32:20 [INFO] telethon.client.updates:443 - Got difference for channel 2209378593 updates
2025-11-21 12:32:20 [INFO] telethon.client.updates:443 - Got difference for channel 1669747816 updates
2025-11-21 12:33:20 [INFO] telethon.client.updates:443 - Got difference for channel 1084638970 updates
2025-11-21 12:33:20 [INFO] telethon.client.updates:443 - Got difference for channel 1688099294 updates
2025-11-21 12:34:20 [INFO] telethon.client.updates:443 - Got difference for channel 1580372425 updates
2025-11-21 12:34:20 [INFO] telethon.client.updates:443 - Got difference for channel 1688099294 updates
2025-11-21 12:34:20 [INFO] telethon.client.updates:443 - Got difference for channel 2209378593 updates
2025-11-21 12:34:20 [INFO] telethon.client.updates:443 - Got difference for channel 2158983339 updates
2025-11-21 12:35:00 [INFO] app.core.scheduler:480 - Dispatching scheduled job f8e4963f2a92414589a557957998c0a7 -> 将所有网盘已更新到最新进度的movie推送到平台
2025-11-21 12:35:00 [INFO] app.core.scheduler:506 - Scheduled job f8e4963f2a92414589a557957998c0a7 dispatched to task_manager
2025-11-21 12:35:00 [INFO] root:162 - [task 5e602066bf9e4e7ab7f7259b6ae0daa4] log handler attached for capture
2025-11-21 12:35:00 [INFO] app.flow.sync_new_movie_flow:327 - 将['赴山海', '欢乐家长群2', '暴风圈', '照镜辞', '漫威丧尸', '弥留之国的爱丽丝 第三季', '行骗天下KR', '健力士王朝', '犯罪现场 Zero', '科斯缇娜酒店', '入青云', '回魂计', '水龙吟', '锦月令', '棕眼之谜', '三人行', '黑盒子', '大厨小婿']发布至平台
2025-11-21 12:35:20 [INFO] telethon.client.updates:443 - Got difference for channel 1688099294 updates
2025-11-21 12:35:20 [INFO] telethon.client.updates:443 - Got difference for channel 2209378593 updates
2025-11-21 12:35:20 [INFO] telethon.client.updates:443 - Got difference for channel 2269063013 updates
2025-11-21 12:35:20 [INFO] telethon.client.updates:443 - Got difference for channel 1280467440 updates
2025-11-21 12:35:20 [INFO] telethon.client.updates:443 - Got difference for channel 1780401093 updates
2025-11-21 12:36:20 [INFO] telethon.client.updates:443 - Got difference for channel 1688099294 updates
2025-11-21 12:36:20 [INFO] telethon.client.updates:443 - Got difference for channel 2209378593 updates
2025-11-21 12:36:20 [INFO] telethon.client.updates:443 - Got difference for channel 2269063013 updates
2025-11-21 12:36:20 [INFO] telethon.client.updates:443 - Got difference for channel 2600169516 updates
2025-11-21 12:36:21 [INFO] telethon.client.updates:443 - Got difference for channel 2016939647 updates
2025-11-21 12:36:21 [INFO] telethon.client.updates:443 - Got difference for channel 1780401093 updates
2025-11-21 12:36:21 [INFO] telethon.client.updates:443 - Got difference for channel 1280467440 updates
2025-11-21 12:36:22 [INFO] telethon.client.updates:443 - Got difference for channel 1872908471 updates
2025-11-21 12:37:04 [INFO] telethon.client.updates:443 - Got difference for channel 2209378593 updates
2025-11-21 12:37:17 [INFO] telethon.client.updates:344 - Got difference for account updates
2025-11-21 12:37:17 [INFO] telethon.client.updates:443 - Got difference for channel 2073046329 updates
2025-11-21 12:37:18 [INFO] telethon.client.updates:443 - Got difference for channel 1401724496 updates
2025-11-21 12:37:18 [INFO] telethon.client.updates:443 - Got difference for channel 1617621330 updates
2025-11-21 12:37:18 [INFO] telethon.client.updates:443 - Got difference for channel 2158983339 updates
2025-11-21 12:38:20 [INFO] telethon.client.updates:443 - Got difference for channel 1780401093 updates
2025-11-21 12:38:20 [INFO] telethon.client.updates:443 - Got difference for channel 1688099294 updates
2025-11-21 12:38:20 [INFO] telethon.client.updates:443 - Got difference for channel 2209378593 updates
2025-11-21 12:38:20 [INFO] telethon.client.updates:443 - Got difference for channel 1280467440 updates
2025-11-21 12:38:21 [INFO] telethon.client.updates:443 - Got difference for channel 1084638970 updates
2025-11-21 12:39:20 [INFO] telethon.client.updates:443 - Got difference for channel 1688099294 updates
2025-11-21 12:39:20 [INFO] telethon.client.updates:443 - Got difference for channel 2209378593 updates
2025-11-21 12:39:20 [INFO] telethon.client.updates:443 - Got difference for channel 1617621330 updates
2025-11-21 12:39:20 [INFO] telethon.client.updates:443 - Got difference for channel 1084638970 updates
2025-11-21 12:39:21 [INFO] telethon.client.updates:443 - Got difference for channel 2600169516 updates
2025-11-21 12:39:21 [INFO] telethon.client.updates:443 - Got difference for channel 1280467440 updates
2025-11-21 12:39:21 [INFO] telethon.client.updates:443 - Got difference for channel 1872908471 updates
2025-11-21 12:40:00 [INFO] app.core.scheduler:480 - Dispatching scheduled job f8e4963f2a92414589a557957998c0a7 -> 将所有网盘已更新到最新进度的movie推送到平台
2025-11-21 12:40:00 [INFO] app.core.scheduler:506 - Scheduled job f8e4963f2a92414589a557957998c0a7 dispatched to task_manager
2025-11-21 12:40:00 [INFO] root:162 - [task 6404b1a86936481e90201742b2af5315] log handler attached for capture
2025-11-21 12:40:00 [INFO] app.flow.sync_new_movie_flow:327 - 将['赴山海', '欢乐家长群2', '暴风圈', '照镜辞', '漫威丧尸', '弥留之国的爱丽丝 第三季', '行骗天下KR', '健力士王朝', '犯罪现场 Zero', '科斯缇娜酒店', '入青云', '回魂计', '水龙吟', '锦月令', '棕眼之谜', '三人行', '黑盒子', '大厨小婿']发布至平台
2025-11-21 12:40:20 [INFO] telethon.client.updates:443 - Got difference for channel 1290825027 updates
2025-11-21 12:40:20 [INFO] telethon.client.updates:443 - Got difference for channel 1580372425 updates
2025-11-21 12:40:20 [INFO] telethon.client.updates:443 - Got difference for channel 1084638970 updates
2025-11-21 12:40:20 [INFO] telethon.client.updates:443 - Got difference for channel 2209378593 updates
2025-11-21 12:40:21 [INFO] telethon.client.updates:443 - Got difference for channel 1280467440 updates
2025-11-21 12:41:20 [INFO] telethon.client.updates:443 - Got difference for channel 1084638970 updates
2025-11-21 12:41:20 [INFO] telethon.client.updates:443 - Got difference for channel 2209378593 updates
2025-11-21 12:41:20 [INFO] telethon.client.updates:443 - Got difference for channel 1642618802 updates
2025-11-21 12:41:20 [INFO] telethon.client.updates:443 - Got difference for channel 1280467440 updates
2025-11-21 12:42:19 [INFO] telethon.client.updates:443 - Got difference for channel 2209378593 updates
2025-11-21 12:42:19 [INFO] telethon.client.updates:443 - Got difference for channel 1780401093 updates
2025-11-21 12:42:20 [INFO] telethon.client.updates:443 - Got difference for channel 1580372425 updates
2025-11-21 12:42:20 [INFO] telethon.client.updates:443 - Got difference for channel 2158983339 updates
2025-11-21 12:42:20 [INFO] telethon.client.updates:443 - Got difference for channel 1642618802 updates
2025-11-21 12:42:20 [INFO] telethon.client.updates:443 - Got difference for channel 1084638970 updates
2025-11-21 12:42:21 [INFO] telethon.client.updates:443 - Got difference for channel 1688099294 updates
2025-11-21 12:43:03 [INFO] telethon.client.updates:443 - Got difference for channel 2269063013 updates
2025-11-21 12:43:03 [INFO] telethon.client.updates:443 - Got difference for channel 2016939647 updates
2025-11-21 12:43:20 [INFO] telethon.client.updates:443 - Got difference for channel 2209378593 updates
2025-11-21 12:43:21 [INFO] telethon.client.updates:443 - Got difference for channel 1084638970 updates
2025-11-21 12:44:20 [INFO] telethon.client.updates:443 - Got difference for channel 1401724496 updates
2025-11-21 12:44:20 [INFO] telethon.client.updates:443 - Got difference for channel 2209378593 updates
2025-11-21 12:44:20 [INFO] telethon.client.updates:443 - Got difference for channel 2600169516 updates
2025-11-21 12:44:21 [INFO] telethon.client.updates:443 - Got difference for channel 2014194320 updates
2025-11-21 12:44:21 [INFO] telethon.client.updates:443 - Got difference for channel 1084638970 updates
2025-11-21 12:44:21 [INFO] telethon.client.updates:443 - Got difference for channel 2016939647 updates
2025-11-21 12:44:22 [INFO] telethon.client.updates:443 - Got difference for channel 1688099294 updates
2025-11-21 12:45:00 [INFO] app.core.scheduler:480 - Dispatching scheduled job 6f853106834c42dbb500a627c0aa1bbc -> 同步今日可更新影视资源到网盘
2025-11-21 12:45:00 [INFO] app.core.scheduler:506 - Scheduled job 6f853106834c42dbb500a627c0aa1bbc dispatched to task_manager
2025-11-21 12:45:00 [INFO] app.core.scheduler:480 - Dispatching scheduled job f8e4963f2a92414589a557957998c0a7 -> 将所有网盘已更新到最新进度的movie推送到平台
2025-11-21 12:45:00 [INFO] app.core.scheduler:506 - Scheduled job f8e4963f2a92414589a557957998c0a7 dispatched to task_manager
2025-11-21 12:45:00 [INFO] root:162 - [task 628a152401b942eaaa8353a986e49182] log handler attached for capture
2025-11-21 12:45:00 [INFO] root:162 - [task 5c0a63f02dec4bf085f6c5e373105811] log handler attached for capture
2025-11-21 12:45:00 [INFO] app.flow.sync_new_movie_flow:181 - 今日已到更新时间点的movie:['新闻女王2', '勿扰飞升']
2025-11-21 12:45:00 [WARNING] app.flow.sync_new_movie_flow:186 - 这些movie由于tmdb_info为空无法同步：[]
2025-11-21 12:45:00 [INFO] app.flow.sync_new_movie_flow:327 - 将['赴山海', '欢乐家长群2', '暴风圈', '照镜辞', '漫威丧尸', '弥留之国的爱丽丝 第三季', '行骗天下KR', '健力士王朝', '犯罪现场 Zero', '科斯缇娜酒店', '入青云', '回魂计', '水龙吟', '锦月令', '棕眼之谜', '三人行', '黑盒子', '大厨小婿']发布至平台
2025-11-21 12:45:04 [INFO] app.modules.filter.services.regex_target_link_filter:50 - 匹配成功: link_title="新闻女王2 4K[臻彩]" movie_title_season="新闻女王2" pattern="^新闻女王2.*"
2025-11-21 12:45:04 [INFO] app.modules.filter.services.target_episode_filter_service:137 - 开始处理链接：--- 新闻女王2 4K[臻彩] https://pan.quark.cn/s/b72f6131127c
2025-11-21 12:45:05 [INFO] app.modules.filter.services.regex_target_link_filter:50 - 匹配成功: link_title="新闻女王2国语版" movie_title_season="新闻女王2" pattern="^新闻女王2.*"
2025-11-21 12:45:05 [INFO] app.modules.filter.services.target_episode_filter_service:137 - 开始处理链接：--- 新闻女王2国语版 https://pan.quark.cn/s/6ceeb5cc2bf5
2025-11-21 12:45:05 [INFO] app.modules.filter.services.regex_target_link_filter:50 - 匹配成功: link_title="新闻女王2国语版" movie_title_season="新闻女王2" pattern="^新闻女王2.*"
2025-11-21 12:45:05 [INFO] app.modules.filter.services.target_episode_filter_service:137 - 开始处理链接：--- 新闻女王2国语版 https://pan.baidu.com/s/1cHrCu7Z7J_KyihwpUCENRg?pwd=8888
2025-11-21 12:45:05 [INFO] app.modules.filter.services.target_episode_filter_service:128 - 最终选择 18 个文件来覆盖新剧集: ['20 4K.mkv', '19 4K.mkv', '17 4K.mkv', '16 4K.mkv', '15 4K.mkv', '14 4K【国粤双语】.mkv', '12 4K.mkv', '11 4K.mp4', '10 4K【国粤双语】.mkv', '09 4K【国粤双语】.mkv', '08 4K.mkv', '07 4K.mkv', '06 4K.mkv', '05 4K.mkv', '04 4K.mp4', '03 4K.mkv', '02 4K.mkv', '01 4K.mkv']
2025-11-21 12:45:05 [INFO] app.modules.filter.services.target_episode_filter_service:141 - 获取到目标剧集组合，来自链接：https://pan.quark.cn/s/6ceeb5cc2bf5
2025-11-21 12:45:05 [INFO] app.modules.filter.flow:128 - 新闻女王2 | https://pan.quark.cn/s/6ceeb5cc2bf5 作为备选（更新至 20/21）
2025-11-21 12:45:05 [INFO] app.modules.filter.services.regex_target_link_filter:50 - 匹配成功: link_title="新闻女王2国语" movie_title_season="新闻女王2" pattern="^新闻女王2.*"
2025-11-21 12:45:05 [INFO] app.modules.filter.services.target_episode_filter_service:137 - 开始处理链接：--- 新闻女王2国语 https://pan.quark.cn/s/f7b29837da99
2025-11-21 12:45:06 [INFO] app.modules.filter.services.target_episode_filter_service:128 - 最终选择 46 个文件来覆盖新剧集: ['The.Queen.of.NEWS.S01E26.2023.2160p.WEB-DL.H265.AAC-DDHDTV.mkv', 'The.Queen.of.NEWS.S01E25.2023.2160p.WEB-DL.H265.AAC-DDHDTV.mkv', 'The.Queen.of.NEWS.S01E24.2023.2160p.WEB-DL.H265.AAC-DDHDTV.mkv', 'The.Queen.of.NEWS.S01E23.2023.2160p.WEB-DL.H265.AAC-DDHDTV.mkv', 'The.Queen.of.NEWS.S01E22.2023.2160p.WEB-DL.H265.AAC-DDHDTV.mkv', 'The.Queen.of.NEWS.S01E21.2023.2160p.WEB-DL.H265.AAC-DDHDTV.mkv', 'The.Queen.of.NEWS.S01E20.2023.2160p.WEB-DL.H265.AAC-DDHDTV.mkv', 'The.Queen.of.NEWS.S01E19.2023.2160p.WEB-DL.H265.AAC-DDHDTV.mkv', 'The.Queen.of.NEWS.S01E18.2023.2160p.WEB-DL.H265.AAC-DDHDTV.mkv', 'The.Queen.of.NEWS.S01E17.2023.2160p.WEB-DL.H265.AAC-DDHDTV.mkv', 'The.Queen.of.NEWS.S01E16.2023.2160p.WEB-DL.H265.AAC-DDHDTV.mkv', 'The.Queen.of.NEWS.S01E15.2023.2160p.WEB-DL.H265.AAC-DDHDTV.mkv', 'The.Queen.of.NEWS.S01E14.2023.2160p.WEB-DL.H265.AAC-DDHDTV.mkv', 'The.Queen.of.NEWS.S01E13.2023.2160p.WEB-DL.H265.AAC-DDHDTV.mkv', 'The.Queen.of.NEWS.S01E12.2023.2160p.WEB-DL.H265.AAC-DDHDTV.mkv', 'The.Queen.of.NEWS.S01E11.2023.2160p.WEB-DL.H265.AAC-DDHDTV.mkv', 'The.Queen.of.NEWS.S01E10.2023.2160p.WEB-DL.H265.AAC-DDHDTV.mkv', 'The.Queen.of.NEWS.S01E09.2023.2160p.WEB-DL.H265.AAC-DDHDTV.mkv', 'The.Queen.of.NEWS.S01E08.2023.2160p.WEB-DL.H265.AAC-DDHDTV.mkv', 'The.Queen.of.NEWS.S01E07.2023.2160p.WEB-DL.H265.AAC-DDHDTV.mkv', 'The.Queen.of.NEWS.S01E06.2023.2160p.WEB-DL.H265.AAC-DDHDTV.mkv', 'The.Queen.of.NEWS.S01E05.2023.2160p.WEB-DL.H265.AAC-DDHDTV.mkv', 'The.Queen.of.NEWS.S01E04.2023.2160p.WEB-DL.H265.AAC-DDHDTV.mkv', 'The.Queen.of.NEWS.S01E03.2023.2160p.WEB-DL.H265.AAC-DDHDTV.mkv', 'The.Queen.of.NEWS.S01E02.2023.2160p.WEB-DL.H265.AAC-DDHDTV.mkv', 'The.Queen.of.NEWS.S01E01.2023.2160p.WEB-DL.H265.AAC-DDHDTV.mkv', 'S01E20.2025.2160p.60fps.WEB-DL.H265.AAC.2Audios.mkv', 'S01E19.2025.2160p.60fps.WEB-DL.H265.AAC.2Audios.mkv', 'S01E18.2025.2160p.60fps.WEB-DL.H265.AAC.2Audios.mkv', 'S01E17.2025.2160p.60fps.WEB-DL.H265.AAC.2Audios.mkv', 'S01E16.2025.2160p.60fps.WEB-DL.H265.AAC.2Audios.mkv', 'S01E15.2025.2160p.60fps.WEB-DL.H265.AAC.2Audios.mkv', 'S01E14.2025.2160p.60fps.WEB-DL.H265.AAC.2Audios.mkv', 'S01E13.2025.2160p.60fps.WEB-DL.H265.AAC.2Audios.mkv', 'S01E12.2025.2160p.60fps.WEB-DL.H265.AAC.2Audios.mkv', 'S01E11.2025.2160p.60fps.WEB-DL.H265.AAC.2Audios.mkv', 'S01E10.2025.2160p.60fps.WEB-DL.H265.AAC.2Audios.mkv', 'S01E09.2025.2160p.60fps.WEB-DL.H265.AAC.2Audios.mkv', 'S01E08.2025.2160p.60fps.WEB-DL.H265.AAC.2Audios.mkv', 'S01E07.2025.2160p.60fps.WEB-DL.H265.AAC.2Audios.mkv', 'S01E06.2025.2160p.60fps.WEB-DL.H265.AAC.2Audios.mkv', 'S01E05.2025.2160p.60fps.WEB-DL.H265.AAC.2Audios.mkv', 'S01E04.2025.2160p.60fps.WEB-DL.H265.AAC.2Audios.mkv', 'S01E03.2025.2160p.60fps.WEB-DL.H265.AAC.2Audios.mkv', 'S01E02.2025.2160p.60fps.WEB-DL.H265.AAC.2Audios.mkv', 'S01E01.2025.2160p.60fps.WEB-DL.H265.AAC.2Audios.mkv']
2025-11-21 12:45:06 [INFO] app.modules.filter.services.target_episode_filter_service:141 - 获取到目标剧集组合，来自链接：https://pan.quark.cn/s/f7b29837da99
2025-11-21 12:45:06 [INFO] app.modules.filter.flow:138 - 新闻女王2 | https://pan.quark.cn/s/f7b29837da99 跳过（更新至 20，比备选https://pan.quark.cn/s/6ceeb5cc2bf5 | 20 更少）
2025-11-21 12:45:06 [INFO] app.modules.filter.services.regex_target_link_filter:50 - 匹配成功: link_title="新闻女王 第二季 新闻女王2（2025）【4K.60fps】【国粤双语】【内封简中】【更20集】【剧情】【佘诗曼/黄宗泽】【附第一季】.描述：半年间，SNK剧变，总监余英飞离职、门外汉古肇华空降。张家妍虽掌权却难服众。刘艳的公开平台崛起，动摇传统媒体地位，连已入官场的许诗晴亦被卷入新旧媒体的角力。文慧心于此时复出，昭告世人：新闻女王的地位永远不可撼动！." movie_title_season="新闻女王2" pattern=".*新闻女王2[(（]20\d{2}[）)]"
2025-11-21 12:45:06 [INFO] app.modules.filter.services.target_episode_filter_service:137 - 开始处理链接：--- 新闻女王 第二季 新闻女王2（2025）【4K.60fps】【国粤双语】【内封简中】【更20集】【剧情】【佘诗曼/黄宗泽】【附第一季】.描述：半年间，SNK剧变，总监余英飞离职、门外汉古肇华空降。张家妍虽掌权却难服众。刘艳的公开平台崛起，动摇传统媒体地位，连已入官场的许诗晴亦被卷入新旧媒体的角力。文慧心于此时复出，昭告世人：新闻女王的地位永远不可撼动！. https://pan.quark.cn/s/5dd3198d9a4e
2025-11-21 12:45:06 [INFO] app.modules.filter.services.target_episode_filter_service:128 - 最终选择 12 个文件来覆盖新剧集: ['06.4k.粤语.mp4', '05.4k.粤语.mp4', '04.4k.粤语.mp4', '03.4k.粤语.mp4', '02.4k.粤语.mp4', '01.4k.粤语.mp4', '06.4k.国语.mp4', '05.4k.国语..mp4', '04.4k.国语.mp4', '03.4k.国语.mp4', '02.4k.国语.mp4', '01.4k.国语.mp4']
2025-11-21 12:45:06 [INFO] app.modules.filter.services.target_episode_filter_service:141 - 获取到目标剧集组合，来自链接：https://pan.baidu.com/s/1cHrCu7Z7J_KyihwpUCENRg?pwd=8888
2025-11-21 12:45:06 [INFO] app.modules.filter.flow:128 - 新闻女王2 | https://pan.baidu.com/s/1cHrCu7Z7J_KyihwpUCENRg?pwd=8888 作为备选（更新至 6/21）
2025-11-21 12:45:07 [INFO] app.modules.filter.services.regex_target_link_filter:50 - 匹配成功: link_title="新闻女王/新闻女王2(2025)【更20集】【4K.普码】【国粤双语】【内嵌简中】【附第一季】描述：半年间，SNK剧变，总监余英飞离职、门外汉古肇华空降。张家妍虽掌权却难服众。刘艳的公开平台崛起，动摇传统媒体地位，连已入官场的许诗晴亦被卷入新旧媒体的角力。文慧心于此时复出，昭告世人：新闻女王的地位永远不可撼动！" movie_title_season="新闻女王2" pattern=".*新闻女王2[(（]20\d{2}[）)]"
2025-11-21 12:45:07 [INFO] app.modules.filter.services.target_episode_filter_service:137 - 开始处理链接：--- 新闻女王/新闻女王2(2025)【更20集】【4K.普码】【国粤双语】【内嵌简中】【附第一季】描述：半年间，SNK剧变，总监余英飞离职、门外汉古肇华空降。张家妍虽掌权却难服众。刘艳的公开平台崛起，动摇传统媒体地位，连已入官场的许诗晴亦被卷入新旧媒体的角力。文慧心于此时复出，昭告世人：新闻女王的地位永远不可撼动！ https://pan.quark.cn/s/e13c88c7a09c
2025-11-21 12:45:07 [INFO] app.modules.filter.services.regex_target_link_filter:50 - 匹配成功: link_title="新闻女王2 ｜ 新闻女王 第二季 (2025) 【更20集】【4K.普码&杜比视界双版本】【国粤双语】【 佘诗曼/黄宗泽】【剧情/悬疑】【附第一季】描述：　　半年间，SNK剧变，总监余英飞离职、门外汉古肇华空降。张家妍虽掌权却难服众。刘艳的公开平台崛起，动摇传统媒体地位，连已入官场的许诗晴亦被卷入新旧媒体的角力。文慧心于此时复出，昭告世人：新闻女王的地位永远不可撼动！" movie_title_season="新闻女王2" pattern="^新闻女王2.*"
2025-11-21 12:45:07 [INFO] app.modules.filter.services.target_episode_filter_service:137 - 开始处理链接：--- 新闻女王2 ｜ 新闻女王 第二季 (2025) 【更20集】【4K.普码&杜比视界双版本】【国粤双语】【 佘诗曼/黄宗泽】【剧情/悬疑】【附第一季】描述：　　半年间，SNK剧变，总监余英飞离职、门外汉古肇华空降。张家妍虽掌权却难服众。刘艳的公开平台崛起，动摇传统媒体地位，连已入官场的许诗晴亦被卷入新旧媒体的角力。文慧心于此时复出，昭告世人：新闻女王的地位永远不可撼动！ https://pan.baidu.com/s/1yrA4BS0V63ZprAC_lq_ZmA?pwd=8os3
2025-11-21 12:45:07 [INFO] app.modules.filter.services.target_episode_filter_service:128 - 最终选择 48 个文件来覆盖新剧集: ['The QUEEN of News S02E20 - 第 20 集 - 2160p WEB-DL H265 AAC 2Audio.mkv', 'The QUEEN of News S02E19 - 第 19 集 - 2160p WEB-DL H265 AAC 2Audio.mkv', 'The QUEEN of News S02E18 - 第 18 集 - 2160p WEB-DL H265 AAC 2Audio.mkv', 'The QUEEN of News S02E17 - 第 17 集 - 2160p WEB-DL H265 AAC 2Audio.mkv', 'The QUEEN of News S02E16 - 第 16 集 - 2160p WEB-DL H265 AAC 2Audio.mkv', 'The QUEEN of News S02E15 - 第 15 集 - 2160p WEB-DL H265 AAC 2Audio.mkv', 'The QUEEN of News S02E14 - 第 14 集 - 2160p WEB-DL H265 AAC 2Audio.mkv', 'The QUEEN of News S02E13 - 第 13 集 - 2160p WEB-DL H265 AAC 2Audio.mkv', 'The QUEEN of News S02E12 - 第 12 集 - 2160p WEB-DL H265 AAC 2Audio.mkv', 'The QUEEN of News S02E11 - 第 11 集 - 2160p WEB-DL H265 AAC 2Audio.mkv', 'The QUEEN of News S02E10 - 第 10 集 - 2160p WEB-DL H265 AAC 2Audio.mkv', 'The QUEEN of News S02E09 - 第 9 集 - 2160p WEB-DL H265 AAC 2Audio.mkv', 'The QUEEN of News S02E08 - 第 8 集 - 2160p WEB-DL H265 AAC 2Audio.mkv', 'The QUEEN of News S02E07 - 第 7 集 - 2160p WEB-DL H265 AAC 2Audio.mkv', 'The QUEEN of News S02E06 - 第 6 集 - 2160p WEB-DL H265 AAC 2Audio.mkv', 'The QUEEN of News S02E05 - 第 5 集 - 2160p WEB-DL H265 AAC 2Audio.mkv', 'The QUEEN of News S02E04 - 第 4 集 - 2160p WEB-DL H265 AAC 2Audio.mkv', 'The QUEEN of News S02E03 - 第 3 集 - 2160p WEB-DL H265 AAC 2Audio.mkv', 'The QUEEN of News S02E02 - 第 2 集 - 2160p WEB-DL H265 AAC 2Audio.mkv', 'The QUEEN of News S02E01 - 第 1 集 - 2160p WEB-DL H265 AAC 2Audio.mkv', 'The QUEEN of News S01E26 - 第 26 集 - 2160p WEB-DL HQ H265 10bit AAC.mp4', 'The QUEEN of News S01E25 - 第 25 集 - 2160p WEB-DL HQ H265 10bit AAC.mp4', 'The QUEEN of News S01E24 - 第 24 集 - 2160p WEB-DL HQ H265 10bit AAC.mp4', 'The QUEEN of News S01E23 - 第 23 集 - 2160p WEB-DL HQ H265 10bit AAC.mp4', 'The QUEEN of News S01E22 - 第 22 集 - 2160p WEB-DL HQ H265 10bit AAC.mp4', 'The QUEEN of News S01E21 - 第 21 集 - 2160p WEB-DL HQ H265 10bit AAC.mp4', 'The QUEEN of News S01E20 - 第 20 集 - 2160p WEB-DL HQ H265 10bit AAC.mp4', 'The QUEEN of News S01E19 - 第 19 集 - 2160p WEB-DL HQ H265 10bit AAC.mp4', 'The QUEEN of News S01E18 - 第 18 集 - 2160p WEB-DL HQ H265 10bit AAC.mp4', 'The QUEEN of News S01E17 - 第 17 集 - 2160p WEB-DL HQ H265 10bit AAC.mp4', 'The QUEEN of News S01E16 - 第 16 集 - 2160p WEB-DL HQ H265 10bit AAC.mp4', 'The QUEEN of News S01E15 - 第 15 集 - 2160p WEB-DL HQ H265 10bit AAC.mp4', 'The QUEEN of News S01E14 - 第 14 集 - 2160p WEB-DL HQ H265 10bit AAC.mp4', 'The QUEEN of News S01E13 - 第 13 集 - 2160p WEB-DL HQ H265 10bit AAC.mp4', 'The QUEEN of News S01E12 - 第 12 集 - 2160p WEB-DL HQ H265 10bit AAC.mp4', 'The QUEEN of News S01E11 - 第 11 集 - 2160p WEB-DL HQ H265 10bit AAC.mp4', 'The QUEEN of News S01E10 - 第 10 集 - 2160p WEB-DL HQ H265 10bit AAC.mp4', 'The QUEEN of News S01E09 - 第 9 集 - 2160p WEB-DL HQ H265 10bit AAC.mp4', 'The QUEEN of News S01E08 - 第 8 集 - 2160p WEB-DL HQ H265 10bit AAC.mp4', 'The QUEEN of News S01E07 - 第 7 集 - 2160p WEB-DL HQ H265 10bit AAC.mp4', 'The QUEEN of News S01E06 - 第 6 集 - 2160p WEB-DL HQ H265 10bit AAC.mp4', 'The QUEEN of News S01E05 - 第 5 集 - 2160p WEB-DL HQ H265 10bit AAC.mp4', 'The QUEEN of News S01E04 - 第 4 集 - 2160p WEB-DL HQ H265 10bit AAC.mp4', 'The QUEEN of News S01E03 - 第 3 集 - 2160p WEB-DL HQ H265 10bit AAC.mp4', 'The QUEEN of News S01E02 - 第 2 集 - 2160p WEB-DL HQ H265 10bit AAC.mp4', 'The QUEEN of News S01E01 - 第 1 集 - 2160p WEB-DL HQ H265 10bit AAC.mp4', 'season02-poster.jpg', 'season01-poster.jpg']
2025-11-21 12:45:07 [INFO] app.modules.filter.services.target_episode_filter_service:141 - 获取到目标剧集组合，来自链接：https://pan.quark.cn/s/e13c88c7a09c
2025-11-21 12:45:07 [WARNING] app.modules.filter.flow:110 - 新闻女王2 | https://pan.quark.cn/s/e13c88c7a09c 更新超出容忍范围,被跳过: 26 > 21 + 2
2025-11-21 12:45:07 [WARNING] app.modules.filter.services.regex_target_link_filter:58 - 未匹配: link_title="[4K][国粤双轨][内嵌简中][附第一季]（新闻女王2；第二季）新聞女王Ⅱ(2025)[更至20／25集]香港 剧情佘诗曼 黄宗泽 李施嬅 高海宁 王敏奕夸克网盘：" movie_title_season="新闻女王2" patterns=['^新闻女王2.*', '.*【新闻女王2】.*', '.*新闻女王2.*1080p.*', '.*新闻女王2.*S\\d{2}E\\d{2}', '.*《新闻女王2》.*', '.*「新闻女王2」.*', '.*[:：]新闻女王2.*', '.*新闻女王2[(（]20\\d{2}[）)]']
2025-11-21 12:45:07 [INFO] app.modules.filter.services.regex_target_link_filter:50 - 匹配成功: link_title="新闻女王2 (2025)更至20集 [4K][国语&粤语][佘诗曼/黄宗泽]/ 新闻女王 第二季描述：半年间，SNK剧变，总监余英飞离职、门外汉古肇华空降。张家妍虽掌权却难服众。刘艳的公开平台崛起，动摇传统媒体地位，连已入官场的许诗晴亦被卷入新旧媒体的角力。文慧心于此时复出，昭告世人：新闻女王的地位永远不可撼动！" movie_title_season="新闻女王2" pattern="^新闻女王2.*"
2025-11-21 12:45:07 [INFO] app.modules.filter.services.target_episode_filter_service:137 - 开始处理链接：--- 新闻女王2 (2025)更至20集 [4K][国语&粤语][佘诗曼/黄宗泽]/ 新闻女王 第二季描述：半年间，SNK剧变，总监余英飞离职、门外汉古肇华空降。张家妍虽掌权却难服众。刘艳的公开平台崛起，动摇传统媒体地位，连已入官场的许诗晴亦被卷入新旧媒体的角力。文慧心于此时复出，昭告世人：新闻女王的地位永远不可撼动！ https://pan.quark.cn/s/978026e62684
2025-11-21 12:45:08 [INFO] app.modules.filter.services.regex_target_link_filter:50 - 匹配成功: link_title="新闻女王2 新聞女王Ⅱ (2025) [WEB-4K] [国粤双语] [内嵌简中] [更至20集]描述：半年间，SNK剧变，总监余英飞离职、门外汉古肇华空降。张家妍虽掌权却难服众。刘艳的公开平台崛起，动摇传统媒体地位，连已入官场的许诗晴亦被卷入新旧媒体的角力。文慧心于此时复出，昭告世人：新闻女王的地位永远不可撼动！" movie_title_season="新闻女王2" pattern="^新闻女王2.*"
2025-11-21 12:45:08 [INFO] app.modules.filter.services.target_episode_filter_service:137 - 开始处理链接：--- 新闻女王2 新聞女王Ⅱ (2025) [WEB-4K] [国粤双语] [内嵌简中] [更至20集]描述：半年间，SNK剧变，总监余英飞离职、门外汉古肇华空降。张家妍虽掌权却难服众。刘艳的公开平台崛起，动摇传统媒体地位，连已入官场的许诗晴亦被卷入新旧媒体的角力。文慧心于此时复出，昭告世人：新闻女王的地位永远不可撼动！ https://pan.quark.cn/s/78671d8397f3
2025-11-21 12:45:08 [INFO] app.modules.filter.services.target_episode_filter_service:128 - 最终选择 20 个文件来覆盖新剧集: ['XWNWSSM2-20.mkv', 'XWNWSSM2-19.mkv', 'XWNWSSM2-18.mkv', 'XWNWSSM2-17.mkv', 'XWNWSSM2-16.mkv', 'XWNWSSM2-15.mkv', 'XWNWSSM2-14.mkv', 'XWNWSSM2-13.mkv', 'XWNWSSM2-12.mkv', 'XWNWSSM2-11.mkv', 'XWNWSSM2-10.mkv', 'XWNWSSM2-09.mkv', 'XWNWSSM2-08.mkv', 'XWNWSSM2-07.mkv', 'XWNWSSM2-06.mkv', 'XWNWSSM2-05.mkv', 'XWNWSSM2-04.mkv', 'XWNWSSM2-03.mkv', 'XWNWSSM2-02.mkv', 'XWNWSSM2-01.mkv']
2025-11-21 12:45:08 [INFO] app.modules.filter.services.target_episode_filter_service:141 - 获取到目标剧集组合，来自链接：https://pan.quark.cn/s/78671d8397f3
2025-11-21 12:45:08 [INFO] app.modules.filter.flow:138 - 新闻女王2 | https://pan.quark.cn/s/78671d8397f3 跳过（更新至 20，比备选https://pan.quark.cn/s/6ceeb5cc2bf5 | 20 更少）
2025-11-21 12:45:08 [INFO] app.modules.filter.services.regex_target_link_filter:50 - 匹配成功: link_title="新闻女王2 / 新闻女王 第二季 (2025) 4K SDR 60帧 国粤双语【更新EP20】描述：半年间，SNK剧变，总监余英飞离职、门外汉古肇华空降。张家妍虽掌权却难服众。刘艳的公开平台崛起，动摇传统媒体地位，连已入官场的许诗晴亦被卷入新旧媒体的角力。文慧心于此时复出，昭告世人：新闻女王的地位永远不可撼动！夸克：" movie_title_season="新闻女王2" pattern="^新闻女王2.*"
2025-11-21 12:45:08 [INFO] app.modules.filter.services.target_episode_filter_service:137 - 开始处理链接：--- 新闻女王2 / 新闻女王 第二季 (2025) 4K SDR 60帧 国粤双语【更新EP20】描述：半年间，SNK剧变，总监余英飞离职、门外汉古肇华空降。张家妍虽掌权却难服众。刘艳的公开平台崛起，动摇传统媒体地位，连已入官场的许诗晴亦被卷入新旧媒体的角力。文慧心于此时复出，昭告世人：新闻女王的地位永远不可撼动！夸克： https://pan.quark.cn/s/3b0b7e405cdb
2025-11-21 12:45:09 [INFO] app.modules.filter.services.target_episode_filter_service:128 - 最终选择 46 个文件来覆盖新剧集: ['S01E26.mp4', 'S01E25.mp4', 'S01E24.mp4', 'S01E23.mp4', 'S01E22.mp4', 'S01E21.mp4', 'S01E20.mp4', 'S01E19.mp4', 'S01E18.mp4', 'S01E17.mp4', 'S01E16.mp4', 'S01E15.mp4', 'S01E14.mp4', 'S01E13.mp4', 'S01E12.mp4', 'S01E11.mp4', 'S01E10.mp4', 'S01E09.mp4', 'S01E08.mp4', 'S01E07.mp4', 'S01E06.mp4', 'S01E05.mp4', 'S01E04.mp4', 'S01E03.mp4', 'S01E02.mp4', 'S01E01.mp4', 'S01E20.2025.2160p.60fps.WEB-DL.H265.AAC.2Audios.mkv', 'S01E19.2025.2160p.60fps.WEB-DL.H265.AAC.2Audios.mp4', 'S01E18.2025.2160p.60fps.WEB-DL.H265.AAC.2Audio.mkv', 'S01E17.2025.2160p.60fps.WEB-DL.H265.AAC.2Audios.mp4', 'S01E16.2025.2160p.60fps.WEB-DL.H265.AAC.2Audios.mp4', 'S01E15.2025.2160p.60fps.WEB-DL.H265.AAC.2Audios.mp4', 'S01E14.2025.2160p.60fps.WEB-DL.H265.AAC.2Audios.mkv', 'S01E13.2025.2160p.60fps.WEB-DL.H265.AAC.2Audios.mkv', 'S01E12.2025.2160p.60fps.WEB-DL.H265.AAC.2Audios.mkv', 'S01E11.2025.2160p.60fps.WEB-DL.H265.AAC.2Audios.mkv', 'S01E10.2025.2160p.60fps.WEB-DL.H265.AAC.2Audios.mkv', 'S01E09.2025.2160p.60fps.WEB-DL.H265.AAC.2Audios.mkv', 'S01E08.2025.2160p.60fps.WEB-DL.H265.AAC.2Audios.mkv', 'S01E07.2025.2160p.60fps.WEB-DL.H265.AAC.2Audios.mkv', 'S01E06.2025.2160p.60fps.WEB-DL.H265.AAC.2Audios.mkv', 'S01E05.2025.2160p.60fps.WEB-DL.H265.AAC.2Audios.mkv', 'S01E04.2025.2160p.60fps.WEB-DL.H265.AAC.2Audios.mkv', 'S01E03.2025.2160p.60fps.WEB-DL.H265.AAC.2Audios.mkv', 'S01E02.2025.2160p.60fps.WEB-DL.H265.AAC.2Audios.mkv', 'S01E01.2025.2160p.60fps.WEB-DL.H265.AAC.2Audios.mkv']
2025-11-21 12:45:09 [INFO] app.modules.filter.services.target_episode_filter_service:141 - 获取到目标剧集组合，来自链接：https://pan.quark.cn/s/3b0b7e405cdb
2025-11-21 12:45:09 [WARNING] app.modules.filter.flow:110 - 新闻女王2 | https://pan.quark.cn/s/3b0b7e405cdb 更新超出容忍范围,被跳过: 26 > 21 + 2
2025-11-21 12:45:09 [INFO] app.modules.filter.services.regex_target_link_filter:50 - 匹配成功: link_title="资源标题：新闻女王2 (2025)剧情 国粤双语 4KHQ60FPS 更新20集资源描述：半年间，SNK剧变，总监余英飞离职、门外汉古肇华空降。张家妍虽掌权却难服众。刘艳的公开平台崛起，动摇传统媒体地位，连已入官场的许诗晴亦被卷入新旧媒体的角力。文慧心于此时复出，昭告世人：新闻女王的地位永远不可撼动！" movie_title_season="新闻女王2" pattern=".*[:：]新闻女王2.*"
2025-11-21 12:45:09 [INFO] app.modules.filter.services.target_episode_filter_service:137 - 开始处理链接：--- 资源标题：新闻女王2 (2025)剧情 国粤双语 4KHQ60FPS 更新20集资源描述：半年间，SNK剧变，总监余英飞离职、门外汉古肇华空降。张家妍虽掌权却难服众。刘艳的公开平台崛起，动摇传统媒体地位，连已入官场的许诗晴亦被卷入新旧媒体的角力。文慧心于此时复出，昭告世人：新闻女王的地位永远不可撼动！ https://pan.quark.cn/s/0e542c421618
2025-11-21 12:45:09 [INFO] app.modules.filter.services.target_episode_filter_service:128 - 最终选择 40 个文件来覆盖新剧集: ['X.W.N.W.2.2025.S02E20.2160p.HQ.60fps.WEB-DL.H265.10bit.HDR10.AAC-GyWEB.mp4', 'X.W.N.W.2.2025.S02E19.2160p.HQ.60fps.WEB-DL.H265.10bit.HDR10.AAC-GyWEB.mp4', 'X.W.N.W.2.2025.S02E18.2160p.HQ.60fps.WEB-DL.H265.10bit.HDR10.AAC-GyWEB.mp4', 'X.W.N.W.2.2025.S02E17.2160p.HQ.60fps.WEB-DL.H265.10bit.HDR10.AAC-GyWEB.mp4', 'X.W.N.W.2.2025.S02E16.2160p.HQ.60fps.WEB-DL.H265.10bit.HDR10.AAC-GyWEB.mp4', 'X.W.N.W.2.2025.S02E15.2160p.HQ.60fps.WEB-DL.H265.10bit.HDR10.AAC-GyWEB.mp4', 'X.W.N.W.2.2025.S02E14.2160p.HQ.60fps.WEB-DL.H265.10bit.HDR10.AAC-GyWEB.mp4', 'X.W.N.W.2.2025.S02E13.2160p.HQ.60fps.WEB-DL.H265.10bit.HDR10.AAC-GyWEB.mp4', 'X.W.N.W.2.2025.S02E12.2160p.HQ.60fps.WEB-DL.H265.10bit.HDR10.AAC-GyWEB.mp4', 'X.W.N.W.2.2025.S02E11.2160p.HQ.60fps.WEB-DL.H265.10bit.HDR10.AAC-GyWEB.mp4', 'X.W.N.W.2.2025.S02E10.2160p.HQ.60fps.WEB-DL.H265.10bit.HDR10.AAC-GyWEB.mp4', 'X.W.N.W.2.2025.S02E09.2160p.HQ.60fps.WEB-DL.H265.10bit.HDR10.AAC-GyWEB.mp4', 'X.W.N.W.2.2025.S02E08.2160p.HQ.60fps.WEB-DL.H265.10bit.HDR10.AAC-GyWEB.mp4', 'X.W.N.W.2.2025.S02E07.2160p.HQ.60fps.WEB-DL.H265.10bit.HDR10.AAC-GyWEB.mp4', 'X.W.N.W.2.2025.S02E06.2160p.HQ.60fps.WEB-DL.H265.10bit.HDR10.AAC-GyWEB.mp4', 'X.W.N.W.2.2025.S02E05.2160p.HQ.60fps.WEB-DL.H265.10bit.HDR10.AAC-GyWEB.mp4', 'X.W.N.W.2.2025.S02E04.2160p.HQ.60fps.WEB-DL.H265.10bit.HDR10.AAC-GyWEB.mp4', 'X.W.N.W.2.2025.S02E03.2160p.HQ.60fps.WEB-DL.H265.10bit.HDR10.AAC-GyWEB.mp4', 'X.W.N.W.2.2025.S02E02.2160p.HQ.60fps.WEB-DL.H265.10bit.HDR10.AAC-GyWEB.mp4', 'X.W.N.W.2.2025.S02E01.2160p.HQ.60fps.WEB-DL.H265.10bit.HDR10.AAC-GyWEB.mp4', 'X.W.N.W.2.2025.S02E20.2160p.60fps.WEB-DL.H265.10bit.AAC-GyWEB.mp4', 'X.W.N.W.2.2025.S02E19.2160p.60fps.WEB-DL.H265.10bit.AAC-GyWEB.mp4', 'X.W.N.W.2.2025.S02E18.2160p.60fps.WEB-DL.H265.10bit.AAC-GyWEB.mp4', 'X.W.N.W.2.2025.S02E17.2160p.60fps.WEB-DL.H265.10bit.AAC-GyWEB.mp4', 'X.W.N.W.2.2025.S02E16.2160p.60fps.WEB-DL.H265.10bit.AAC-GyWEB.mp4', 'X.W.N.W.2.2025.S02E15.2160p.60fps.WEB-DL.H265.10bit.AAC-GyWEB.mp4', 'X.W.N.W.2.2025.S02E14.2160p.60fps.WEB-DL.H265.10bit.AAC-GyWEB.mp4', 'X.W.N.W.2.2025.S02E13.2160p.60fps.WEB-DL.H265.10bit.AAC-GyWEB.mp4', 'X.W.N.W.2.2025.S02E12.2160p.60fps.WEB-DL.H265.10bit.AAC-GyWEB.mp4', 'X.W.N.W.2.2025.S02E11.2160p.60fps.WEB-DL.H265.10bit.AAC-GyWEB.mp4', 'X.W.N.W.2.2025.S02E10.2160p.60fps.WEB-DL.H265.10bit.AAC-GyWEB.mp4', 'X.W.N.W.2.2025.S02E09.2160p.60fps.WEB-DL.H265.10bit.AAC-GyWEB.mp4', 'X.W.N.W.2.2025.S02E08.2160p.60fps.WEB-DL.H265.10bit.AAC-GyWEB.mp4', 'X.W.N.W.2.2025.S02E07.2160p.60fps.WEB-DL.H265.10bit.AAC-GyWEB.mp4', 'X.W.N.W.2.2025.S02E06.2160p.60fps.WEB-DL.H265.10bit.AAC-GyWEB.mp4', 'X.W.N.W.2.2025.S02E05.2160p.60fps.WEB-DL.H265.10bit.AAC-GyWEB.mp4', 'X.W.N.W.2.2025.S02E04.2160p.60fps.WEB-DL.H265.10bit.AAC-GyWEB.mp4', 'X.W.N.W.2.2025.S02E03.2160p.60fps.WEB-DL.H265.10bit.AAC-GyWEB.mp4', 'X.W.N.W.2.2025.S02E02.2160p.60fps.WEB-DL.H265.10bit.AAC-GyWEB.mp4', 'X.W.N.W.2.2025.S02E01.2160p.60fps.WEB-DL.H265.10bit.AAC-GyWEB.mp4']
2025-11-21 12:45:09 [INFO] app.modules.filter.services.target_episode_filter_service:141 - 获取到目标剧集组合，来自链接：https://pan.quark.cn/s/0e542c421618
2025-11-21 12:45:09 [INFO] app.modules.filter.flow:138 - 新闻女王2 | https://pan.quark.cn/s/0e542c421618 跳过（更新至 20，比备选https://pan.quark.cn/s/6ceeb5cc2bf5 | 20 更少）
2025-11-21 12:45:09 [INFO] app.modules.filter.flow:158 - 新闻女王2分享链接遍历完成，无可用分享链接
2025-11-21 12:45:09 [INFO] app.modules.storage_operations.services.save_episodes_to_cloud:44 - 未筛选到适合['mkv', 'mp4', 'avi', 'mov', 'm4v', 'wmv', 'flv', 'torrent', 'srt', 'ass', 'sub', 'mp3', 'aac', 'zip']的链接
2025-11-21 12:45:09 [INFO] app.modules.storage_operations.services.save_episodes_to_cloud:44 - 未筛选到适合['mkv', 'mp4', 'avi', 'mov', 'm4v', 'wmv', 'flv', 'torrent', 'srt', 'ass', 'sub', 'mp3', 'aac', 'zip']的链接
2025-11-21 12:45:14 [INFO] app.modules.filter.services.target_episode_filter_service:128 - 最终选择 69 个文件来覆盖新剧集: ['The QUEEN of News S02E20 - 第 20 集 - 2160p WEB-DL H265 AAC 2Audio.mkv', 'The QUEEN of News S02E19 - 第 19 集 - 2160p WEB-DL H265 AAC 2Audio.mkv', 'The QUEEN of News S02E18 - 第 18 集 - 2160p WEB-DL H265 AAC 2Audio.mkv', 'The QUEEN of News S02E17 - 第 17 集 - 2160p WEB-DL H265 AAC 2Audio.mkv', 'The QUEEN of News S02E16 - 第 16 集 - 2160p WEB-DL H265 AAC 2Audio.mkv', 'The QUEEN of News S02E15 - 第 15 集 - 2160p WEB-DL H265 AAC 2Audio.mkv', 'The QUEEN of News S02E14 - 第 14 集 - 2160p WEB-DL H265 AAC 2Audio.mkv', 'The QUEEN of News S02E13 - 第 13 集 - 2160p WEB-DL H265 AAC 2Audio.mkv', 'The QUEEN of News S02E12 - 第 12 集 - 2160p WEB-DL H265 AAC 2Audio.mkv', 'The QUEEN of News S02E11 - 第 11 集 - 2160p WEB-DL H265 AAC 2Audio.mkv', 'The QUEEN of News S02E10 - 第 10 集 - 2160p WEB-DL H265 AAC 2Audio.mkv', 'The QUEEN of News S02E09 - 第 9 集 - 2160p WEB-DL H265 AAC 2Audio.mkv', 'The QUEEN of News S02E08 - 第 8 集 - 2160p WEB-DL H265 AAC 2Audio.mkv', 'The QUEEN of News S02E07 - 第 7 集 - 2160p WEB-DL H265 AAC 2Audio.mkv', 'The QUEEN of News S02E06 - 第 6 集 - 2160p WEB-DL H265 AAC 2Audio.mkv', 'The QUEEN of News S02E05 - 第 5 集 - 2160p WEB-DL H265 AAC 2Audio.mkv', 'The QUEEN of News S02E04 - 第 4 集 - 2160p WEB-DL H265 AAC 2Audio.mkv', 'The QUEEN of News S02E03 - 第 3 集 - 2160p WEB-DL H265 AAC 2Audio.mkv', 'The QUEEN of News S02E02 - 第 2 集 - 2160p WEB-DL H265 AAC 2Audio.mkv', 'The QUEEN of News S02E01 - 第 1 集 - 2160p WEB-DL H265 AAC 2Audio.mkv', 'The QUEEN of News S02E20 - 第 20 集 - 2160p WEB-DL DV HQ H265 AAC 2Audio.mkv', 'The QUEEN of News S02E19 - 第 19 集 - 2160p WEB-DL DV HQ H265 AAC 2Audio.mkv', 'The QUEEN of News S02E18 - 第 18 集 - 2160p WEB-DL DV HQ H265 AAC 2Audio.mkv', 'The QUEEN of News S02E17 - 第 17 集 - 2160p WEB-DL DV HQ H265 AAC 2Audio.mkv', 'The QUEEN of News S02E16 - 第 16 集 - 2160p WEB-DL DV HQ H265 AAC 2Audio.mkv', 'The QUEEN of News S02E15 - 第 15 集 - 2160p WEB-DL DV HQ H265 AAC 2Audio.mkv', 'The QUEEN of News S02E14 - 第 14 集 - 2160p WEB-DL DV HQ H265 AAC 2Audio.mkv', 'The QUEEN of News S02E13 - 第 13 集 - 2160p WEB-DL DV HQ H265 AAC 2Audio.mkv', 'The QUEEN of News S02E12 - 第 12 集 - 2160p WEB-DL DV HQ H265 AAC 2Audio.mkv', 'The QUEEN of News S02E11 - 第 11 集 - 2160p WEB-DL DV HQ H265 AAC 2Audio.mkv', 'The QUEEN of News S02E10 - 第 10 集 - 2160p WEB-DL DV HQ H265 AAC 2Audio.mkv', 'The QUEEN of News S02E09 - 第 9 集 - 2160p WEB-DL DV HQ H265 AAC 2Audio.mkv', 'The QUEEN of News S02E08 - 第 8 集 - 2160p WEB-DL DV HQ H265 AAC 2Audio.mkv', 'The QUEEN of News S02E07 - 第 7 集 - 2160p WEB-DL DV HQ H265 AAC 2Audio.mkv', 'The QUEEN of News S02E06 - 第 6 集 - 2160p WEB-DL DV HQ H265 AAC 2Audio.mkv', 'The QUEEN of News S02E05 - 第 5 集 - 2160p WEB-DL DV HQ H265 AAC 2Audio.mkv', 'The QUEEN of News S02E04 - 第 4 集 - 2160p WEB-DL DV HQ H265 AAC 2Audio.mkv', 'The QUEEN of News S02E03 - 第 3 集 - 2160p WEB-DL DV HQ H265 AAC 2Audio.mkv', 'The QUEEN of News S02E02 - 第 2 集 - 2160p WEB-DL DV HQ H265 AAC 2Audio.mkv', 'The QUEEN of News S02E01 - 第 1 集 - 2160p WEB-DL DV HQ H265 AAC 2Audio.zh.srt', 'The QUEEN of News S02E01 - 第 1 集 - 2160p WEB-DL DV HQ H265 AAC 2Audio.mkv', 'The QUEEN of News S01E26 - 第 26 集 - 2160p WEB-DL HQ H265 10bit AAC.mp4', 'The QUEEN of News S01E25 - 第 25 集 - 2160p WEB-DL HQ H265 10bit AAC.mp4', 'The QUEEN of News S01E24 - 第 24 集 - 2160p WEB-DL HQ H265 10bit AAC.mp4', 'The QUEEN of News S01E23 - 第 23 集 - 2160p WEB-DL HQ H265 10bit AAC.mp4', 'The QUEEN of News S01E22 - 第 22 集 - 2160p WEB-DL HQ H265 10bit AAC.mp4', 'The QUEEN of News S01E21 - 第 21 集 - 2160p WEB-DL HQ H265 10bit AAC.mp4', 'The QUEEN of News S01E20 - 第 20 集 - 2160p WEB-DL HQ H265 10bit AAC.mp4', 'The QUEEN of News S01E19 - 第 19 集 - 2160p WEB-DL HQ H265 10bit AAC.mp4', 'The QUEEN of News S01E18 - 第 18 集 - 2160p WEB-DL HQ H265 10bit AAC.mp4', 'The QUEEN of News S01E17 - 第 17 集 - 2160p WEB-DL HQ H265 10bit AAC.mp4', 'The QUEEN of News S01E16 - 第 16 集 - 2160p WEB-DL HQ H265 10bit AAC.mp4', 'The QUEEN of News S01E15 - 第 15 集 - 2160p WEB-DL HQ H265 10bit AAC.mp4', 'The QUEEN of News S01E14 - 第 14 集 - 2160p WEB-DL HQ H265 10bit AAC.mp4', 'The QUEEN of News S01E13 - 第 13 集 - 2160p WEB-DL HQ H265 10bit AAC.mp4', 'The QUEEN of News S01E12 - 第 12 集 - 2160p WEB-DL HQ H265 10bit AAC.mp4', 'The QUEEN of News S01E11 - 第 11 集 - 2160p WEB-DL HQ H265 10bit AAC.mp4', 'The QUEEN of News S01E10 - 第 10 集 - 2160p WEB-DL HQ H265 10bit AAC.mp4', 'The QUEEN of News S01E09 - 第 9 集 - 2160p WEB-DL HQ H265 10bit AAC.mp4', 'The QUEEN of News S01E08 - 第 8 集 - 2160p WEB-DL HQ H265 10bit AAC.mp4', 'The QUEEN of News S01E07 - 第 7 集 - 2160p WEB-DL HQ H265 10bit AAC.mp4', 'The QUEEN of News S01E06 - 第 6 集 - 2160p WEB-DL HQ H265 10bit AAC.mp4', 'The QUEEN of News S01E05 - 第 5 集 - 2160p WEB-DL HQ H265 10bit AAC.mp4', 'The QUEEN of News S01E04 - 第 4 集 - 2160p WEB-DL HQ H265 10bit AAC.mp4', 'The QUEEN of News S01E03 - 第 3 集 - 2160p WEB-DL HQ H265 10bit AAC.mp4', 'The QUEEN of News S01E02 - 第 2 集 - 2160p WEB-DL HQ H265 10bit AAC.mp4', 'The QUEEN of News S01E01 - 第 1 集 - 2160p WEB-DL HQ H265 10bit AAC.mp4', 'season02-poster.jpg', 'season01-poster.jpg']
2025-11-21 12:45:14 [INFO] app.modules.filter.services.target_episode_filter_service:141 - 获取到目标剧集组合，来自链接：https://pan.baidu.com/s/1yrA4BS0V63ZprAC_lq_ZmA?pwd=8os3
2025-11-21 12:45:14 [WARNING] app.modules.filter.flow:110 - 新闻女王2 | https://pan.baidu.com/s/1yrA4BS0V63ZprAC_lq_ZmA?pwd=8os3 更新超出容忍范围,被跳过: 26 > 21 + 2
2025-11-21 12:45:15 [INFO] app.modules.filter.services.regex_target_link_filter:50 - 匹配成功: link_title="🗄 新闻女王/新闻女王2(2025)【更20集】【4K.普码】【国粤双语】【内嵌简中】【附第一季】" movie_title_season="新闻女王2" pattern=".*新闻女王2[(（]20\d{2}[）)]"
2025-11-21 12:45:15 [INFO] app.modules.filter.services.target_episode_filter_service:137 - 开始处理链接：--- 🗄 新闻女王/新闻女王2(2025)【更20集】【4K.普码】【国粤双语】【内嵌简中】【附第一季】 https://pan.baidu.com/s/1NaKehOngqlT5iBvENHI2rw?pwd=Yu66
2025-11-21 12:45:16 [INFO] app.modules.filter.services.target_episode_filter_service:128 - 最终选择 48 个文件来覆盖新剧集: ['The QUEEN of News S02E20 - 第 20 集 - 2160p WEB-DL H265 AAC 2Audio.mkv', 'The QUEEN of News S02E19 - 第 19 集 - 2160p WEB-DL H265 AAC 2Audio.mkv', 'The QUEEN of News S02E18 - 第 18 集 - 2160p WEB-DL H265 AAC 2Audio.mkv', 'The QUEEN of News S02E17 - 第 17 集 - 2160p WEB-DL H265 AAC 2Audio.mkv', 'The QUEEN of News S02E16 - 第 16 集 - 2160p WEB-DL H265 AAC 2Audio.mkv', 'The QUEEN of News S02E15 - 第 15 集 - 2160p WEB-DL H265 AAC 2Audio.mkv', 'The QUEEN of News S02E14 - 第 14 集 - 2160p WEB-DL H265 AAC 2Audio.mkv', 'The QUEEN of News S02E13 - 第 13 集 - 2160p WEB-DL H265 AAC 2Audio.mkv', 'The QUEEN of News S02E12 - 第 12 集 - 2160p WEB-DL H265 AAC 2Audio.mkv', 'The QUEEN of News S02E11 - 第 11 集 - 2160p WEB-DL H265 AAC 2Audio.mkv', 'The QUEEN of News S02E10 - 第 10 集 - 2160p WEB-DL H265 AAC 2Audio.mkv', 'The QUEEN of News S02E09 - 第 9 集 - 2160p WEB-DL H265 AAC 2Audio.mkv', 'The QUEEN of News S02E08 - 第 8 集 - 2160p WEB-DL H265 AAC 2Audio.mkv', 'The QUEEN of News S02E07 - 第 7 集 - 2160p WEB-DL H265 AAC 2Audio.mkv', 'The QUEEN of News S02E06 - 第 6 集 - 2160p WEB-DL H265 AAC 2Audio.mkv', 'The QUEEN of News S02E05 - 第 5 集 - 2160p WEB-DL H265 AAC 2Audio.mkv', 'The QUEEN of News S02E04 - 第 4 集 - 2160p WEB-DL H265 AAC 2Audio.mkv', 'The QUEEN of News S02E03 - 第 3 集 - 2160p WEB-DL H265 AAC 2Audio.mkv', 'The QUEEN of News S02E02 - 第 2 集 - 2160p WEB-DL H265 AAC 2Audio.mkv', 'The QUEEN of News S02E01 - 第 1 集 - 2160p WEB-DL H265 AAC 2Audio.mkv', 'The QUEEN of News S01E26 - 第 26 集 - 2160p WEB-DL HQ H265 10bit AAC.mp4', 'The QUEEN of News S01E25 - 第 25 集 - 2160p WEB-DL HQ H265 10bit AAC.mp4', 'The QUEEN of News S01E24 - 第 24 集 - 2160p WEB-DL HQ H265 10bit AAC.mp4', 'The QUEEN of News S01E23 - 第 23 集 - 2160p WEB-DL HQ H265 10bit AAC.mp4', 'The QUEEN of News S01E22 - 第 22 集 - 2160p WEB-DL HQ H265 10bit AAC.mp4', 'The QUEEN of News S01E21 - 第 21 集 - 2160p WEB-DL HQ H265 10bit AAC.mp4', 'The QUEEN of News S01E20 - 第 20 集 - 2160p WEB-DL HQ H265 10bit AAC.mp4', 'The QUEEN of News S01E19 - 第 19 集 - 2160p WEB-DL HQ H265 10bit AAC.mp4', 'The QUEEN of News S01E18 - 第 18 集 - 2160p WEB-DL HQ H265 10bit AAC.mp4', 'The QUEEN of News S01E17 - 第 17 集 - 2160p WEB-DL HQ H265 10bit AAC.mp4', 'The QUEEN of News S01E16 - 第 16 集 - 2160p WEB-DL HQ H265 10bit AAC.mp4', 'The QUEEN of News S01E15 - 第 15 集 - 2160p WEB-DL HQ H265 10bit AAC.mp4', 'The QUEEN of News S01E14 - 第 14 集 - 2160p WEB-DL HQ H265 10bit AAC.mp4', 'The QUEEN of News S01E13 - 第 13 集 - 2160p WEB-DL HQ H265 10bit AAC.mp4', 'The QUEEN of News S01E12 - 第 12 集 - 2160p WEB-DL HQ H265 10bit AAC.mp4', 'The QUEEN of News S01E11 - 第 11 集 - 2160p WEB-DL HQ H265 10bit AAC.mp4', 'The QUEEN of News S01E10 - 第 10 集 - 2160p WEB-DL HQ H265 10bit AAC.mp4', 'The QUEEN of News S01E09 - 第 9 集 - 2160p WEB-DL HQ H265 10bit AAC.mp4', 'The QUEEN of News S01E08 - 第 8 集 - 2160p WEB-DL HQ H265 10bit AAC.mp4', 'The QUEEN of News S01E07 - 第 7 集 - 2160p WEB-DL HQ H265 10bit AAC.mp4', 'The QUEEN of News S01E06 - 第 6 集 - 2160p WEB-DL HQ H265 10bit AAC.mp4', 'The QUEEN of News S01E05 - 第 5 集 - 2160p WEB-DL HQ H265 10bit AAC.mp4', 'The QUEEN of News S01E04 - 第 4 集 - 2160p WEB-DL HQ H265 10bit AAC.mp4', 'The QUEEN of News S01E03 - 第 3 集 - 2160p WEB-DL HQ H265 10bit AAC.mp4', 'The QUEEN of News S01E02 - 第 2 集 - 2160p WEB-DL HQ H265 10bit AAC.mp4', 'The QUEEN of News S01E01 - 第 1 集 - 2160p WEB-DL HQ H265 10bit AAC.mp4', 'season02-poster.jpg', 'season01-poster.jpg']
2025-11-21 12:45:16 [INFO] app.modules.filter.services.target_episode_filter_service:141 - 获取到目标剧集组合，来自链接：https://pan.baidu.com/s/1NaKehOngqlT5iBvENHI2rw?pwd=Yu66
2025-11-21 12:45:16 [WARNING] app.modules.filter.flow:110 - 新闻女王2 | https://pan.baidu.com/s/1NaKehOngqlT5iBvENHI2rw?pwd=Yu66 更新超出容忍范围,被跳过: 26 > 21 + 2
2025-11-21 12:45:17 [INFO] app.modules.filter.services.regex_target_link_filter:50 - 匹配成功: link_title="新闻女王2 新聞女王Ⅱ /新闻女王 第二季(2025) 【佘诗曼/黄宗泽/剧情】【4K国粤双语 更新EP20】【附第一季】描述：　又名: 新闻女王 第二季 / 新闻女王 续篇 / The Queen of NEWS Ⅱ 　半年间，SNK剧变，总监余英飞离职、门外汉古肇华空降。张家妍虽掌权却难服众。刘艳的公开平台崛起，动摇传统媒体地位，连已入官场的许诗晴亦被卷入新旧媒体的角力。文慧心于此时复出，昭告世人：新闻女王的地位永远不可撼动！" movie_title_season="新闻女王2" pattern="^新闻女王2.*"
2025-11-21 12:45:17 [INFO] app.modules.filter.services.target_episode_filter_service:137 - 开始处理链接：--- 新闻女王2 新聞女王Ⅱ /新闻女王 第二季(2025) 【佘诗曼/黄宗泽/剧情】【4K国粤双语 更新EP20】【附第一季】描述：　又名: 新闻女王 第二季 / 新闻女王 续篇 / The Queen of NEWS Ⅱ 　半年间，SNK剧变，总监余英飞离职、门外汉古肇华空降。张家妍虽掌权却难服众。刘艳的公开平台崛起，动摇传统媒体地位，连已入官场的许诗晴亦被卷入新旧媒体的角力。文慧心于此时复出，昭告世人：新闻女王的地位永远不可撼动！ https://pan.baidu.com/s/1Vcdm__K4NEgXQpU-4Xhj5A?pwd=8888
2025-11-21 12:45:20 [INFO] telethon.client.updates:443 - Got difference for channel 1688099294 updates
2025-11-21 12:45:20 [INFO] telethon.client.updates:443 - Got difference for channel 1084638970 updates
2025-11-21 12:45:21 [INFO] telethon.client.updates:443 - Got difference for channel 1859684449 updates
2025-11-21 12:45:21 [INFO] telethon.client.updates:443 - Got difference for channel 1280467440 updates
2025-11-21 12:45:21 [INFO] telethon.client.updates:443 - Got difference for channel 2105390266 updates
2025-11-21 12:45:24 [INFO] app.modules.filter.services.regex_target_link_filter:50 - 匹配成功: link_title="新闻女王2 新聞女王Ⅱ (2025) [WEB-4K] [国粤双语] [内嵌简中] [更至20集]" movie_title_season="新闻女王2" pattern="^新闻女王2.*"
2025-11-21 12:45:24 [INFO] app.modules.filter.services.target_episode_filter_service:137 - 开始处理链接：--- 新闻女王2 新聞女王Ⅱ (2025) [WEB-4K] [国粤双语] [内嵌简中] [更至20集] https://pan.baidu.com/s/16DhKxxMY51_SOWgdkw6z3Q?pwd=1111
2025-11-21 12:45:25 [INFO] app.modules.filter.services.target_episode_filter_service:128 - 最终选择 20 个文件来覆盖新剧集: ['XWNWSSM2-20.mkv', 'XWNWSSM2-19.mkv', 'XWNWSSM2-18.mkv', 'XWNWSSM2-17.mkv', 'XWNWSSM2-16.mkv', 'XWNWSSM2-15.mkv', 'XWNWSSM2-14.mkv', 'XWNWSSM2-13.mkv', 'XWNWSSM2-12.mkv', 'XWNWSSM2-11.mkv', 'XWNWSSM2-10.mkv', 'XWNWSSM2-09.mkv', 'XWNWSSM2-08.mkv', 'XWNWSSM2-07.mkv', 'XWNWSSM2-06.mkv', 'XWNWSSM2-05.mkv', 'XWNWSSM2-04.mkv', 'XWNWSSM2-03.mkv', 'XWNWSSM2-02.mkv', 'XWNWSSM2-01.mkv']
2025-11-21 12:45:25 [INFO] app.modules.filter.services.target_episode_filter_service:141 - 获取到目标剧集组合，来自链接：https://pan.baidu.com/s/16DhKxxMY51_SOWgdkw6z3Q?pwd=1111
2025-11-21 12:45:25 [INFO] app.modules.filter.flow:128 - 新闻女王2 | https://pan.baidu.com/s/16DhKxxMY51_SOWgdkw6z3Q?pwd=1111 作为备选（更新至 20/21）
2025-11-21 12:45:25 [INFO] app.modules.filter.services.regex_target_link_filter:50 - 匹配成功: link_title="新闻女王2 / 新闻女王 第二季 (2025) 4K HQ DV 60FPS 高码率 [SDR.60fps] [国粤双语] [更新20集]" movie_title_season="新闻女王2" pattern="^新闻女王2.*"
2025-11-21 12:45:25 [INFO] app.modules.filter.services.target_episode_filter_service:137 - 开始处理链接：--- 新闻女王2 / 新闻女王 第二季 (2025) 4K HQ DV 60FPS 高码率 [SDR.60fps] [国粤双语] [更新20集] https://pan.baidu.com/s/15y6XJHJ7OvJWtp66ezeefA?pwd=2kp3
2025-11-21 12:45:27 [INFO] app.modules.filter.services.target_episode_filter_service:128 - 最终选择 25 个文件来覆盖新剧集: ['S02E20.2160p.HQ.WEB-DL.DV.60fps.H.265.10bit.AAC.2Audios.mkv', 'S02E19.2160p.HQ.WEB-DL.DV.60fps.H.265.10bit.AAC.2Audios.mkv', 'S02E18.2160p.HQ.WEB-DL.DV.60fps.H.265.10bit.AAC.2Audios.mkv', 'S02E17.2160p.HQ.WEB-DL.DV.60fps.H.265.10bit.AAC.2Audios.mkv', 'S02E16.2160p.HQ.WEB-DL.DV.60fps.H.265.10bit.AAC.2Audios.mkv', 'S02E20.2025.2160p.60fps.WEB-DL.H.265.10bit.AAC.2Audios.mp4', 'S02E19.2025.2160p.60fps.WEB-DL.H.265.10bit.AAC.2Audios.mp4', 'S02E18.2025.2160p.60fps.WEB-DL.H.265.10bit.AAC.2Audios.mp4', 'S02E17.2025.2160p.60fps.WEB-DL.H.265.10bit.AAC.2Audios.mp4', 'S02E16.2025.2160p.60fps.WEB-DL.H.265.10bit.AAC.2Audios.mp4', 'S02E15.2025.2160p.60fps.WEB-DL.H.265.10bit.AAC.2Audios.mp4', 'S02E14.2025.2160p.60fps.WEB-DL.H.265.10bit.AAC.2Audios.mp4', 'S02E13.2025.2160p.60fps.WEB-DL.H.265.10bit.AAC.2Audios.mp4', 'S02E12.2025.2160p.60fps.WEB-DL.H.265.10bit.AAC.2Audios.mp4', 'S02E11.2025.2160p.60fps.WEB-DL.H.265.10bit.AAC.2Audios.mp4', 'S02E10.2025.2160p.60fps.WEB-DL.H.265.10bit.AAC.2Audios.mp4', 'S02E09.2025.2160p.60fps.WEB-DL.H.265.10bit.AAC.2Audios.mp4', 'S02E08.2025.2160p.60fps.WEB-DL.H.265.10bit.AAC.2Audios.mp4', 'S02E07.2025.2160p.60fps.WEB-DL.H.265.10bit.AAC.2Audios.mp4', 'S02E06.2025.2160p.60fps.WEB-DL.H.265.10bit.AAC.2Audios.mp4', 'S02E05.2025.2160p.60fps.WEB-DL.H.265.10bit.AAC.2Audios.mp4', 'S02E04.2025.2160p.60fps.WEB-DL.H.265.10bit.AAC.2Audios.mp4', 'S02E03.2025.2160p.60fps.WEB-DL.H.265.10bit.AAC.2Audios.mp4', 'S02E02.2025.2160p.60fps.WEB-DL.H.265.10bit.AAC.2Audios.mp4', 'S02E01.2025.2160p.60fps.WEB-DL.H.265.10bit.AAC.2Audios.mp4']
2025-11-21 12:45:27 [INFO] app.modules.filter.services.target_episode_filter_service:141 - 获取到目标剧集组合，来自链接：https://pan.baidu.com/s/15y6XJHJ7OvJWtp66ezeefA?pwd=2kp3
2025-11-21 12:45:27 [INFO] app.modules.filter.flow:138 - 新闻女王2 | https://pan.baidu.com/s/15y6XJHJ7OvJWtp66ezeefA?pwd=2kp3 跳过（更新至 20，比备选https://pan.baidu.com/s/16DhKxxMY51_SOWgdkw6z3Q?pwd=1111 | 20 更少）
2025-11-21 12:45:28 [INFO] app.modules.filter.services.regex_target_link_filter:50 - 匹配成功: link_title="新闻女王2 / 新闻女王 第二季 (2025) 4K SDR 60帧 国粤双语【更新EP20】" movie_title_season="新闻女王2" pattern="^新闻女王2.*"
2025-11-21 12:45:28 [INFO] app.modules.filter.services.target_episode_filter_service:137 - 开始处理链接：--- 新闻女王2 / 新闻女王 第二季 (2025) 4K SDR 60帧 国粤双语【更新EP20】 https://pan.baidu.com/s/1fUg32YaLBafMwPYeCmIB7g?pwd=yyds
2025-11-21 12:45:29 [INFO] app.modules.filter.services.target_episode_filter_service:128 - 最终选择 46 个文件来覆盖新剧集: ['S01E26.mp4', 'S01E25.mp4', 'S01E24.mp4', 'S01E23.mp4', 'S01E22.mp4', 'S01E21.mp4', 'S01E20.mp4', 'S01E19.mp4', 'S01E18.mp4', 'S01E17.mp4', 'S01E16.mp4', 'S01E15.mp4', 'S01E14.mp4', 'S01E13.mp4', 'S01E12.mp4', 'S01E11.mp4', 'S01E10.mp4', 'S01E09.mp4', 'S01E08.mp4', 'S01E07.mp4', 'S01E06.mp4', 'S01E05.mp4', 'S01E04.mp4', 'S01E03.mp4', 'S01E02.mp4', 'S01E01.mp4', 'S02E08.2025.2160p.WEB-DL.AAC.H.265.mkv', 'S02E07.2025.2160p.WEB-DL.AAC.H.265.mkv', 'S01E20.2025.2160p.60fps.WEB-DL.H265.AAC.2Audios.mkv', 'S01E19.2025.2160p.60fps.WEB-DL.H265.AAC.2Audio.mp4', 'S01E18.2025.2160p.60fps.WEB-DL.H265.AAC.2Audio.mkv', 'S01E17.2025.2160p.60fps.WEB-DL.H265.AAC.2Audios.mp4', 'S01E16.2025.2160p.60fps.WEB-DL.H265.AAC.2Audios.mp4', 'S01E15.2025.2160p.60fps.WEB-DL.H265.AAC.2Audios.mp4', 'S01E14.2025.2160p.60fps.WEB-DL.H265.AAC.2Audios.mkv', 'S01E13.2025.2160p.60fps.WEB-DL.H265.AAC.2Audios.mkv', 'S01E12.2025.2160p.60fps.WEB-DL.H265.AAC.2Audios.mkv', 'S01E11.2025.2160p.60fps.WEB-DL.H265.AAC.2Audios.mkv', 'S01E10.2025.2160p.60fps.WEB-DL.H265.AAC.2Audios.mkv', 'S01E09.2025.2160p.60fps.WEB-DL.H265.AAC.2Audios.mkv', 'S01E06.2025.2160p.60fps.WEB-DL.H265.AAC.2Audios.mkv', 'S01E05.2025.2160p.60fps.WEB-DL.H265.AAC.2Audios.mkv', 'S01E04.2025.2160p.60fps.WEB-DL.H265.AAC.2Audios.mkv', 'S01E03.2025.2160p.60fps.WEB-DL.H265.AAC.2Audios.mkv', 'S01E02.2025.2160p.60fps.WEB-DL.H265.AAC.2Audios.mkv', 'S01E01.2025.2160p.60fps.WEB-DL.H265.AAC.2Audios.mkv']
2025-11-21 12:45:29 [INFO] app.modules.filter.services.target_episode_filter_service:141 - 获取到目标剧集组合，来自链接：https://pan.baidu.com/s/1fUg32YaLBafMwPYeCmIB7g?pwd=yyds
2025-11-21 12:45:29 [WARNING] app.modules.filter.flow:110 - 新闻女王2 | https://pan.baidu.com/s/1fUg32YaLBafMwPYeCmIB7g?pwd=yyds 更新超出容忍范围,被跳过: 26 > 21 + 2
2025-11-21 12:45:30 [INFO] app.modules.filter.services.regex_target_link_filter:50 - 匹配成功: link_title="新闻女王2 (2025) 第1-20集【4K/60fps 国粤双语音频 无广告无台标 佘诗曼/黄宗泽】描述：半年间，SNK剧变，总监余英飞离职、门外汉古肇华空降。张家妍虽掌权却难服众。刘艳的公开平台崛起，动摇传统媒体地位，连已入官场的许诗晴亦被卷入新旧媒体的角力。文慧心于此时复出，昭告世人：新闻女王的地位永远不可撼动！" movie_title_season="新闻女王2" pattern="^新闻女王2.*"
2025-11-21 12:45:30 [INFO] app.modules.filter.services.target_episode_filter_service:137 - 开始处理链接：--- 新闻女王2 (2025) 第1-20集【4K/60fps 国粤双语音频 无广告无台标 佘诗曼/黄宗泽】描述：半年间，SNK剧变，总监余英飞离职、门外汉古肇华空降。张家妍虽掌权却难服众。刘艳的公开平台崛起，动摇传统媒体地位，连已入官场的许诗晴亦被卷入新旧媒体的角力。文慧心于此时复出，昭告世人：新闻女王的地位永远不可撼动！ https://pan.baidu.com/s/1ofJfRMJx1ZO_SZXe-EO_TA?pwd=gff3
2025-11-21 12:45:31 [INFO] app.modules.filter.services.regex_target_link_filter:50 - 匹配成功: link_title="资源标题：新闻女王2 (2025)剧情 国粤双语 4KHQ60FPS 更新20集" movie_title_season="新闻女王2" pattern=".*[:：]新闻女王2.*"
2025-11-21 12:45:31 [INFO] app.modules.filter.services.target_episode_filter_service:137 - 开始处理链接：--- 资源标题：新闻女王2 (2025)剧情 国粤双语 4KHQ60FPS 更新20集 https://pan.baidu.com/s/1BJ8alZy-5bD9IaoIWPXppw?pwd=6666
2025-11-21 12:45:33 [INFO] app.modules.filter.services.target_episode_filter_service:128 - 最终选择 40 个文件来覆盖新剧集: ['X.W.N.W.2.2025.S02E20.2160p.HQ.60fps.WEB-DL.H265.10bit.HDR10.AAC-GyWEB.mp4', 'X.W.N.W.2.2025.S02E19.2160p.HQ.60fps.WEB-DL.H265.10bit.HDR10.AAC-GyWEB.mp4', 'X.W.N.W.2.2025.S02E18.2160p.HQ.60fps.WEB-DL.H265.10bit.HDR10.AAC-GyWEB.mp4', 'X.W.N.W.2.2025.S02E17.2160p.HQ.60fps.WEB-DL.H265.10bit.HDR10.AAC-GyWEB.mp4', 'X.W.N.W.2.2025.S02E16.2160p.HQ.60fps.WEB-DL.H265.10bit.HDR10.AAC-GyWEB.mp4', 'X.W.N.W.2.2025.S02E15.2160p.HQ.60fps.WEB-DL.H265.10bit.HDR10.AAC-GyWEB.mp4', 'X.W.N.W.2.2025.S02E14.2160p.HQ.60fps.WEB-DL.H265.10bit.HDR10.AAC-GyWEB.mp4', 'X.W.N.W.2.2025.S02E13.2160p.HQ.60fps.WEB-DL.H265.10bit.HDR10.AAC-GyWEB.mp4', 'X.W.N.W.2.2025.S02E12.2160p.HQ.60fps.WEB-DL.H265.10bit.HDR10.AAC-GyWEB.mp4', 'X.W.N.W.2.2025.S02E11.2160p.HQ.60fps.WEB-DL.H265.10bit.HDR10.AAC-GyWEB.mp4', 'X.W.N.W.2.2025.S02E10.2160p.HQ.60fps.WEB-DL.H265.10bit.HDR10.AAC-GyWEB.mp4', 'X.W.N.W.2.2025.S02E09.2160p.HQ.60fps.WEB-DL.H265.10bit.HDR10.AAC-GyWEB.mp4', 'X.W.N.W.2.2025.S02E08.2160p.HQ.60fps.WEB-DL.H265.10bit.HDR10.AAC-GyWEB.mp4', 'X.W.N.W.2.2025.S02E07.2160p.HQ.60fps.WEB-DL.H265.10bit.HDR10.AAC-GyWEB.mp4', 'X.W.N.W.2.2025.S02E06.2160p.HQ.60fps.WEB-DL.H265.10bit.HDR10.AAC-GyWEB.mp4', 'X.W.N.W.2.2025.S02E05.2160p.HQ.60fps.WEB-DL.H265.10bit.HDR10.AAC-GyWEB.mp4', 'X.W.N.W.2.2025.S02E04.2160p.HQ.60fps.WEB-DL.H265.10bit.HDR10.AAC-GyWEB.mp4', 'X.W.N.W.2.2025.S02E03.2160p.HQ.60fps.WEB-DL.H265.10bit.HDR10.AAC-GyWEB.mp4', 'X.W.N.W.2.2025.S02E02.2160p.HQ.60fps.WEB-DL.H265.10bit.HDR10.AAC-GyWEB.mp4', 'X.W.N.W.2.2025.S02E01.2160p.HQ.60fps.WEB-DL.H265.10bit.HDR10.AAC-GyWEB.mp4', 'X.W.N.W.2.2025.S02E20.2160p.60fps.WEB-DL.H265.10bit.AAC-GyWEB.mp4', 'X.W.N.W.2.2025.S02E19.2160p.60fps.WEB-DL.H265.10bit.AAC-GyWEB.mp4', 'X.W.N.W.2.2025.S02E18.2160p.60fps.WEB-DL.H265.10bit.AAC-GyWEB.mp4', 'X.W.N.W.2.2025.S02E17.2160p.60fps.WEB-DL.H265.10bit.AAC-GyWEB.mp4', 'X.W.N.W.2.2025.S02E16.2160p.60fps.WEB-DL.H265.10bit.AAC-GyWEB.mp4', 'X.W.N.W.2.2025.S02E15.2160p.60fps.WEB-DL.H265.10bit.AAC-GyWEB.mp4', 'X.W.N.W.2.2025.S02E14.2160p.60fps.WEB-DL.H265.10bit.AAC-GyWEB.mp4', 'X.W.N.W.2.2025.S02E13.2160p.60fps.WEB-DL.H265.10bit.AAC-GyWEB.mp4', 'X.W.N.W.2.2025.S02E12.2160p.60fps.WEB-DL.H265.10bit.AAC-GyWEB.mp4', 'X.W.N.W.2.2025.S02E11.2160p.60fps.WEB-DL.H265.10bit.AAC-GyWEB.mp4', 'X.W.N.W.2.2025.S02E10.2160p.60fps.WEB-DL.H265.10bit.AAC-GyWEB.mp4', 'X.W.N.W.2.2025.S02E09.2160p.60fps.WEB-DL.H265.10bit.AAC-GyWEB.mp4', 'X.W.N.W.2.2025.S02E08.2160p.60fps.WEB-DL.H265.10bit.AAC-GyWEB.mp4', 'X.W.N.W.2.2025.S02E07.2160p.60fps.WEB-DL.H265.10bit.AAC-GyWEB.mp4', 'X.W.N.W.2.2025.S02E06.2160p.60fps.WEB-DL.H265.10bit.AAC-GyWEB.mp4', 'X.W.N.W.2.2025.S02E05.2160p.60fps.WEB-DL.H265.10bit.AAC-GyWEB.mp4', 'X.W.N.W.2.2025.S02E04.2160p.60fps.WEB-DL.H265.10bit.AAC-GyWEB.mp4', 'X.W.N.W.2.2025.S02E03.2160p.60fps.WEB-DL.H265.10bit.AAC-GyWEB.mp4', 'X.W.N.W.2.2025.S02E02.2160p.60fps.WEB-DL.H265.10bit.AAC-GyWEB.mp4', 'X.W.N.W.2.2025.S02E01.2160p.60fps.WEB-DL.H265.10bit.AAC-GyWEB.mp4']
2025-11-21 12:45:33 [INFO] app.modules.filter.services.target_episode_filter_service:141 - 获取到目标剧集组合，来自链接：https://pan.baidu.com/s/1BJ8alZy-5bD9IaoIWPXppw?pwd=6666
2025-11-21 12:45:33 [INFO] app.modules.filter.flow:138 - 新闻女王2 | https://pan.baidu.com/s/1BJ8alZy-5bD9IaoIWPXppw?pwd=6666 跳过（更新至 20，比备选https://pan.baidu.com/s/16DhKxxMY51_SOWgdkw6z3Q?pwd=1111 | 20 更少）
2025-11-21 12:45:33 [INFO] app.modules.filter.services.regex_target_link_filter:50 - 匹配成功: link_title="新闻女王2 更新至20集 4K SDR 60帧 高码率" movie_title_season="新闻女王2" pattern="^新闻女王2.*"
2025-11-21 12:45:33 [INFO] app.modules.filter.services.target_episode_filter_service:137 - 开始处理链接：--- 新闻女王2 更新至20集 4K SDR 60帧 高码率 https://pan.baidu.com/s/1eVAyoS6DVjaKO0Ng_XrO-A?pwd=4v7b
2025-11-21 12:45:34 [INFO] app.modules.filter.services.target_episode_filter_service:128 - 最终选择 20 个文件来覆盖新剧集: ['The.Queen.of.NEWS.S02E20.2025.2160p.HQ.WEB-DL.60fps.H.265.AAC.2Audio.mp4', 'The.Queen.of.NEWS.S02E19.2025.2160p.HQ.WEB-DL.60fps.H.265.AAC.2Audio.mp4', 'The.Queen.of.NEWS.S02E18.2025.2160p.HQ.WEB-DL.60fps.H.265.AAC.2Audio.mp4', 'The.Queen.of.NEWS.S02E17.2025.2160p.HQ.WEB-DL.60fps.H.265.AAC.2Audio.mp4', 'The.Queen.of.NEWS.S02E16.2025.2160p.HQ.WEB-DL.60fps.H.265.AAC.2Audio.mp4', 'The.Queen.of.NEWS.S02E15.2025.2160p.HQ.WEB-DL.60fps.H.265.AAC.2Audio.mp4', 'The.Queen.of.NEWS.S02E14.2025.2160p.HQ.WEB-DL.60fps.H.265.AAC.2Audio.mp4', 'The.Queen.of.NEWS.S02E13.2025.2160p.HQ.WEB-DL.60fps.H.265.AAC.2Audio.mp4', 'The.Queen.of.NEWS.S02E12.2025.2160p.HQ.WEB-DL.60fps.H.265.AAC.2Audio.mp4', 'The.Queen.of.NEWS.S02E11.2025.2160p.HQ.WEB-DL.60fps.H.265.AAC.2Audio.mp4', 'The.Queen.of.NEWS.S02E10.2025.2160p.HQ.WEB-DL.60fps.H.265.AAC.2Audio.mp4', 'The.Queen.of.NEWS.S02E09.2025.2160p.HQ.WEB-DL.60fps.H.265.AAC.2Audio.mp4', 'The.Queen.of.NEWS.S02E08.2025.2160p.HQ.WEB-DL.60fps.H.265.AAC.2Audio.mp4', 'The.Queen.of.NEWS.S02E07.2025.2160p.HQ.WEB-DL.60fps.H.265.AAC.2Audio.mp4', 'The.Queen.of.NEWS.S02E06.2025.2160p.HQ.WEB-DL.60fps.H.265.AAC.2Audio.mp4', 'The.Queen.of.NEWS.S02E05.2025.2160p.HQ.WEB-DL.60fps.H.265.AAC.2Audio.mp4', 'The.Queen.of.NEWS.S02E04.2025.2160p.HQ.WEB-DL.60fps.H.265.AAC.2Audio.mp4', 'The.Queen.of.NEWS.S02E03.2025.2160p.HQ.WEB-DL.60fps.H.265.AAC.2Audio.mp4', 'The.Queen.of.NEWS.S02E02.2025.2160p.HQ.WEB-DL.60fps.H.265.AAC.2Audio.mp4', 'The.Queen.of.NEWS.S02E01.2025.2160p.HQ.WEB-DL.60fps.H.265.AAC.2Audio.mp4']
2025-11-21 12:45:34 [INFO] app.modules.filter.services.target_episode_filter_service:141 - 获取到目标剧集组合，来自链接：https://pan.baidu.com/s/1eVAyoS6DVjaKO0Ng_XrO-A?pwd=4v7b
2025-11-21 12:45:34 [INFO] app.modules.filter.flow:138 - 新闻女王2 | https://pan.baidu.com/s/1eVAyoS6DVjaKO0Ng_XrO-A?pwd=4v7b 跳过（更新至 20，比备选https://pan.baidu.com/s/16DhKxxMY51_SOWgdkw6z3Q?pwd=1111 | 20 更少）
2025-11-21 12:45:34 [INFO] app.modules.filter.flow:158 - 新闻女王2分享链接遍历完成，无可用分享链接
2025-11-21 12:45:34 [INFO] app.modules.storage_operations.services.save_episodes_to_cloud:44 - 未筛选到适合['mkv', 'mp4', 'avi', 'mov', 'm4v', 'wmv', 'flv', 'torrent', 'srt', 'ass', 'sub', 'mp3', 'aac', 'zip']的链接
2025-11-21 12:45:38 [INFO] app.modules.filter.services.regex_target_link_filter:50 - 匹配成功: link_title="勿扰飞升 4K[臻彩]" movie_title_season="勿扰飞升" pattern="^勿扰飞升.*"
2025-11-21 12:45:38 [INFO] app.modules.filter.services.target_episode_filter_service:137 - 开始处理链接：--- 勿扰飞升 4K[臻彩] https://pan.quark.cn/s/c95b84316aeb
2025-11-21 12:45:39 [INFO] app.modules.filter.services.regex_target_link_filter:50 - 匹配成功: link_title="勿扰飞升" movie_title_season="勿扰飞升" pattern="^勿扰飞升.*"
2025-11-21 12:45:39 [INFO] app.modules.filter.services.target_episode_filter_service:137 - 开始处理链接：--- 勿扰飞升 https://pan.quark.cn/s/c44537b7846d
2025-11-21 12:45:39 [INFO] app.modules.filter.services.target_episode_filter_service:128 - 最终选择 12 个文件来覆盖新剧集: ['12-4K.高码率.mkv', '11-4K.高码率.mkv', '10-4K.高码率.mkv', '09-4K.高码率.mkv', '08-4K.高码率.mkv', '07-4K.高码率.mkv', '06-4K.高码率.mkv', '05-4K.高码率.mkv', '04-4K.高码率.mkv', '03-4K.高码率.mkv', '02-4K.高码率.mkv', '01-4K.高码率.mkv']
2025-11-21 12:45:39 [INFO] app.modules.filter.services.target_episode_filter_service:141 - 获取到目标剧集组合，来自链接：https://pan.quark.cn/s/c44537b7846d
2025-11-21 12:45:39 [INFO] app.modules.filter.flow:128 - 勿扰飞升 | https://pan.quark.cn/s/c44537b7846d 作为备选（更新至 12/19）
2025-11-21 12:45:39 [INFO] app.modules.filter.services.regex_target_link_filter:50 - 匹配成功: link_title="勿扰飞升" movie_title_season="勿扰飞升" pattern="^勿扰飞升.*"
2025-11-21 12:45:39 [INFO] app.modules.filter.services.target_episode_filter_service:137 - 开始处理链接：--- 勿扰飞升 https://pan.quark.cn/s/ac810cf770ef
2025-11-21 12:45:40 [INFO] app.modules.filter.services.target_episode_filter_service:128 - 最终选择 32 个文件来覆盖新剧集: ['S01E16.2025.2160p.WEB-DL.H265.10bit.60fps.HIFI2.0.&AAC5.1.4Audios.mkv', 'S01E15.2025.2160p.WEB-DL.H265.10bit.60fps.HIFI2.0.&AAC5.1.4Audios.mkv', 'S01E14.2025.2160p.WEB-DL.H265.10bit.60fps.HIFI2.0.&AAC5.1.4Audios.mkv', 'S01E13.2025.2160p.WEB-DL.H265.10bit.60fps.HIFI2.0.&AAC5.1.4Audios.mkv', 'S01E12.2025.2160p.WEB-DL.H265.10bit.60fps.HIFI2.0.&AAC5.1.4Audios.mkv', 'S01E11.2025.2160p.WEB-DL.H265.10bit.60fps.HIFI2.0.&AAC5.1.4Audios.mkv', 'S01E10.2025.2160p.WEB-DL.H265.10bit.60fps.HIFI2.0.&AAC5.1.4Audios.mkv', 'S01E09.2025.2160p.WEB-DL.H265.10bit.60fps.HIFI2.0.&AAC5.1.4Audios.mkv', 'S01E08.2025.2160p.WEB-DL.H265.10bit.60fps.HIFI2.0.&AAC5.1.4Audios.mkv', 'S01E07.2025.2160p.WEB-DL.H265.10bit.60fps.HIFI2.0.&AAC5.1.4Audios.mkv', 'S01E06.2025.2160p.WEB-DL.H265.10bit.60fps.HIFI2.0.&AAC5.1.4Audios.mkv', 'S01E05.2025.2160p.WEB-DL.H265.10bit.60fps.HIFI2.0.&AAC5.1.4Audios.mkv', 'S01E04.2025.2160p.WEB-DL.H265.10bit.60fps.HIFI2.0.&AAC5.1.4Audios.mkv', 'S01E03.2025.2160p.WEB-DL.H265.10bit.60fps.HIFI2.0.&AAC5.1.4Audios.mkv', 'S01E02.2025.2160p.WEB-DL.H265.10bit.60fps.HIFI2.0.&AAC5.1.4Audios.mkv', 'S01E01.2025.2160p.WEB-DL.H265.10bit.60fps.HIFI2.0.&AAC5.1.4Audios.mkv', 'S01E16.2025.2160p.60fps.WEB-DL.H265.10bit.AAC.mp4', 'S01E15.2025.2160p.60fps.WEB-DL.H265.10bit.AAC.mp4', 'S01E14.2025.2160p.60fps.WEB-DL.H265.10bit.AAC.mp4', 'S01E13.2025.2160p.60fps.WEB-DL.H265.10bit.AAC.mp4', 'S01E12.2025.2160p.60fps.WEB-DL.H265.10bit.AAC.mp4', 'S01E11.2025.2160p.60fps.WEB-DL.H265.10bit.AAC.mp4', 'S01E10.2025.2160p.60fps.WEB-DL.H265.10bit.AAC.mp4', 'S01E09.2025.2160p.60fps.WEB-DL.H265.10bit.AAC.mp4', 'S01E08.2025.2160p.60fps.WEB-DL.H265.10bit.AAC.mp4', 'S01E07.2025.2160p.60fps.WEB-DL.H265.10bit.AAC.mp4', 'S01E06.2025.2160p.60fps.WEB-DL.H265.10bit.AAC.mp4', 'S01E05.2025.2160p.60fps.WEB-DL.H265.10bit.AAC.mp4', 'S01E04.2025.2160p.60fps.WEB-DL.H265.10bit.AAC.mp4', 'S01E03.2025.2160p.60fps.WEB-DL.H265.10bit.AAC.mp4', 'S01E02.2025.2160p.60fps.WEB-DL.H265.10bit.AAC.mp4', 'S01E01.2025.2160p.60fps.WEB-DL.H265.10bit.AAC.mp4']
2025-11-21 12:45:40 [INFO] app.modules.filter.services.target_episode_filter_service:141 - 获取到目标剧集组合，来自链接：https://pan.quark.cn/s/ac810cf770ef
2025-11-21 12:45:40 [INFO] app.modules.filter.flow:128 - 勿扰飞升 | https://pan.quark.cn/s/ac810cf770ef 作为备选（更新至 16/19）
2025-11-21 12:45:40 [INFO] app.modules.filter.services.regex_target_link_filter:50 - 匹配成功: link_title="勿扰飞升‎ (2025) 4K HDR 高码率 60帧 杜比音效&立体全景声 中文字幕【4.7GB/集】更14集.描述： 改编自月下蝶影小说《勿扰飞升》 一位在凡尘界备受冷遇的亡国公主箜篌，因机缘巧合意外进入修仙世界，开启全员宠女主模式，从师傅师兄到隔壁门派，整个修仙界都对女主宠爱有加，为了吃苦头，磨练心智，箜篌主动走出舒适圈，要求下山闯荡，偶遇了病弱男子桓宗一起升级打怪闯荡修仙界，没想到桓宗竟然就是自己一直痴迷的修仙话本的大大，也是传说中的修仙界天才，箜篌顺利把作者大大拐回了门派当女婿，两人也在一次次的历练中克服了心魔，突破修为，双双成为了一代宗师。." movie_title_season="勿扰飞升" pattern="^勿扰飞升.*"
2025-11-21 12:45:40 [INFO] app.modules.filter.services.target_episode_filter_service:137 - 开始处理链接：--- 勿扰飞升‎ (2025) 4K HDR 高码率 60帧 杜比音效&立体全景声 中文字幕【4.7GB/集】更14集.描述： 改编自月下蝶影小说《勿扰飞升》 一位在凡尘界备受冷遇的亡国公主箜篌，因机缘巧合意外进入修仙世界，开启全员宠女主模式，从师傅师兄到隔壁门派，整个修仙界都对女主宠爱有加，为了吃苦头，磨练心智，箜篌主动走出舒适圈，要求下山闯荡，偶遇了病弱男子桓宗一起升级打怪闯荡修仙界，没想到桓宗竟然就是自己一直痴迷的修仙话本的大大，也是传说中的修仙界天才，箜篌顺利把作者大大拐回了门派当女婿，两人也在一次次的历练中克服了心魔，突破修为，双双成为了一代宗师。. https://pan.quark.cn/s/8ea3b9618153
2025-11-21 12:45:40 [INFO] app.modules.filter.services.regex_target_link_filter:50 - 匹配成功: link_title="勿扰飞升（又名: Flying Without Disturb）【2025国剧】（主演: 李宏毅 / 陆婷玉 ）更新至 第16集 4K SDR 60帧 高码率 [杜比音效&HIFI声&立体环绕声]【单集4G,共72G】纯净版" movie_title_season="勿扰飞升" pattern="^勿扰飞升.*"
2025-11-21 12:45:40 [INFO] app.modules.filter.services.target_episode_filter_service:137 - 开始处理链接：--- 勿扰飞升（又名: Flying Without Disturb）【2025国剧】（主演: 李宏毅 / 陆婷玉 ）更新至 第16集 4K SDR 60帧 高码率 [杜比音效&HIFI声&立体环绕声]【单集4G,共72G】纯净版 https://pan.quark.cn/s/834cbec6d41b
2025-11-21 12:45:40 [INFO] app.modules.filter.services.target_episode_filter_service:128 - 最终选择 16 个文件来覆盖新剧集: ['S01E16.2025.2160p.WEB-DL.H265.10bit.60fps.HIFI2.0.&AAC5.1.4Audios.mkv', 'S01E15.2025.2160p.WEB-DL.H265.10bit.60fps.HIFI2.0.&AAC5.1.4Audios.mkv', 'S01E14.2025.2160p.WEB-DL.H265.10bit.60fps.HIFI2.0.&AAC5.1.4Audios.mkv', 'S01E13.2025.2160p.WEB-DL.H265.10bit.60fps.HIFI2.0.&AAC5.1.4Audios.mkv', 'S01E12.2025.2160p.WEB-DL.H265.10bit.60fps.HIFI2.0.&AAC5.1.4Audios.mkv', 'S01E11.2025.2160p.WEB-DL.H265.10bit.60fps.HIFI2.0.&AAC5.1.4Audios.mkv', 'S01E10.2025.2160p.WEB-DL.H265.10bit.60fps.HIFI2.0.&AAC5.1.4Audios.mkv', 'S01E09.2025.2160p.WEB-DL.H265.10bit.60fps.HIFI2.0.&AAC5.1.4Audios.mkv', 'S01E08.2025.2160p.WEB-DL.H265.10bit.60fps.HIFI2.0.&AAC5.1.4Audios.mkv', 'S01E07.2025.2160p.WEB-DL.H265.10bit.60fps.HIFI2.0.&AAC5.1.4Audios.mkv', 'S01E06.2025.2160p.WEB-DL.H265.10bit.60fps.HIFI2.0.&AAC5.1.4Audios.mkv', 'S01E05.2025.2160p.WEB-DL.H265.10bit.60fps.HIFI2.0.&AAC5.1.4Audios.mkv', 'S01E04.2025.2160p.WEB-DL.H265.10bit.60fps.HIFI2.0.&AAC5.1.4Audios.mkv', 'S01E03.2025.2160p.WEB-DL.H265.10bit.60fps.HIFI2.0.&AAC5.1.4Audios.mkv', 'S01E02.2025.2160p.WEB-DL.H265.10bit.60fps.HIFI2.0.&AAC5.1.4Audios.mkv', 'S01E01.2025.2160p.WEB-DL.H265.10bit.60fps.HIFI2.0.&AAC5.1.4Audios.mkv']
2025-11-21 12:45:40 [INFO] app.modules.filter.services.target_episode_filter_service:141 - 获取到目标剧集组合，来自链接：https://pan.quark.cn/s/834cbec6d41b
2025-11-21 12:45:40 [INFO] app.modules.filter.flow:138 - 勿扰飞升 | https://pan.quark.cn/s/834cbec6d41b 跳过（更新至 16，比备选https://pan.quark.cn/s/ac810cf770ef | 16 更少）
2025-11-21 12:45:40 [INFO] app.modules.filter.services.regex_target_link_filter:50 - 匹配成功: link_title="勿扰飞升 (2025) 4K 臻彩MAX [HDR.Vivid.60fps] [更新16集]描述：改编自月下蝶影小说《勿扰飞升》 一位在凡尘界备受冷遇的亡国公主箜篌，因机缘巧合意外进入修仙世界，开启全员宠女主模式，从师傅师兄到隔壁门派，整个修仙界都对女主宠爱有加，为了吃苦头，磨练心智，箜篌主动走出舒适圈，要求下山闯荡，偶遇了病弱男子桓宗一起升级打怪闯荡修仙界，没想到桓宗竟然就是自己一直痴迷的修仙话本的大大，也是传说中的修仙界天才，箜篌顺利把作者大大拐回了门派当女婿，两人也在一次次的历练中克服了心魔，突破修为，双双成为了一代宗师。夸克：" movie_title_season="勿扰飞升" pattern="^勿扰飞升.*"
2025-11-21 12:45:40 [INFO] app.modules.filter.services.target_episode_filter_service:137 - 开始处理链接：--- 勿扰飞升 (2025) 4K 臻彩MAX [HDR.Vivid.60fps] [更新16集]描述：改编自月下蝶影小说《勿扰飞升》 一位在凡尘界备受冷遇的亡国公主箜篌，因机缘巧合意外进入修仙世界，开启全员宠女主模式，从师傅师兄到隔壁门派，整个修仙界都对女主宠爱有加，为了吃苦头，磨练心智，箜篌主动走出舒适圈，要求下山闯荡，偶遇了病弱男子桓宗一起升级打怪闯荡修仙界，没想到桓宗竟然就是自己一直痴迷的修仙话本的大大，也是传说中的修仙界天才，箜篌顺利把作者大大拐回了门派当女婿，两人也在一次次的历练中克服了心魔，突破修为，双双成为了一代宗师。夸克： https://pan.quark.cn/s/14b05fefd4a8
2025-11-21 12:45:41 [INFO] app.modules.filter.services.target_episode_filter_service:128 - 最终选择 16 个文件来覆盖新剧集: ['S01E16.2025.2160p.60fps.WEB-DL.HDR.Vivid.H.265.10bit.AAC.mp4', 'S01E15.2025.2160p.60fps.WEB-DL.HDR.Vivid.H.265.10bit.AAC.mp4', 'S01E14.2025.2160p.60fps.WEB-DL.HDR.Vivid.H.265.10bit.AAC.mp4', 'S01E13.2025.2160p.60fps.WEB-DL.HDR.Vivid.H.265.10bit.AAC.mp4', 'S01E12.2025.2160p.60fps.WEB-DL.HDR.Vivid.H.265.10bit.AAC.mp4', 'S01E11.2025.2160p.60fps.WEB-DL.HDR.Vivid.H.265.10bit.AAC.mp4', 'S01E10.2025.2160p.60fps.WEB-DL.HDR.Vivid.H.265.10bit.AAC.mp4', 'S01E09.2025.2160p.60fps.WEB-DL.HDR.Vivid.H.265.10bit.AAC.mp4', 'S01E08.2025.2160p.60fps.WEB-DL.HDR.Vivid.H.265.10bit.AAC.mp4', 'S01E07.2025.2160p.60fps.WEB-DL.HDR.Vivid.H.265.10bit.AAC.mp4', 'S01E06.2025.2160p.60fps.WEB-DL.HDR.Vivid.H.265.10bit.AAC.mp4', 'S01E05.2025.2160p.60fps.WEB-DL.HDR.Vivid.H.265.10bit.AAC.mp4', 'S01E04.2025.2160p.60fps.WEB-DL.HDR.Vivid.H.265.10bit.AAC.mp4', 'S01E03.2025.2160p.60fps.WEB-DL.HDR.Vivid.H.265.10bit.AAC.mp4', 'S01E02.2025.2160p.60fps.WEB-DL.HDR.Vivid.H.265.10bit.AAC.mp4', 'S01E01.2025.2160p.60fps.WEB-DL.HDR.Vivid.H.265.10bit.AAC.mp4']
2025-11-21 12:45:41 [INFO] app.modules.filter.services.target_episode_filter_service:141 - 获取到目标剧集组合，来自链接：https://pan.quark.cn/s/14b05fefd4a8
2025-11-21 12:45:41 [INFO] app.modules.filter.flow:138 - 勿扰飞升 | https://pan.quark.cn/s/14b05fefd4a8 跳过（更新至 16，比备选https://pan.quark.cn/s/ac810cf770ef | 16 更少）
2025-11-21 12:45:41 [INFO] app.modules.filter.services.regex_target_link_filter:50 - 匹配成功: link_title="勿扰飞升(2025)【更16集】【4K.HDR】【高码率】【内嵌简中】描述：改编自月下蝶影小说《勿扰飞升》 一位在凡尘界备受冷遇的亡国公主箜篌，因机缘巧合意外进入修仙世界，开启全员宠女主模式，从师傅师兄到隔壁门派" movie_title_season="勿扰飞升" pattern="^勿扰飞升.*"
2025-11-21 12:45:41 [INFO] app.modules.filter.services.target_episode_filter_service:137 - 开始处理链接：--- 勿扰飞升(2025)【更16集】【4K.HDR】【高码率】【内嵌简中】描述：改编自月下蝶影小说《勿扰飞升》 一位在凡尘界备受冷遇的亡国公主箜篌，因机缘巧合意外进入修仙世界，开启全员宠女主模式，从师傅师兄到隔壁门派 https://pan.quark.cn/s/7628a2df4376
2025-11-21 12:45:41 [INFO] app.modules.filter.services.target_episode_filter_service:128 - 最终选择 17 个文件来覆盖新剧集: ['Flying Up Without Disturb S01E16 - 第 16 集 - 2160p WEB-DL HDR H265 AAC.mkv', 'Flying Up Without Disturb S01E15 - 第 15 集 - 2160p WEB-DL HDR H265 AAC.mkv', 'Flying Up Without Disturb S01E14 - 第 14 集 - 2160p WEB-DL HDR H265 AAC.mkv', 'Flying Up Without Disturb S01E13 - 第 13 集 - 2160p WEB-DL HDR H265 AAC.mkv', 'Flying Up Without Disturb S01E12 - 第 12 集 - 2160p WEB-DL HDR H265 AAC.mkv', 'Flying Up Without Disturb S01E11 - 第 11 集 - 2160p WEB-DL HDR H265 AAC.mkv', 'Flying Up Without Disturb S01E10 - 第 10 集 - 2160p WEB-DL HDR H265 AAC.mkv', 'Flying Up Without Disturb S01E09 - 第 9 集 - 2160p WEB-DL HDR H265 AAC.mkv', 'Flying Up Without Disturb S01E09 - 第 9 集 - 2160p WEB-DL H265 10bit AAC.mp4', 'Flying Up Without Disturb S01E08 - 第 8 集 - 2160p WEB-DL HDR H265 AAC.mkv', 'Flying Up Without Disturb S01E07 - 第 7 集 - 2160p WEB-DL HDR H265 AAC.mkv', 'Flying Up Without Disturb S01E06 - 第 6 集 - 2160p WEB-DL HDR H265 AAC.mkv', 'Flying Up Without Disturb S01E05 - 第 5 集 - 2160p WEB-DL HDR H265 AAC.mkv', 'Flying Up Without Disturb S01E04 - 第 4 集 - 2160p WEB-DL HDR H265 AAC.mkv', 'Flying Up Without Disturb S01E03 - 第 3 集 - 2160p WEB-DL HDR H265 AAC.mkv', 'Flying Up Without Disturb S01E02 - 第 2 集 - 2160p WEB-DL HDR H265 AAC.mkv', 'Flying Up Without Disturb S01E01 - 第 1 集 - 2160p WEB-DL HDR H265 AAC.mkv']
2025-11-21 12:45:41 [INFO] app.modules.filter.services.target_episode_filter_service:141 - 获取到目标剧集组合，来自链接：https://pan.quark.cn/s/7628a2df4376
2025-11-21 12:45:41 [INFO] app.modules.filter.flow:138 - 勿扰飞升 | https://pan.quark.cn/s/7628a2df4376 跳过（更新至 16，比备选https://pan.quark.cn/s/ac810cf770ef | 16 更少）
2025-11-21 12:45:41 [INFO] app.modules.filter.services.regex_target_link_filter:50 - 匹配成功: link_title="勿扰飞升（2025）【4K.HDR.60fps】【更12集】【剧情】【李宏毅/陆婷玉】描述：改编自月下蝶影小说《勿扰飞升》 一位在凡尘界备受冷遇的亡国公主箜篌，因机缘巧合意外进入修仙世界，开启全员宠女主模式，从师傅师兄到隔壁门派，整个修仙界都对女主宠爱有加，为了吃苦头，磨练心智，箜篌主动走出舒适圈，要求下山闯荡，偶遇了病弱男子桓宗一起升级打怪闯荡修仙界，没想到桓宗竟然就是自己一直痴迷的修仙话本的大大，也是传说中的修仙界天才，箜篌顺利把作者大大拐回了门派当女婿，两人也在一次次的历练中克服了心魔，突破修为，双双成为了一代宗师。" movie_title_season="勿扰飞升" pattern="^勿扰飞升.*"
2025-11-21 12:45:41 [INFO] app.modules.filter.services.target_episode_filter_service:137 - 开始处理链接：--- 勿扰飞升（2025）【4K.HDR.60fps】【更12集】【剧情】【李宏毅/陆婷玉】描述：改编自月下蝶影小说《勿扰飞升》 一位在凡尘界备受冷遇的亡国公主箜篌，因机缘巧合意外进入修仙世界，开启全员宠女主模式，从师傅师兄到隔壁门派，整个修仙界都对女主宠爱有加，为了吃苦头，磨练心智，箜篌主动走出舒适圈，要求下山闯荡，偶遇了病弱男子桓宗一起升级打怪闯荡修仙界，没想到桓宗竟然就是自己一直痴迷的修仙话本的大大，也是传说中的修仙界天才，箜篌顺利把作者大大拐回了门派当女婿，两人也在一次次的历练中克服了心魔，突破修为，双双成为了一代宗师。 https://pan.quark.cn/s/325a8a49d23e
2025-11-21 12:45:42 [INFO] app.modules.filter.services.regex_target_link_filter:50 - 匹配成功: link_title="勿扰飞升 (2025) 【4K.HDR】【60帧率】【国语中字】【李宏毅/陆婷玉】【古装/剧情】【更新14集】描述：　　改编自月下蝶影小说《勿扰飞升》一位在凡尘界备受冷遇的亡国公主箜篌，因机缘巧合意外进入修仙世界，开启全员宠女主模式，从师傅师兄到隔壁门派，整个修仙界都对女主宠爱有加，为了吃苦头，磨练心智，箜篌主动走出舒适圈，要求下山闯荡，偶遇了病弱男子桓宗一起升级打怪闯荡修仙界，没想到桓宗竟然就是自己一直痴迷的修仙话本的大大，也是传说中的修仙界天才，箜篌顺利把作者大大拐回了门派当女婿，两人也在一次次的历练中克服了心魔，突破修为，双双成为了一代宗" movie_title_season="勿扰飞升" pattern="^勿扰飞升.*"
2025-11-21 12:45:42 [INFO] app.modules.filter.services.target_episode_filter_service:137 - 开始处理链接：--- 勿扰飞升 (2025) 【4K.HDR】【60帧率】【国语中字】【李宏毅/陆婷玉】【古装/剧情】【更新14集】描述：　　改编自月下蝶影小说《勿扰飞升》一位在凡尘界备受冷遇的亡国公主箜篌，因机缘巧合意外进入修仙世界，开启全员宠女主模式，从师傅师兄到隔壁门派，整个修仙界都对女主宠爱有加，为了吃苦头，磨练心智，箜篌主动走出舒适圈，要求下山闯荡，偶遇了病弱男子桓宗一起升级打怪闯荡修仙界，没想到桓宗竟然就是自己一直痴迷的修仙话本的大大，也是传说中的修仙界天才，箜篌顺利把作者大大拐回了门派当女婿，两人也在一次次的历练中克服了心魔，突破修为，双双成为了一代宗 https://pan.quark.cn/s/ac4a79848ff9
2025-11-21 12:45:42 [INFO] app.modules.filter.services.target_episode_filter_service:128 - 最终选择 16 个文件来覆盖新剧集: ['S01E16.2025.2160p.60fps.WEB-DL.AAC5.1.HDR.Vivid.10bits.H.265.mp4', 'S01E15.2025.2160p.60fps.WEB-DL.AAC5.1.HDR.Vivid.10bits.H.265.mp4', 'S01E14.2025.2160p.60fps.WEB-DL.AAC5.1.HDR.Vivid.10bits.H.265.mp4', 'S01E13.2025.2160p.60fps.WEB-DL.AAC5.1.HDR.Vivid.10bits.H.265.mp4', 'S01E12.2025.2160p.60fps.WEB-DL.AAC5.1.HDR.Vivid.10bits.H.265.mp4', 'S01E11.2025.2160p.60fps.WEB-DL.AAC5.1.HDR.Vivid.10bits.H.265.mp4', 'S01E10.2025.2160p.60fps.WEB-DL.AAC5.1.HDR.Vivid.10bits.H.265.mp4', 'S01E09.2025.2160p.60fps.WEB-DL.AAC5.1.HDR.Vivid.10bits.H.265.mp4', 'S01E08.2025.2160p.60fps.WEB-DL.AAC5.1.HDR.Vivid.10bits.H.265.mp4', 'S01E07.2025.2160p.60fps.WEB-DL.AAC5.1.HDR.Vivid.10bits.H.265.mp4', 'S01E06.2025.2160p.60fps.WEB-DL.AAC5.1.HDR.Vivid.10bits.H.265.mp4', 'S01E05.2025.2160p.60fps.WEB-DL.AAC5.1.HDR.Vivid.10bits.H.265.mp4', 'S01E04.2025.2160p.60fps.WEB-DL.AAC5.1.HDR.Vivid.10bits.H.265.mp4', 'S01E03.2025.2160p.60fps.WEB-DL.AAC5.1.HDR.Vivid.10bits.H.265.mp4', 'S01E02.2025.2160p.60fps.WEB-DL.AAC5.1.HDR.Vivid.10bits.H.265.mp4', 'S01E01.2025.2160p.60fps.WEB-DL.AAC5.1.HDR.Vivid.10bits.H.265.mp4']
2025-11-21 12:45:42 [INFO] app.modules.filter.services.target_episode_filter_service:141 - 获取到目标剧集组合，来自链接：https://pan.quark.cn/s/ac4a79848ff9
2025-11-21 12:45:42 [INFO] app.modules.filter.flow:138 - 勿扰飞升 | https://pan.quark.cn/s/ac4a79848ff9 跳过（更新至 16，比备选https://pan.quark.cn/s/ac810cf770ef | 16 更少）
2025-11-21 12:45:42 [INFO] app.modules.filter.services.regex_target_link_filter:50 - 匹配成功: link_title="勿扰飞升 2025 4K HDR 60FPS 更新至16集描述： 一位在凡尘界备受冷遇的亡国公主箜篌，因机缘巧合意外进入修仙世界，为磨练心智，主动下山闯荡，偶遇了病弱男子桓宗一起升级打怪闯荡修仙界并发展出深厚的感情的故事。夸克：" movie_title_season="勿扰飞升" pattern="^勿扰飞升.*"
2025-11-21 12:45:42 [INFO] app.modules.filter.services.target_episode_filter_service:137 - 开始处理链接：--- 勿扰飞升 2025 4K HDR 60FPS 更新至16集描述： 一位在凡尘界备受冷遇的亡国公主箜篌，因机缘巧合意外进入修仙世界，为磨练心智，主动下山闯荡，偶遇了病弱男子桓宗一起升级打怪闯荡修仙界并发展出深厚的感情的故事。夸克： https://pan.quark.cn/s/2871616277d7
2025-11-21 12:45:42 [INFO] app.modules.filter.services.target_episode_filter_service:128 - 最终选择 16 个文件来覆盖新剧集: ['S01E16.mkv', 'S01E15.mkv', 'S01E14.mkv', 'S01E13.mkv', 'S01E12.mp4', 'S01E11.mp4', 'S01E10.mp4', 'S01E09.mp4', 'S01E08.mp4', 'S01E07.mp4', 'S01E06.mkv', 'S01E05.mkv', 'S01E04.mkv', 'S01E03.mkv', 'S01E02.mkv', 'S01E01.mkv']
2025-11-21 12:45:42 [INFO] app.modules.filter.services.target_episode_filter_service:141 - 获取到目标剧集组合，来自链接：https://pan.quark.cn/s/2871616277d7
2025-11-21 12:45:42 [INFO] app.modules.filter.flow:138 - 勿扰飞升 | https://pan.quark.cn/s/2871616277d7 跳过（更新至 16，比备选https://pan.quark.cn/s/ac810cf770ef | 16 更少）
2025-11-21 12:45:42 [INFO] app.modules.filter.flow:158 - 勿扰飞升分享链接遍历完成，无可用分享链接
2025-11-21 12:45:42 [INFO] app.modules.storage_operations.services.save_episodes_to_cloud:44 - 未筛选到适合['mkv', 'mp4', 'avi', 'mov', 'm4v', 'wmv', 'flv', 'torrent', 'srt', 'ass', 'sub', 'mp3', 'aac', 'zip']的链接
2025-11-21 12:45:42 [INFO] app.modules.storage_operations.services.save_episodes_to_cloud:44 - 未筛选到适合['mkv', 'mp4', 'avi', 'mov', 'm4v', 'wmv', 'flv', 'torrent', 'srt', 'ass', 'sub', 'mp3', 'aac', 'zip']的链接
2025-11-21 12:46:20 [INFO] telethon.client.updates:443 - Got difference for channel 2209378593 updates
2025-11-21 12:46:20 [INFO] telethon.client.updates:443 - Got difference for channel 2014194320 updates
2025-11-21 12:46:21 [INFO] telethon.client.updates:443 - Got difference for channel 1561455638 updates
2025-11-21 12:47:20 [INFO] telethon.client.updates:443 - Got difference for channel 2209378593 updates
2025-11-21 12:47:20 [INFO] telethon.client.updates:443 - Got difference for channel 1669747816 updates
2025-11-21 12:47:21 [INFO] telethon.client.updates:443 - Got difference for channel 1580372425 updates
2025-11-21 12:47:21 [INFO] telethon.client.updates:443 - Got difference for channel 2600169516 updates
2025-11-21 12:47:21 [INFO] telethon.client.updates:443 - Got difference for channel 1280467440 updates
2025-11-21 12:48:20 [INFO] telethon.client.updates:443 - Got difference for channel 2209378593 updates
2025-11-21 12:48:20 [INFO] telethon.client.updates:443 - Got difference for channel 2269063013 updates
2025-11-21 12:48:21 [INFO] telethon.client.updates:443 - Got difference for channel 1688099294 updates
2025-11-21 12:49:20 [INFO] telethon.client.updates:443 - Got difference for channel 2158983339 updates
2025-11-21 12:49:20 [INFO] telethon.client.updates:443 - Got difference for channel 2016939647 updates
2025-11-21 12:49:21 [INFO] telethon.client.updates:443 - Got difference for channel 2209378593 updates
2025-11-21 12:50:00 [INFO] app.core.scheduler:480 - Dispatching scheduled job f8e4963f2a92414589a557957998c0a7 -> 将所有网盘已更新到最新进度的movie推送到平台
2025-11-21 12:50:00 [INFO] app.core.scheduler:506 - Scheduled job f8e4963f2a92414589a557957998c0a7 dispatched to task_manager
2025-11-21 12:50:00 [INFO] root:162 - [task dfba15ec0836400c9ee7489605a89901] log handler attached for capture
2025-11-21 12:50:00 [INFO] app.flow.sync_new_movie_flow:327 - 将['赴山海', '欢乐家长群2', '暴风圈', '照镜辞', '漫威丧尸', '弥留之国的爱丽丝 第三季', '行骗天下KR', '健力士王朝', '犯罪现场 Zero', '科斯缇娜酒店', '入青云', '回魂计', '水龙吟', '锦月令', '棕眼之谜', '三人行', '黑盒子', '大厨小婿']发布至平台
2025-11-21 12:50:20 [INFO] telethon.client.updates:443 - Got difference for channel 2209378593 updates
2025-11-21 12:50:21 [INFO] telethon.client.updates:443 - Got difference for channel 1688099294 updates
2025-11-21 12:50:21 [INFO] telethon.client.updates:443 - Got difference for channel 2193554291 updates
2025-11-21 12:51:20 [INFO] telethon.client.updates:443 - Got difference for channel 2209378593 updates
2025-11-21 12:51:21 [INFO] telethon.client.updates:443 - Got difference for channel 2600169516 updates
2025-11-21 12:51:21 [INFO] telethon.client.updates:443 - Got difference for channel 1280467440 updates
2025-11-21 12:51:21 [INFO] telethon.client.updates:443 - Got difference for channel 1688099294 updates
2025-11-21 12:51:21 [INFO] telethon.client.updates:443 - Got difference for channel 2016939647 updates
2025-11-21 12:52:18 [INFO] telethon.client.updates:344 - Got difference for account updates
2025-11-21 12:52:18 [INFO] telethon.client.updates:443 - Got difference for channel 2209378593 updates
2025-11-21 12:52:18 [INFO] telethon.client.updates:443 - Got difference for channel 1290825027 updates
2025-11-21 12:52:18 [INFO] telethon.client.updates:443 - Got difference for channel 1280467440 updates
2025-11-21 12:52:19 [INFO] telethon.client.updates:443 - Got difference for channel 1617621330 updates
2025-11-21 12:52:19 [INFO] telethon.client.updates:443 - Got difference for channel 1401724496 updates
2025-11-21 12:52:19 [INFO] telethon.client.updates:443 - Got difference for channel 2073046329 updates
2025-11-21 12:52:19 [INFO] telethon.client.updates:443 - Got difference for channel 1084638970 updates
2025-11-21 12:52:20 [INFO] telethon.client.updates:443 - Got difference for channel 1688099294 updates
2025-11-21 12:52:20 [INFO] telethon.client.updates:443 - Got difference for channel 1669747816 updates
2025-11-21 12:52:20 [INFO] telethon.client.updates:443 - Got difference for channel 1580372425 updates
2025-11-21 12:52:20 [INFO] telethon.client.updates:443 - Got difference for channel 1912103688 updates
2025-11-21 12:52:21 [INFO] telethon.client.updates:443 - Got difference for channel 1739110235 updates
2025-11-21 12:53:20 [INFO] telethon.client.updates:443 - Got difference for channel 2209378593 updates
2025-11-21 12:53:21 [INFO] telethon.client.updates:443 - Got difference for channel 2600169516 updates
2025-11-21 12:53:21 [INFO] telethon.client.updates:443 - Got difference for channel 1280467440 updates
2025-11-21 12:54:20 [INFO] telethon.client.updates:443 - Got difference for channel 2209378593 updates
2025-11-21 12:54:21 [INFO] telethon.client.updates:443 - Got difference for channel 1688099294 updates
2025-11-21 12:54:21 [INFO] telethon.client.updates:443 - Got difference for channel 2269063013 updates
2025-11-21 12:55:00 [INFO] app.core.scheduler:480 - Dispatching scheduled job f8e4963f2a92414589a557957998c0a7 -> 将所有网盘已更新到最新进度的movie推送到平台
2025-11-21 12:55:00 [INFO] app.core.scheduler:506 - Scheduled job f8e4963f2a92414589a557957998c0a7 dispatched to task_manager
2025-11-21 12:55:00 [INFO] root:162 - [task 1997ac3c633f47e38200fa5a252fbf98] log handler attached for capture
2025-11-21 12:55:00 [INFO] app.flow.sync_new_movie_flow:327 - 将['赴山海', '欢乐家长群2', '暴风圈', '照镜辞', '漫威丧尸', '弥留之国的爱丽丝 第三季', '行骗天下KR', '健力士王朝', '犯罪现场 Zero', '科斯缇娜酒店', '入青云', '回魂计', '水龙吟', '锦月令', '棕眼之谜', '三人行', '黑盒子', '大厨小婿']发布至平台
2025-11-21 12:55:20 [INFO] telethon.client.updates:443 - Got difference for channel 1580372425 updates
2025-11-21 12:55:21 [INFO] telethon.client.updates:443 - Got difference for channel 1280467440 updates
2025-11-21 12:55:21 [INFO] telethon.client.updates:443 - Got difference for channel 1401724496 updates
2025-11-21 12:55:21 [INFO] telethon.client.updates:443 - Got difference for channel 1859684449 updates
2025-11-21 12:55:21 [INFO] telethon.client.updates:443 - Got difference for channel 1912103688 updates
2025-11-21 12:55:22 [INFO] telethon.client.updates:443 - Got difference for channel 1669747816 updates
2025-11-21 12:55:22 [INFO] telethon.client.updates:443 - Got difference for channel 1688099294 updates
2025-11-21 12:55:22 [INFO] telethon.client.updates:443 - Got difference for channel 2158983339 updates
2025-11-21 12:56:20 [INFO] telethon.client.updates:443 - Got difference for channel 2209378593 updates
2025-11-21 12:56:21 [INFO] telethon.client.updates:443 - Got difference for channel 1084638970 updates
2025-11-21 12:57:20 [INFO] telethon.client.updates:443 - Got difference for channel 1780401093 updates
2025-11-21 12:57:21 [INFO] telethon.client.updates:443 - Got difference for channel 2209378593 updates
2025-11-21 12:57:21 [INFO] telethon.client.updates:443 - Got difference for channel 2269063013 updates
2025-11-21 12:57:21 [INFO] telethon.client.updates:443 - Got difference for channel 2600169516 updates
2025-11-21 12:57:21 [INFO] telethon.client.updates:443 - Got difference for channel 1280467440 updates
2025-11-21 12:57:22 [INFO] telethon.client.updates:443 - Got difference for channel 1688099294 updates
2025-11-21 12:58:03 [INFO] telethon.client.updates:443 - Got difference for channel 1688099294 updates
2025-11-21 12:58:04 [INFO] telethon.client.updates:443 - Got difference for channel 1780401093 updates
2025-11-21 12:58:04 [INFO] telethon.client.updates:443 - Got difference for channel 1580372425 updates
2025-11-21 12:58:07 [INFO] telethon.client.updates:443 - Got difference for channel 1280467440 updates
2025-11-21 12:58:20 [INFO] telethon.client.updates:443 - Got difference for channel 2209378593 updates
2025-11-21 12:58:21 [INFO] telethon.client.updates:443 - Got difference for channel 1084638970 updates
2025-11-21 12:58:21 [INFO] telethon.client.updates:443 - Got difference for channel 1401724496 updates
2025-11-21 12:59:20 [INFO] telethon.client.updates:443 - Got difference for channel 1688099294 updates
2025-11-21 12:59:21 [INFO] telethon.client.updates:443 - Got difference for channel 1280467440 updates
2025-11-21 12:59:21 [INFO] telethon.client.updates:443 - Got difference for channel 2600169516 updates
2025-11-21 12:59:21 [INFO] telethon.client.updates:443 - Got difference for channel 2016939647 updates
2025-11-21 13:00:00 [INFO] app.core.scheduler:480 - Dispatching scheduled job 6f853106834c42dbb500a627c0aa1bbc -> 同步今日可更新影视资源到网盘
2025-11-21 13:00:00 [INFO] app.core.scheduler:506 - Scheduled job 6f853106834c42dbb500a627c0aa1bbc dispatched to task_manager
2025-11-21 13:00:00 [INFO] app.core.scheduler:480 - Dispatching scheduled job f8e4963f2a92414589a557957998c0a7 -> 将所有网盘已更新到最新进度的movie推送到平台
2025-11-21 13:00:00 [INFO] app.core.scheduler:506 - Scheduled job f8e4963f2a92414589a557957998c0a7 dispatched to task_manager
2025-11-21 13:00:00 [INFO] root:162 - [task d099a90727e745d5b90a2ce745fe4b33] log handler attached for capture
2025-11-21 13:00:00 [INFO] root:162 - [task 3e2d22c3ab264ccd93b01d96282cec40] log handler attached for capture
2025-11-21 13:00:00 [INFO] app.flow.sync_new_movie_flow:181 - 今日已到更新时间点的movie:['新闻女王2', '勿扰飞升']
2025-11-21 13:00:00 [WARNING] app.flow.sync_new_movie_flow:186 - 这些movie由于tmdb_info为空无法同步：[]
2025-11-21 13:00:00 [INFO] app.flow.sync_new_movie_flow:327 - 将['赴山海', '欢乐家长群2', '暴风圈', '照镜辞', '漫威丧尸', '弥留之国的爱丽丝 第三季', '行骗天下KR', '健力士王朝', '犯罪现场 Zero', '科斯缇娜酒店', '入青云', '回魂计', '水龙吟', '锦月令', '棕眼之谜', '三人行', '黑盒子', '大厨小婿']发布至平台
2025-11-21 13:00:04 [INFO] app.modules.filter.services.regex_target_link_filter:50 - 匹配成功: link_title="新闻女王2 4K[臻彩]" movie_title_season="新闻女王2" pattern="^新闻女王2.*"
2025-11-21 13:00:04 [INFO] app.modules.filter.services.target_episode_filter_service:137 - 开始处理链接：--- 新闻女王2 4K[臻彩] https://pan.quark.cn/s/b72f6131127c
2025-11-21 13:00:05 [INFO] app.modules.filter.services.regex_target_link_filter:50 - 匹配成功: link_title="新闻女王2国语版" movie_title_season="新闻女王2" pattern="^新闻女王2.*"
2025-11-21 13:00:05 [INFO] app.modules.filter.services.target_episode_filter_service:137 - 开始处理链接：--- 新闻女王2国语版 https://pan.quark.cn/s/6ceeb5cc2bf5
2025-11-21 13:00:05 [INFO] app.modules.filter.services.regex_target_link_filter:50 - 匹配成功: link_title="新闻女王2国语版" movie_title_season="新闻女王2" pattern="^新闻女王2.*"
2025-11-21 13:00:05 [INFO] app.modules.filter.services.target_episode_filter_service:137 - 开始处理链接：--- 新闻女王2国语版 https://pan.baidu.com/s/1cHrCu7Z7J_KyihwpUCENRg?pwd=8888
2025-11-21 13:00:06 [INFO] app.modules.filter.services.target_episode_filter_service:128 - 最终选择 18 个文件来覆盖新剧集: ['20 4K.mkv', '19 4K.mkv', '17 4K.mkv', '16 4K.mkv', '15 4K.mkv', '14 4K【国粤双语】.mkv', '12 4K.mkv', '11 4K.mp4', '10 4K【国粤双语】.mkv', '09 4K【国粤双语】.mkv', '08 4K.mkv', '07 4K.mkv', '06 4K.mkv', '05 4K.mkv', '04 4K.mp4', '03 4K.mkv', '02 4K.mkv', '01 4K.mkv']
2025-11-21 13:00:06 [INFO] app.modules.filter.services.target_episode_filter_service:141 - 获取到目标剧集组合，来自链接：https://pan.quark.cn/s/6ceeb5cc2bf5
2025-11-21 13:00:06 [INFO] app.modules.filter.flow:128 - 新闻女王2 | https://pan.quark.cn/s/6ceeb5cc2bf5 作为备选（更新至 20/21）
2025-11-21 13:00:06 [INFO] app.modules.filter.services.regex_target_link_filter:50 - 匹配成功: link_title="新闻女王2国语" movie_title_season="新闻女王2" pattern="^新闻女王2.*"
2025-11-21 13:00:06 [INFO] app.modules.filter.services.target_episode_filter_service:137 - 开始处理链接：--- 新闻女王2国语 https://pan.quark.cn/s/f7b29837da99
2025-11-21 13:00:06 [INFO] app.modules.filter.services.target_episode_filter_service:128 - 最终选择 46 个文件来覆盖新剧集: ['The.Queen.of.NEWS.S01E26.2023.2160p.WEB-DL.H265.AAC-DDHDTV.mkv', 'The.Queen.of.NEWS.S01E25.2023.2160p.WEB-DL.H265.AAC-DDHDTV.mkv', 'The.Queen.of.NEWS.S01E24.2023.2160p.WEB-DL.H265.AAC-DDHDTV.mkv', 'The.Queen.of.NEWS.S01E23.2023.2160p.WEB-DL.H265.AAC-DDHDTV.mkv', 'The.Queen.of.NEWS.S01E22.2023.2160p.WEB-DL.H265.AAC-DDHDTV.mkv', 'The.Queen.of.NEWS.S01E21.2023.2160p.WEB-DL.H265.AAC-DDHDTV.mkv', 'The.Queen.of.NEWS.S01E20.2023.2160p.WEB-DL.H265.AAC-DDHDTV.mkv', 'The.Queen.of.NEWS.S01E19.2023.2160p.WEB-DL.H265.AAC-DDHDTV.mkv', 'The.Queen.of.NEWS.S01E18.2023.2160p.WEB-DL.H265.AAC-DDHDTV.mkv', 'The.Queen.of.NEWS.S01E17.2023.2160p.WEB-DL.H265.AAC-DDHDTV.mkv', 'The.Queen.of.NEWS.S01E16.2023.2160p.WEB-DL.H265.AAC-DDHDTV.mkv', 'The.Queen.of.NEWS.S01E15.2023.2160p.WEB-DL.H265.AAC-DDHDTV.mkv', 'The.Queen.of.NEWS.S01E14.2023.2160p.WEB-DL.H265.AAC-DDHDTV.mkv', 'The.Queen.of.NEWS.S01E13.2023.2160p.WEB-DL.H265.AAC-DDHDTV.mkv', 'The.Queen.of.NEWS.S01E12.2023.2160p.WEB-DL.H265.AAC-DDHDTV.mkv', 'The.Queen.of.NEWS.S01E11.2023.2160p.WEB-DL.H265.AAC-DDHDTV.mkv', 'The.Queen.of.NEWS.S01E10.2023.2160p.WEB-DL.H265.AAC-DDHDTV.mkv', 'The.Queen.of.NEWS.S01E09.2023.2160p.WEB-DL.H265.AAC-DDHDTV.mkv', 'The.Queen.of.NEWS.S01E08.2023.2160p.WEB-DL.H265.AAC-DDHDTV.mkv', 'The.Queen.of.NEWS.S01E07.2023.2160p.WEB-DL.H265.AAC-DDHDTV.mkv', 'The.Queen.of.NEWS.S01E06.2023.2160p.WEB-DL.H265.AAC-DDHDTV.mkv', 'The.Queen.of.NEWS.S01E05.2023.2160p.WEB-DL.H265.AAC-DDHDTV.mkv', 'The.Queen.of.NEWS.S01E04.2023.2160p.WEB-DL.H265.AAC-DDHDTV.mkv', 'The.Queen.of.NEWS.S01E03.2023.2160p.WEB-DL.H265.AAC-DDHDTV.mkv', 'The.Queen.of.NEWS.S01E02.2023.2160p.WEB-DL.H265.AAC-DDHDTV.mkv', 'The.Queen.of.NEWS.S01E01.2023.2160p.WEB-DL.H265.AAC-DDHDTV.mkv', 'S01E20.2025.2160p.60fps.WEB-DL.H265.AAC.2Audios.mkv', 'S01E19.2025.2160p.60fps.WEB-DL.H265.AAC.2Audios.mkv', 'S01E18.2025.2160p.60fps.WEB-DL.H265.AAC.2Audios.mkv', 'S01E17.2025.2160p.60fps.WEB-DL.H265.AAC.2Audios.mkv', 'S01E16.2025.2160p.60fps.WEB-DL.H265.AAC.2Audios.mkv', 'S01E15.2025.2160p.60fps.WEB-DL.H265.AAC.2Audios.mkv', 'S01E14.2025.2160p.60fps.WEB-DL.H265.AAC.2Audios.mkv', 'S01E13.2025.2160p.60fps.WEB-DL.H265.AAC.2Audios.mkv', 'S01E12.2025.2160p.60fps.WEB-DL.H265.AAC.2Audios.mkv', 'S01E11.2025.2160p.60fps.WEB-DL.H265.AAC.2Audios.mkv', 'S01E10.2025.2160p.60fps.WEB-DL.H265.AAC.2Audios.mkv', 'S01E09.2025.2160p.60fps.WEB-DL.H265.AAC.2Audios.mkv', 'S01E08.2025.2160p.60fps.WEB-DL.H265.AAC.2Audios.mkv', 'S01E07.2025.2160p.60fps.WEB-DL.H265.AAC.2Audios.mkv', 'S01E06.2025.2160p.60fps.WEB-DL.H265.AAC.2Audios.mkv', 'S01E05.2025.2160p.60fps.WEB-DL.H265.AAC.2Audios.mkv', 'S01E04.2025.2160p.60fps.WEB-DL.H265.AAC.2Audios.mkv', 'S01E03.2025.2160p.60fps.WEB-DL.H265.AAC.2Audios.mkv', 'S01E02.2025.2160p.60fps.WEB-DL.H265.AAC.2Audios.mkv', 'S01E01.2025.2160p.60fps.WEB-DL.H265.AAC.2Audios.mkv']
2025-11-21 13:00:06 [INFO] app.modules.filter.services.target_episode_filter_service:141 - 获取到目标剧集组合，来自链接：https://pan.quark.cn/s/f7b29837da99
2025-11-21 13:00:06 [INFO] app.modules.filter.flow:138 - 新闻女王2 | https://pan.quark.cn/s/f7b29837da99 跳过（更新至 20，比备选https://pan.quark.cn/s/6ceeb5cc2bf5 | 20 更少）
2025-11-21 13:00:06 [INFO] app.modules.filter.services.regex_target_link_filter:50 - 匹配成功: link_title="新闻女王 第二季 新闻女王2（2025）【4K.60fps】【国粤双语】【内封简中】【更20集】【剧情】【佘诗曼/黄宗泽】【附第一季】.描述：半年间，SNK剧变，总监余英飞离职、门外汉古肇华空降。张家妍虽掌权却难服众。刘艳的公开平台崛起，动摇传统媒体地位，连已入官场的许诗晴亦被卷入新旧媒体的角力。文慧心于此时复出，昭告世人：新闻女王的地位永远不可撼动！." movie_title_season="新闻女王2" pattern=".*新闻女王2[(（]20\d{2}[）)]"
2025-11-21 13:00:06 [INFO] app.modules.filter.services.target_episode_filter_service:137 - 开始处理链接：--- 新闻女王 第二季 新闻女王2（2025）【4K.60fps】【国粤双语】【内封简中】【更20集】【剧情】【佘诗曼/黄宗泽】【附第一季】.描述：半年间，SNK剧变，总监余英飞离职、门外汉古肇华空降。张家妍虽掌权却难服众。刘艳的公开平台崛起，动摇传统媒体地位，连已入官场的许诗晴亦被卷入新旧媒体的角力。文慧心于此时复出，昭告世人：新闻女王的地位永远不可撼动！. https://pan.quark.cn/s/5dd3198d9a4e
2025-11-21 13:00:07 [INFO] app.modules.filter.services.target_episode_filter_service:128 - 最终选择 12 个文件来覆盖新剧集: ['06.4k.粤语.mp4', '05.4k.粤语.mp4', '04.4k.粤语.mp4', '03.4k.粤语.mp4', '02.4k.粤语.mp4', '01.4k.粤语.mp4', '06.4k.国语.mp4', '05.4k.国语..mp4', '04.4k.国语.mp4', '03.4k.国语.mp4', '02.4k.国语.mp4', '01.4k.国语.mp4']
2025-11-21 13:00:07 [INFO] app.modules.filter.services.target_episode_filter_service:141 - 获取到目标剧集组合，来自链接：https://pan.baidu.com/s/1cHrCu7Z7J_KyihwpUCENRg?pwd=8888
2025-11-21 13:00:07 [INFO] app.modules.filter.flow:128 - 新闻女王2 | https://pan.baidu.com/s/1cHrCu7Z7J_KyihwpUCENRg?pwd=8888 作为备选（更新至 6/21）
2025-11-21 13:00:07 [INFO] app.modules.filter.services.regex_target_link_filter:50 - 匹配成功: link_title="新闻女王/新闻女王2(2025)【更20集】【4K.普码】【国粤双语】【内嵌简中】【附第一季】描述：半年间，SNK剧变，总监余英飞离职、门外汉古肇华空降。张家妍虽掌权却难服众。刘艳的公开平台崛起，动摇传统媒体地位，连已入官场的许诗晴亦被卷入新旧媒体的角力。文慧心于此时复出，昭告世人：新闻女王的地位永远不可撼动！" movie_title_season="新闻女王2" pattern=".*新闻女王2[(（]20\d{2}[）)]"
2025-11-21 13:00:07 [INFO] app.modules.filter.services.target_episode_filter_service:137 - 开始处理链接：--- 新闻女王/新闻女王2(2025)【更20集】【4K.普码】【国粤双语】【内嵌简中】【附第一季】描述：半年间，SNK剧变，总监余英飞离职、门外汉古肇华空降。张家妍虽掌权却难服众。刘艳的公开平台崛起，动摇传统媒体地位，连已入官场的许诗晴亦被卷入新旧媒体的角力。文慧心于此时复出，昭告世人：新闻女王的地位永远不可撼动！ https://pan.quark.cn/s/e13c88c7a09c
2025-11-21 13:00:07 [INFO] app.modules.filter.services.target_episode_filter_service:128 - 最终选择 48 个文件来覆盖新剧集: ['The QUEEN of News S02E20 - 第 20 集 - 2160p WEB-DL H265 AAC 2Audio.mkv', 'The QUEEN of News S02E19 - 第 19 集 - 2160p WEB-DL H265 AAC 2Audio.mkv', 'The QUEEN of News S02E18 - 第 18 集 - 2160p WEB-DL H265 AAC 2Audio.mkv', 'The QUEEN of News S02E17 - 第 17 集 - 2160p WEB-DL H265 AAC 2Audio.mkv', 'The QUEEN of News S02E16 - 第 16 集 - 2160p WEB-DL H265 AAC 2Audio.mkv', 'The QUEEN of News S02E15 - 第 15 集 - 2160p WEB-DL H265 AAC 2Audio.mkv', 'The QUEEN of News S02E14 - 第 14 集 - 2160p WEB-DL H265 AAC 2Audio.mkv', 'The QUEEN of News S02E13 - 第 13 集 - 2160p WEB-DL H265 AAC 2Audio.mkv', 'The QUEEN of News S02E12 - 第 12 集 - 2160p WEB-DL H265 AAC 2Audio.mkv', 'The QUEEN of News S02E11 - 第 11 集 - 2160p WEB-DL H265 AAC 2Audio.mkv', 'The QUEEN of News S02E10 - 第 10 集 - 2160p WEB-DL H265 AAC 2Audio.mkv', 'The QUEEN of News S02E09 - 第 9 集 - 2160p WEB-DL H265 AAC 2Audio.mkv', 'The QUEEN of News S02E08 - 第 8 集 - 2160p WEB-DL H265 AAC 2Audio.mkv', 'The QUEEN of News S02E07 - 第 7 集 - 2160p WEB-DL H265 AAC 2Audio.mkv', 'The QUEEN of News S02E06 - 第 6 集 - 2160p WEB-DL H265 AAC 2Audio.mkv', 'The QUEEN of News S02E05 - 第 5 集 - 2160p WEB-DL H265 AAC 2Audio.mkv', 'The QUEEN of News S02E04 - 第 4 集 - 2160p WEB-DL H265 AAC 2Audio.mkv', 'The QUEEN of News S02E03 - 第 3 集 - 2160p WEB-DL H265 AAC 2Audio.mkv', 'The QUEEN of News S02E02 - 第 2 集 - 2160p WEB-DL H265 AAC 2Audio.mkv', 'The QUEEN of News S02E01 - 第 1 集 - 2160p WEB-DL H265 AAC 2Audio.mkv', 'The QUEEN of News S01E26 - 第 26 集 - 2160p WEB-DL HQ H265 10bit AAC.mp4', 'The QUEEN of News S01E25 - 第 25 集 - 2160p WEB-DL HQ H265 10bit AAC.mp4', 'The QUEEN of News S01E24 - 第 24 集 - 2160p WEB-DL HQ H265 10bit AAC.mp4', 'The QUEEN of News S01E23 - 第 23 集 - 2160p WEB-DL HQ H265 10bit AAC.mp4', 'The QUEEN of News S01E22 - 第 22 集 - 2160p WEB-DL HQ H265 10bit AAC.mp4', 'The QUEEN of News S01E21 - 第 21 集 - 2160p WEB-DL HQ H265 10bit AAC.mp4', 'The QUEEN of News S01E20 - 第 20 集 - 2160p WEB-DL HQ H265 10bit AAC.mp4', 'The QUEEN of News S01E19 - 第 19 集 - 2160p WEB-DL HQ H265 10bit AAC.mp4', 'The QUEEN of News S01E18 - 第 18 集 - 2160p WEB-DL HQ H265 10bit AAC.mp4', 'The QUEEN of News S01E17 - 第 17 集 - 2160p WEB-DL HQ H265 10bit AAC.mp4', 'The QUEEN of News S01E16 - 第 16 集 - 2160p WEB-DL HQ H265 10bit AAC.mp4', 'The QUEEN of News S01E15 - 第 15 集 - 2160p WEB-DL HQ H265 10bit AAC.mp4', 'The QUEEN of News S01E14 - 第 14 集 - 2160p WEB-DL HQ H265 10bit AAC.mp4', 'The QUEEN of News S01E13 - 第 13 集 - 2160p WEB-DL HQ H265 10bit AAC.mp4', 'The QUEEN of News S01E12 - 第 12 集 - 2160p WEB-DL HQ H265 10bit AAC.mp4', 'The QUEEN of News S01E11 - 第 11 集 - 2160p WEB-DL HQ H265 10bit AAC.mp4', 'The QUEEN of News S01E10 - 第 10 集 - 2160p WEB-DL HQ H265 10bit AAC.mp4', 'The QUEEN of News S01E09 - 第 9 集 - 2160p WEB-DL HQ H265 10bit AAC.mp4', 'The QUEEN of News S01E08 - 第 8 集 - 2160p WEB-DL HQ H265 10bit AAC.mp4', 'The QUEEN of News S01E07 - 第 7 集 - 2160p WEB-DL HQ H265 10bit AAC.mp4', 'The QUEEN of News S01E06 - 第 6 集 - 2160p WEB-DL HQ H265 10bit AAC.mp4', 'The QUEEN of News S01E05 - 第 5 集 - 2160p WEB-DL HQ H265 10bit AAC.mp4', 'The QUEEN of News S01E04 - 第 4 集 - 2160p WEB-DL HQ H265 10bit AAC.mp4', 'The QUEEN of News S01E03 - 第 3 集 - 2160p WEB-DL HQ H265 10bit AAC.mp4', 'The QUEEN of News S01E02 - 第 2 集 - 2160p WEB-DL HQ H265 10bit AAC.mp4', 'The QUEEN of News S01E01 - 第 1 集 - 2160p WEB-DL HQ H265 10bit AAC.mp4', 'season02-poster.jpg', 'season01-poster.jpg']
2025-11-21 13:00:07 [INFO] app.modules.filter.services.target_episode_filter_service:141 - 获取到目标剧集组合，来自链接：https://pan.quark.cn/s/e13c88c7a09c
2025-11-21 13:00:07 [WARNING] app.modules.filter.flow:110 - 新闻女王2 | https://pan.quark.cn/s/e13c88c7a09c 更新超出容忍范围,被跳过: 26 > 21 + 2
2025-11-21 13:00:07 [INFO] app.modules.filter.services.regex_target_link_filter:50 - 匹配成功: link_title="新闻女王2 ｜ 新闻女王 第二季 (2025) 【更20集】【4K.普码&杜比视界双版本】【国粤双语】【 佘诗曼/黄宗泽】【剧情/悬疑】【附第一季】描述：　　半年间，SNK剧变，总监余英飞离职、门外汉古肇华空降。张家妍虽掌权却难服众。刘艳的公开平台崛起，动摇传统媒体地位，连已入官场的许诗晴亦被卷入新旧媒体的角力。文慧心于此时复出，昭告世人：新闻女王的地位永远不可撼动！" movie_title_season="新闻女王2" pattern="^新闻女王2.*"
2025-11-21 13:00:07 [INFO] app.modules.filter.services.target_episode_filter_service:137 - 开始处理链接：--- 新闻女王2 ｜ 新闻女王 第二季 (2025) 【更20集】【4K.普码&杜比视界双版本】【国粤双语】【 佘诗曼/黄宗泽】【剧情/悬疑】【附第一季】描述：　　半年间，SNK剧变，总监余英飞离职、门外汉古肇华空降。张家妍虽掌权却难服众。刘艳的公开平台崛起，动摇传统媒体地位，连已入官场的许诗晴亦被卷入新旧媒体的角力。文慧心于此时复出，昭告世人：新闻女王的地位永远不可撼动！ https://pan.baidu.com/s/1yrA4BS0V63ZprAC_lq_ZmA?pwd=8os3
2025-11-21 13:00:07 [WARNING] app.modules.filter.services.regex_target_link_filter:58 - 未匹配: link_title="[4K][国粤双轨][内嵌简中][附第一季]（新闻女王2；第二季）新聞女王Ⅱ(2025)[更至20／25集]香港 剧情佘诗曼 黄宗泽 李施嬅 高海宁 王敏奕夸克网盘：" movie_title_season="新闻女王2" patterns=['^新闻女王2.*', '.*【新闻女王2】.*', '.*新闻女王2.*1080p.*', '.*新闻女王2.*S\\d{2}E\\d{2}', '.*《新闻女王2》.*', '.*「新闻女王2」.*', '.*[:：]新闻女王2.*', '.*新闻女王2[(（]20\\d{2}[）)]']
2025-11-21 13:00:07 [INFO] app.modules.filter.services.regex_target_link_filter:50 - 匹配成功: link_title="新闻女王2 (2025)更至20集 [4K][国语&粤语][佘诗曼/黄宗泽]/ 新闻女王 第二季描述：半年间，SNK剧变，总监余英飞离职、门外汉古肇华空降。张家妍虽掌权却难服众。刘艳的公开平台崛起，动摇传统媒体地位，连已入官场的许诗晴亦被卷入新旧媒体的角力。文慧心于此时复出，昭告世人：新闻女王的地位永远不可撼动！" movie_title_season="新闻女王2" pattern="^新闻女王2.*"
2025-11-21 13:00:07 [INFO] app.modules.filter.services.target_episode_filter_service:137 - 开始处理链接：--- 新闻女王2 (2025)更至20集 [4K][国语&粤语][佘诗曼/黄宗泽]/ 新闻女王 第二季描述：半年间，SNK剧变，总监余英飞离职、门外汉古肇华空降。张家妍虽掌权却难服众。刘艳的公开平台崛起，动摇传统媒体地位，连已入官场的许诗晴亦被卷入新旧媒体的角力。文慧心于此时复出，昭告世人：新闻女王的地位永远不可撼动！ https://pan.quark.cn/s/978026e62684
2025-11-21 13:00:08 [INFO] app.modules.filter.services.regex_target_link_filter:50 - 匹配成功: link_title="新闻女王2 新聞女王Ⅱ (2025) [WEB-4K] [国粤双语] [内嵌简中] [更至20集]描述：半年间，SNK剧变，总监余英飞离职、门外汉古肇华空降。张家妍虽掌权却难服众。刘艳的公开平台崛起，动摇传统媒体地位，连已入官场的许诗晴亦被卷入新旧媒体的角力。文慧心于此时复出，昭告世人：新闻女王的地位永远不可撼动！" movie_title_season="新闻女王2" pattern="^新闻女王2.*"
2025-11-21 13:00:08 [INFO] app.modules.filter.services.target_episode_filter_service:137 - 开始处理链接：--- 新闻女王2 新聞女王Ⅱ (2025) [WEB-4K] [国粤双语] [内嵌简中] [更至20集]描述：半年间，SNK剧变，总监余英飞离职、门外汉古肇华空降。张家妍虽掌权却难服众。刘艳的公开平台崛起，动摇传统媒体地位，连已入官场的许诗晴亦被卷入新旧媒体的角力。文慧心于此时复出，昭告世人：新闻女王的地位永远不可撼动！ https://pan.quark.cn/s/78671d8397f3
2025-11-21 13:00:08 [INFO] app.modules.filter.services.target_episode_filter_service:128 - 最终选择 20 个文件来覆盖新剧集: ['XWNWSSM2-20.mkv', 'XWNWSSM2-19.mkv', 'XWNWSSM2-18.mkv', 'XWNWSSM2-17.mkv', 'XWNWSSM2-16.mkv', 'XWNWSSM2-15.mkv', 'XWNWSSM2-14.mkv', 'XWNWSSM2-13.mkv', 'XWNWSSM2-12.mkv', 'XWNWSSM2-11.mkv', 'XWNWSSM2-10.mkv', 'XWNWSSM2-09.mkv', 'XWNWSSM2-08.mkv', 'XWNWSSM2-07.mkv', 'XWNWSSM2-06.mkv', 'XWNWSSM2-05.mkv', 'XWNWSSM2-04.mkv', 'XWNWSSM2-03.mkv', 'XWNWSSM2-02.mkv', 'XWNWSSM2-01.mkv']
2025-11-21 13:00:08 [INFO] app.modules.filter.services.target_episode_filter_service:141 - 获取到目标剧集组合，来自链接：https://pan.quark.cn/s/78671d8397f3
2025-11-21 13:00:08 [INFO] app.modules.filter.flow:138 - 新闻女王2 | https://pan.quark.cn/s/78671d8397f3 跳过（更新至 20，比备选https://pan.quark.cn/s/6ceeb5cc2bf5 | 20 更少）
2025-11-21 13:00:09 [INFO] app.modules.filter.services.regex_target_link_filter:50 - 匹配成功: link_title="新闻女王2 / 新闻女王 第二季 (2025) 4K SDR 60帧 国粤双语【更新EP20】描述：半年间，SNK剧变，总监余英飞离职、门外汉古肇华空降。张家妍虽掌权却难服众。刘艳的公开平台崛起，动摇传统媒体地位，连已入官场的许诗晴亦被卷入新旧媒体的角力。文慧心于此时复出，昭告世人：新闻女王的地位永远不可撼动！夸克：" movie_title_season="新闻女王2" pattern="^新闻女王2.*"
2025-11-21 13:00:09 [INFO] app.modules.filter.services.target_episode_filter_service:137 - 开始处理链接：--- 新闻女王2 / 新闻女王 第二季 (2025) 4K SDR 60帧 国粤双语【更新EP20】描述：半年间，SNK剧变，总监余英飞离职、门外汉古肇华空降。张家妍虽掌权却难服众。刘艳的公开平台崛起，动摇传统媒体地位，连已入官场的许诗晴亦被卷入新旧媒体的角力。文慧心于此时复出，昭告世人：新闻女王的地位永远不可撼动！夸克： https://pan.quark.cn/s/3b0b7e405cdb
2025-11-21 13:00:09 [INFO] app.modules.filter.services.target_episode_filter_service:128 - 最终选择 46 个文件来覆盖新剧集: ['S01E26.mp4', 'S01E25.mp4', 'S01E24.mp4', 'S01E23.mp4', 'S01E22.mp4', 'S01E21.mp4', 'S01E20.mp4', 'S01E19.mp4', 'S01E18.mp4', 'S01E17.mp4', 'S01E16.mp4', 'S01E15.mp4', 'S01E14.mp4', 'S01E13.mp4', 'S01E12.mp4', 'S01E11.mp4', 'S01E10.mp4', 'S01E09.mp4', 'S01E08.mp4', 'S01E07.mp4', 'S01E06.mp4', 'S01E05.mp4', 'S01E04.mp4', 'S01E03.mp4', 'S01E02.mp4', 'S01E01.mp4', 'S01E20.2025.2160p.60fps.WEB-DL.H265.AAC.2Audios.mkv', 'S01E19.2025.2160p.60fps.WEB-DL.H265.AAC.2Audios.mp4', 'S01E18.2025.2160p.60fps.WEB-DL.H265.AAC.2Audio.mkv', 'S01E17.2025.2160p.60fps.WEB-DL.H265.AAC.2Audios.mp4', 'S01E16.2025.2160p.60fps.WEB-DL.H265.AAC.2Audios.mp4', 'S01E15.2025.2160p.60fps.WEB-DL.H265.AAC.2Audios.mp4', 'S01E14.2025.2160p.60fps.WEB-DL.H265.AAC.2Audios.mkv', 'S01E13.2025.2160p.60fps.WEB-DL.H265.AAC.2Audios.mkv', 'S01E12.2025.2160p.60fps.WEB-DL.H265.AAC.2Audios.mkv', 'S01E11.2025.2160p.60fps.WEB-DL.H265.AAC.2Audios.mkv', 'S01E10.2025.2160p.60fps.WEB-DL.H265.AAC.2Audios.mkv', 'S01E09.2025.2160p.60fps.WEB-DL.H265.AAC.2Audios.mkv', 'S01E08.2025.2160p.60fps.WEB-DL.H265.AAC.2Audios.mkv', 'S01E07.2025.2160p.60fps.WEB-DL.H265.AAC.2Audios.mkv', 'S01E06.2025.2160p.60fps.WEB-DL.H265.AAC.2Audios.mkv', 'S01E05.2025.2160p.60fps.WEB-DL.H265.AAC.2Audios.mkv', 'S01E04.2025.2160p.60fps.WEB-DL.H265.AAC.2Audios.mkv', 'S01E03.2025.2160p.60fps.WEB-DL.H265.AAC.2Audios.mkv', 'S01E02.2025.2160p.60fps.WEB-DL.H265.AAC.2Audios.mkv', 'S01E01.2025.2160p.60fps.WEB-DL.H265.AAC.2Audios.mkv']
2025-11-21 13:00:09 [INFO] app.modules.filter.services.target_episode_filter_service:141 - 获取到目标剧集组合，来自链接：https://pan.quark.cn/s/3b0b7e405cdb
2025-11-21 13:00:09 [WARNING] app.modules.filter.flow:110 - 新闻女王2 | https://pan.quark.cn/s/3b0b7e405cdb 更新超出容忍范围,被跳过: 26 > 21 + 2
2025-11-21 13:00:09 [INFO] app.modules.filter.services.regex_target_link_filter:50 - 匹配成功: link_title="资源标题：新闻女王2 (2025)剧情 国粤双语 4KHQ60FPS 更新20集资源描述：半年间，SNK剧变，总监余英飞离职、门外汉古肇华空降。张家妍虽掌权却难服众。刘艳的公开平台崛起，动摇传统媒体地位，连已入官场的许诗晴亦被卷入新旧媒体的角力。文慧心于此时复出，昭告世人：新闻女王的地位永远不可撼动！" movie_title_season="新闻女王2" pattern=".*[:：]新闻女王2.*"
2025-11-21 13:00:09 [INFO] app.modules.filter.services.target_episode_filter_service:137 - 开始处理链接：--- 资源标题：新闻女王2 (2025)剧情 国粤双语 4KHQ60FPS 更新20集资源描述：半年间，SNK剧变，总监余英飞离职、门外汉古肇华空降。张家妍虽掌权却难服众。刘艳的公开平台崛起，动摇传统媒体地位，连已入官场的许诗晴亦被卷入新旧媒体的角力。文慧心于此时复出，昭告世人：新闻女王的地位永远不可撼动！ https://pan.quark.cn/s/0e542c421618
2025-11-21 13:00:10 [INFO] app.modules.filter.services.target_episode_filter_service:128 - 最终选择 40 个文件来覆盖新剧集: ['X.W.N.W.2.2025.S02E20.2160p.HQ.60fps.WEB-DL.H265.10bit.HDR10.AAC-GyWEB.mp4', 'X.W.N.W.2.2025.S02E19.2160p.HQ.60fps.WEB-DL.H265.10bit.HDR10.AAC-GyWEB.mp4', 'X.W.N.W.2.2025.S02E18.2160p.HQ.60fps.WEB-DL.H265.10bit.HDR10.AAC-GyWEB.mp4', 'X.W.N.W.2.2025.S02E17.2160p.HQ.60fps.WEB-DL.H265.10bit.HDR10.AAC-GyWEB.mp4', 'X.W.N.W.2.2025.S02E16.2160p.HQ.60fps.WEB-DL.H265.10bit.HDR10.AAC-GyWEB.mp4', 'X.W.N.W.2.2025.S02E15.2160p.HQ.60fps.WEB-DL.H265.10bit.HDR10.AAC-GyWEB.mp4', 'X.W.N.W.2.2025.S02E14.2160p.HQ.60fps.WEB-DL.H265.10bit.HDR10.AAC-GyWEB.mp4', 'X.W.N.W.2.2025.S02E13.2160p.HQ.60fps.WEB-DL.H265.10bit.HDR10.AAC-GyWEB.mp4', 'X.W.N.W.2.2025.S02E12.2160p.HQ.60fps.WEB-DL.H265.10bit.HDR10.AAC-GyWEB.mp4', 'X.W.N.W.2.2025.S02E11.2160p.HQ.60fps.WEB-DL.H265.10bit.HDR10.AAC-GyWEB.mp4', 'X.W.N.W.2.2025.S02E10.2160p.HQ.60fps.WEB-DL.H265.10bit.HDR10.AAC-GyWEB.mp4', 'X.W.N.W.2.2025.S02E09.2160p.HQ.60fps.WEB-DL.H265.10bit.HDR10.AAC-GyWEB.mp4', 'X.W.N.W.2.2025.S02E08.2160p.HQ.60fps.WEB-DL.H265.10bit.HDR10.AAC-GyWEB.mp4', 'X.W.N.W.2.2025.S02E07.2160p.HQ.60fps.WEB-DL.H265.10bit.HDR10.AAC-GyWEB.mp4', 'X.W.N.W.2.2025.S02E06.2160p.HQ.60fps.WEB-DL.H265.10bit.HDR10.AAC-GyWEB.mp4', 'X.W.N.W.2.2025.S02E05.2160p.HQ.60fps.WEB-DL.H265.10bit.HDR10.AAC-GyWEB.mp4', 'X.W.N.W.2.2025.S02E04.2160p.HQ.60fps.WEB-DL.H265.10bit.HDR10.AAC-GyWEB.mp4', 'X.W.N.W.2.2025.S02E03.2160p.HQ.60fps.WEB-DL.H265.10bit.HDR10.AAC-GyWEB.mp4', 'X.W.N.W.2.2025.S02E02.2160p.HQ.60fps.WEB-DL.H265.10bit.HDR10.AAC-GyWEB.mp4', 'X.W.N.W.2.2025.S02E01.2160p.HQ.60fps.WEB-DL.H265.10bit.HDR10.AAC-GyWEB.mp4', 'X.W.N.W.2.2025.S02E20.2160p.60fps.WEB-DL.H265.10bit.AAC-GyWEB.mp4', 'X.W.N.W.2.2025.S02E19.2160p.60fps.WEB-DL.H265.10bit.AAC-GyWEB.mp4', 'X.W.N.W.2.2025.S02E18.2160p.60fps.WEB-DL.H265.10bit.AAC-GyWEB.mp4', 'X.W.N.W.2.2025.S02E17.2160p.60fps.WEB-DL.H265.10bit.AAC-GyWEB.mp4', 'X.W.N.W.2.2025.S02E16.2160p.60fps.WEB-DL.H265.10bit.AAC-GyWEB.mp4', 'X.W.N.W.2.2025.S02E15.2160p.60fps.WEB-DL.H265.10bit.AAC-GyWEB.mp4', 'X.W.N.W.2.2025.S02E14.2160p.60fps.WEB-DL.H265.10bit.AAC-GyWEB.mp4', 'X.W.N.W.2.2025.S02E13.2160p.60fps.WEB-DL.H265.10bit.AAC-GyWEB.mp4', 'X.W.N.W.2.2025.S02E12.2160p.60fps.WEB-DL.H265.10bit.AAC-GyWEB.mp4', 'X.W.N.W.2.2025.S02E11.2160p.60fps.WEB-DL.H265.10bit.AAC-GyWEB.mp4', 'X.W.N.W.2.2025.S02E10.2160p.60fps.WEB-DL.H265.10bit.AAC-GyWEB.mp4', 'X.W.N.W.2.2025.S02E09.2160p.60fps.WEB-DL.H265.10bit.AAC-GyWEB.mp4', 'X.W.N.W.2.2025.S02E08.2160p.60fps.WEB-DL.H265.10bit.AAC-GyWEB.mp4', 'X.W.N.W.2.2025.S02E07.2160p.60fps.WEB-DL.H265.10bit.AAC-GyWEB.mp4', 'X.W.N.W.2.2025.S02E06.2160p.60fps.WEB-DL.H265.10bit.AAC-GyWEB.mp4', 'X.W.N.W.2.2025.S02E05.2160p.60fps.WEB-DL.H265.10bit.AAC-GyWEB.mp4', 'X.W.N.W.2.2025.S02E04.2160p.60fps.WEB-DL.H265.10bit.AAC-GyWEB.mp4', 'X.W.N.W.2.2025.S02E03.2160p.60fps.WEB-DL.H265.10bit.AAC-GyWEB.mp4', 'X.W.N.W.2.2025.S02E02.2160p.60fps.WEB-DL.H265.10bit.AAC-GyWEB.mp4', 'X.W.N.W.2.2025.S02E01.2160p.60fps.WEB-DL.H265.10bit.AAC-GyWEB.mp4']
2025-11-21 13:00:10 [INFO] app.modules.filter.services.target_episode_filter_service:141 - 获取到目标剧集组合，来自链接：https://pan.quark.cn/s/0e542c421618
2025-11-21 13:00:10 [INFO] app.modules.filter.flow:138 - 新闻女王2 | https://pan.quark.cn/s/0e542c421618 跳过（更新至 20，比备选https://pan.quark.cn/s/6ceeb5cc2bf5 | 20 更少）
2025-11-21 13:00:10 [INFO] app.modules.filter.flow:158 - 新闻女王2分享链接遍历完成，无可用分享链接
2025-11-21 13:00:10 [INFO] app.modules.storage_operations.services.save_episodes_to_cloud:44 - 未筛选到适合['mkv', 'mp4', 'avi', 'mov', 'm4v', 'wmv', 'flv', 'torrent', 'srt', 'ass', 'sub', 'mp3', 'aac', 'zip']的链接
2025-11-21 13:00:10 [INFO] app.modules.storage_operations.services.save_episodes_to_cloud:44 - 未筛选到适合['mkv', 'mp4', 'avi', 'mov', 'm4v', 'wmv', 'flv', 'torrent', 'srt', 'ass', 'sub', 'mp3', 'aac', 'zip']的链接
2025-11-21 13:00:10 [INFO] app.modules.filter.services.target_episode_filter_service:128 - 最终选择 69 个文件来覆盖新剧集: ['The QUEEN of News S02E20 - 第 20 集 - 2160p WEB-DL H265 AAC 2Audio.mkv', 'The QUEEN of News S02E19 - 第 19 集 - 2160p WEB-DL H265 AAC 2Audio.mkv', 'The QUEEN of News S02E18 - 第 18 集 - 2160p WEB-DL H265 AAC 2Audio.mkv', 'The QUEEN of News S02E17 - 第 17 集 - 2160p WEB-DL H265 AAC 2Audio.mkv', 'The QUEEN of News S02E16 - 第 16 集 - 2160p WEB-DL H265 AAC 2Audio.mkv', 'The QUEEN of News S02E15 - 第 15 集 - 2160p WEB-DL H265 AAC 2Audio.mkv', 'The QUEEN of News S02E14 - 第 14 集 - 2160p WEB-DL H265 AAC 2Audio.mkv', 'The QUEEN of News S02E13 - 第 13 集 - 2160p WEB-DL H265 AAC 2Audio.mkv', 'The QUEEN of News S02E12 - 第 12 集 - 2160p WEB-DL H265 AAC 2Audio.mkv', 'The QUEEN of News S02E11 - 第 11 集 - 2160p WEB-DL H265 AAC 2Audio.mkv', 'The QUEEN of News S02E10 - 第 10 集 - 2160p WEB-DL H265 AAC 2Audio.mkv', 'The QUEEN of News S02E09 - 第 9 集 - 2160p WEB-DL H265 AAC 2Audio.mkv', 'The QUEEN of News S02E08 - 第 8 集 - 2160p WEB-DL H265 AAC 2Audio.mkv', 'The QUEEN of News S02E07 - 第 7 集 - 2160p WEB-DL H265 AAC 2Audio.mkv', 'The QUEEN of News S02E06 - 第 6 集 - 2160p WEB-DL H265 AAC 2Audio.mkv', 'The QUEEN of News S02E05 - 第 5 集 - 2160p WEB-DL H265 AAC 2Audio.mkv', 'The QUEEN of News S02E04 - 第 4 集 - 2160p WEB-DL H265 AAC 2Audio.mkv', 'The QUEEN of News S02E03 - 第 3 集 - 2160p WEB-DL H265 AAC 2Audio.mkv', 'The QUEEN of News S02E02 - 第 2 集 - 2160p WEB-DL H265 AAC 2Audio.mkv', 'The QUEEN of News S02E01 - 第 1 集 - 2160p WEB-DL H265 AAC 2Audio.mkv', 'The QUEEN of News S02E20 - 第 20 集 - 2160p WEB-DL DV HQ H265 AAC 2Audio.mkv', 'The QUEEN of News S02E19 - 第 19 集 - 2160p WEB-DL DV HQ H265 AAC 2Audio.mkv', 'The QUEEN of News S02E18 - 第 18 集 - 2160p WEB-DL DV HQ H265 AAC 2Audio.mkv', 'The QUEEN of News S02E17 - 第 17 集 - 2160p WEB-DL DV HQ H265 AAC 2Audio.mkv', 'The QUEEN of News S02E16 - 第 16 集 - 2160p WEB-DL DV HQ H265 AAC 2Audio.mkv', 'The QUEEN of News S02E15 - 第 15 集 - 2160p WEB-DL DV HQ H265 AAC 2Audio.mkv', 'The QUEEN of News S02E14 - 第 14 集 - 2160p WEB-DL DV HQ H265 AAC 2Audio.mkv', 'The QUEEN of News S02E13 - 第 13 集 - 2160p WEB-DL DV HQ H265 AAC 2Audio.mkv', 'The QUEEN of News S02E12 - 第 12 集 - 2160p WEB-DL DV HQ H265 AAC 2Audio.mkv', 'The QUEEN of News S02E11 - 第 11 集 - 2160p WEB-DL DV HQ H265 AAC 2Audio.mkv', 'The QUEEN of News S02E10 - 第 10 集 - 2160p WEB-DL DV HQ H265 AAC 2Audio.mkv', 'The QUEEN of News S02E09 - 第 9 集 - 2160p WEB-DL DV HQ H265 AAC 2Audio.mkv', 'The QUEEN of News S02E08 - 第 8 集 - 2160p WEB-DL DV HQ H265 AAC 2Audio.mkv', 'The QUEEN of News S02E07 - 第 7 集 - 2160p WEB-DL DV HQ H265 AAC 2Audio.mkv', 'The QUEEN of News S02E06 - 第 6 集 - 2160p WEB-DL DV HQ H265 AAC 2Audio.mkv', 'The QUEEN of News S02E05 - 第 5 集 - 2160p WEB-DL DV HQ H265 AAC 2Audio.mkv', 'The QUEEN of News S02E04 - 第 4 集 - 2160p WEB-DL DV HQ H265 AAC 2Audio.mkv', 'The QUEEN of News S02E03 - 第 3 集 - 2160p WEB-DL DV HQ H265 AAC 2Audio.mkv', 'The QUEEN of News S02E02 - 第 2 集 - 2160p WEB-DL DV HQ H265 AAC 2Audio.mkv', 'The QUEEN of News S02E01 - 第 1 集 - 2160p WEB-DL DV HQ H265 AAC 2Audio.zh.srt', 'The QUEEN of News S02E01 - 第 1 集 - 2160p WEB-DL DV HQ H265 AAC 2Audio.mkv', 'The QUEEN of News S01E26 - 第 26 集 - 2160p WEB-DL HQ H265 10bit AAC.mp4', 'The QUEEN of News S01E25 - 第 25 集 - 2160p WEB-DL HQ H265 10bit AAC.mp4', 'The QUEEN of News S01E24 - 第 24 集 - 2160p WEB-DL HQ H265 10bit AAC.mp4', 'The QUEEN of News S01E23 - 第 23 集 - 2160p WEB-DL HQ H265 10bit AAC.mp4', 'The QUEEN of News S01E22 - 第 22 集 - 2160p WEB-DL HQ H265 10bit AAC.mp4', 'The QUEEN of News S01E21 - 第 21 集 - 2160p WEB-DL HQ H265 10bit AAC.mp4', 'The QUEEN of News S01E20 - 第 20 集 - 2160p WEB-DL HQ H265 10bit AAC.mp4', 'The QUEEN of News S01E19 - 第 19 集 - 2160p WEB-DL HQ H265 10bit AAC.mp4', 'The QUEEN of News S01E18 - 第 18 集 - 2160p WEB-DL HQ H265 10bit AAC.mp4', 'The QUEEN of News S01E17 - 第 17 集 - 2160p WEB-DL HQ H265 10bit AAC.mp4', 'The QUEEN of News S01E16 - 第 16 集 - 2160p WEB-DL HQ H265 10bit AAC.mp4', 'The QUEEN of News S01E15 - 第 15 集 - 2160p WEB-DL HQ H265 10bit AAC.mp4', 'The QUEEN of News S01E14 - 第 14 集 - 2160p WEB-DL HQ H265 10bit AAC.mp4', 'The QUEEN of News S01E13 - 第 13 集 - 2160p WEB-DL HQ H265 10bit AAC.mp4', 'The QUEEN of News S01E12 - 第 12 集 - 2160p WEB-DL HQ H265 10bit AAC.mp4', 'The QUEEN of News S01E11 - 第 11 集 - 2160p WEB-DL HQ H265 10bit AAC.mp4', 'The QUEEN of News S01E10 - 第 10 集 - 2160p WEB-DL HQ H265 10bit AAC.mp4', 'The QUEEN of News S01E09 - 第 9 集 - 2160p WEB-DL HQ H265 10bit AAC.mp4', 'The QUEEN of News S01E08 - 第 8 集 - 2160p WEB-DL HQ H265 10bit AAC.mp4', 'The QUEEN of News S01E07 - 第 7 集 - 2160p WEB-DL HQ H265 10bit AAC.mp4', 'The QUEEN of News S01E06 - 第 6 集 - 2160p WEB-DL HQ H265 10bit AAC.mp4', 'The QUEEN of News S01E05 - 第 5 集 - 2160p WEB-DL HQ H265 10bit AAC.mp4', 'The QUEEN of News S01E04 - 第 4 集 - 2160p WEB-DL HQ H265 10bit AAC.mp4', 'The QUEEN of News S01E03 - 第 3 集 - 2160p WEB-DL HQ H265 10bit AAC.mp4', 'The QUEEN of News S01E02 - 第 2 集 - 2160p WEB-DL HQ H265 10bit AAC.mp4', 'The QUEEN of News S01E01 - 第 1 集 - 2160p WEB-DL HQ H265 10bit AAC.mp4', 'season02-poster.jpg', 'season01-poster.jpg']
2025-11-21 13:00:10 [INFO] app.modules.filter.services.target_episode_filter_service:141 - 获取到目标剧集组合，来自链接：https://pan.baidu.com/s/1yrA4BS0V63ZprAC_lq_ZmA?pwd=8os3
2025-11-21 13:00:10 [WARNING] app.modules.filter.flow:110 - 新闻女王2 | https://pan.baidu.com/s/1yrA4BS0V63ZprAC_lq_ZmA?pwd=8os3 更新超出容忍范围,被跳过: 26 > 21 + 2
2025-11-21 13:00:11 [INFO] app.modules.filter.services.regex_target_link_filter:50 - 匹配成功: link_title="新闻女王2 新聞女王Ⅱ /新闻女王 第二季(2025) 【佘诗曼/黄宗泽/剧情】【4K国粤双语 更新EP20】【附第一季】描述：　又名: 新闻女王 第二季 / 新闻女王 续篇 / The Queen of NEWS Ⅱ 　半年间，SNK剧变，总监余英飞离职、门外汉古肇华空降。张家妍虽掌权却难服众。刘艳的公开平台崛起，动摇传统媒体地位，连已入官场的许诗晴亦被卷入新旧媒体的角力。文慧心于此时复出，昭告世人：新闻女王的地位永远不可撼动！" movie_title_season="新闻女王2" pattern="^新闻女王2.*"
2025-11-21 13:00:11 [INFO] app.modules.filter.services.target_episode_filter_service:137 - 开始处理链接：--- 新闻女王2 新聞女王Ⅱ /新闻女王 第二季(2025) 【佘诗曼/黄宗泽/剧情】【4K国粤双语 更新EP20】【附第一季】描述：　又名: 新闻女王 第二季 / 新闻女王 续篇 / The Queen of NEWS Ⅱ 　半年间，SNK剧变，总监余英飞离职、门外汉古肇华空降。张家妍虽掌权却难服众。刘艳的公开平台崛起，动摇传统媒体地位，连已入官场的许诗晴亦被卷入新旧媒体的角力。文慧心于此时复出，昭告世人：新闻女王的地位永远不可撼动！ https://pan.baidu.com/s/1Vcdm__K4NEgXQpU-4Xhj5A?pwd=8888
2025-11-21 13:00:12 [INFO] app.modules.filter.services.regex_target_link_filter:50 - 匹配成功: link_title="🗄 新闻女王/新闻女王2(2025)【更20集】【4K.普码】【国粤双语】【内嵌简中】【附第一季】" movie_title_season="新闻女王2" pattern=".*新闻女王2[(（]20\d{2}[）)]"
2025-11-21 13:00:12 [INFO] app.modules.filter.services.target_episode_filter_service:137 - 开始处理链接：--- 🗄 新闻女王/新闻女王2(2025)【更20集】【4K.普码】【国粤双语】【内嵌简中】【附第一季】 https://pan.baidu.com/s/1NaKehOngqlT5iBvENHI2rw?pwd=Yu66
2025-11-21 13:00:14 [INFO] app.modules.filter.services.target_episode_filter_service:128 - 最终选择 48 个文件来覆盖新剧集: ['The QUEEN of News S02E20 - 第 20 集 - 2160p WEB-DL H265 AAC 2Audio.mkv', 'The QUEEN of News S02E19 - 第 19 集 - 2160p WEB-DL H265 AAC 2Audio.mkv', 'The QUEEN of News S02E18 - 第 18 集 - 2160p WEB-DL H265 AAC 2Audio.mkv', 'The QUEEN of News S02E17 - 第 17 集 - 2160p WEB-DL H265 AAC 2Audio.mkv', 'The QUEEN of News S02E16 - 第 16 集 - 2160p WEB-DL H265 AAC 2Audio.mkv', 'The QUEEN of News S02E15 - 第 15 集 - 2160p WEB-DL H265 AAC 2Audio.mkv', 'The QUEEN of News S02E14 - 第 14 集 - 2160p WEB-DL H265 AAC 2Audio.mkv', 'The QUEEN of News S02E13 - 第 13 集 - 2160p WEB-DL H265 AAC 2Audio.mkv', 'The QUEEN of News S02E12 - 第 12 集 - 2160p WEB-DL H265 AAC 2Audio.mkv', 'The QUEEN of News S02E11 - 第 11 集 - 2160p WEB-DL H265 AAC 2Audio.mkv', 'The QUEEN of News S02E10 - 第 10 集 - 2160p WEB-DL H265 AAC 2Audio.mkv', 'The QUEEN of News S02E09 - 第 9 集 - 2160p WEB-DL H265 AAC 2Audio.mkv', 'The QUEEN of News S02E08 - 第 8 集 - 2160p WEB-DL H265 AAC 2Audio.mkv', 'The QUEEN of News S02E07 - 第 7 集 - 2160p WEB-DL H265 AAC 2Audio.mkv', 'The QUEEN of News S02E06 - 第 6 集 - 2160p WEB-DL H265 AAC 2Audio.mkv', 'The QUEEN of News S02E05 - 第 5 集 - 2160p WEB-DL H265 AAC 2Audio.mkv', 'The QUEEN of News S02E04 - 第 4 集 - 2160p WEB-DL H265 AAC 2Audio.mkv', 'The QUEEN of News S02E03 - 第 3 集 - 2160p WEB-DL H265 AAC 2Audio.mkv', 'The QUEEN of News S02E02 - 第 2 集 - 2160p WEB-DL H265 AAC 2Audio.mkv', 'The QUEEN of News S02E01 - 第 1 集 - 2160p WEB-DL H265 AAC 2Audio.mkv', 'The QUEEN of News S01E26 - 第 26 集 - 2160p WEB-DL HQ H265 10bit AAC.mp4', 'The QUEEN of News S01E25 - 第 25 集 - 2160p WEB-DL HQ H265 10bit AAC.mp4', 'The QUEEN of News S01E24 - 第 24 集 - 2160p WEB-DL HQ H265 10bit AAC.mp4', 'The QUEEN of News S01E23 - 第 23 集 - 2160p WEB-DL HQ H265 10bit AAC.mp4', 'The QUEEN of News S01E22 - 第 22 集 - 2160p WEB-DL HQ H265 10bit AAC.mp4', 'The QUEEN of News S01E21 - 第 21 集 - 2160p WEB-DL HQ H265 10bit AAC.mp4', 'The QUEEN of News S01E20 - 第 20 集 - 2160p WEB-DL HQ H265 10bit AAC.mp4', 'The QUEEN of News S01E19 - 第 19 集 - 2160p WEB-DL HQ H265 10bit AAC.mp4', 'The QUEEN of News S01E18 - 第 18 集 - 2160p WEB-DL HQ H265 10bit AAC.mp4', 'The QUEEN of News S01E17 - 第 17 集 - 2160p WEB-DL HQ H265 10bit AAC.mp4', 'The QUEEN of News S01E16 - 第 16 集 - 2160p WEB-DL HQ H265 10bit AAC.mp4', 'The QUEEN of News S01E15 - 第 15 集 - 2160p WEB-DL HQ H265 10bit AAC.mp4', 'The QUEEN of News S01E14 - 第 14 集 - 2160p WEB-DL HQ H265 10bit AAC.mp4', 'The QUEEN of News S01E13 - 第 13 集 - 2160p WEB-DL HQ H265 10bit AAC.mp4', 'The QUEEN of News S01E12 - 第 12 集 - 2160p WEB-DL HQ H265 10bit AAC.mp4', 'The QUEEN of News S01E11 - 第 11 集 - 2160p WEB-DL HQ H265 10bit AAC.mp4', 'The QUEEN of News S01E10 - 第 10 集 - 2160p WEB-DL HQ H265 10bit AAC.mp4', 'The QUEEN of News S01E09 - 第 9 集 - 2160p WEB-DL HQ H265 10bit AAC.mp4', 'The QUEEN of News S01E08 - 第 8 集 - 2160p WEB-DL HQ H265 10bit AAC.mp4', 'The QUEEN of News S01E07 - 第 7 集 - 2160p WEB-DL HQ H265 10bit AAC.mp4', 'The QUEEN of News S01E06 - 第 6 集 - 2160p WEB-DL HQ H265 10bit AAC.mp4', 'The QUEEN of News S01E05 - 第 5 集 - 2160p WEB-DL HQ H265 10bit AAC.mp4', 'The QUEEN of News S01E04 - 第 4 集 - 2160p WEB-DL HQ H265 10bit AAC.mp4', 'The QUEEN of News S01E03 - 第 3 集 - 2160p WEB-DL HQ H265 10bit AAC.mp4', 'The QUEEN of News S01E02 - 第 2 集 - 2160p WEB-DL HQ H265 10bit AAC.mp4', 'The QUEEN of News S01E01 - 第 1 集 - 2160p WEB-DL HQ H265 10bit AAC.mp4', 'season02-poster.jpg', 'season01-poster.jpg']
2025-11-21 13:00:14 [INFO] app.modules.filter.services.target_episode_filter_service:141 - 获取到目标剧集组合，来自链接：https://pan.baidu.com/s/1NaKehOngqlT5iBvENHI2rw?pwd=Yu66
2025-11-21 13:00:14 [WARNING] app.modules.filter.flow:110 - 新闻女王2 | https://pan.baidu.com/s/1NaKehOngqlT5iBvENHI2rw?pwd=Yu66 更新超出容忍范围,被跳过: 26 > 21 + 2
2025-11-21 13:00:14 [INFO] app.modules.filter.services.regex_target_link_filter:50 - 匹配成功: link_title="新闻女王2 新聞女王Ⅱ (2025) [WEB-4K] [国粤双语] [内嵌简中] [更至20集]" movie_title_season="新闻女王2" pattern="^新闻女王2.*"
2025-11-21 13:00:14 [INFO] app.modules.filter.services.target_episode_filter_service:137 - 开始处理链接：--- 新闻女王2 新聞女王Ⅱ (2025) [WEB-4K] [国粤双语] [内嵌简中] [更至20集] https://pan.baidu.com/s/16DhKxxMY51_SOWgdkw6z3Q?pwd=1111
2025-11-21 13:00:15 [INFO] app.modules.filter.services.target_episode_filter_service:128 - 最终选择 20 个文件来覆盖新剧集: ['XWNWSSM2-20.mkv', 'XWNWSSM2-19.mkv', 'XWNWSSM2-18.mkv', 'XWNWSSM2-17.mkv', 'XWNWSSM2-16.mkv', 'XWNWSSM2-15.mkv', 'XWNWSSM2-14.mkv', 'XWNWSSM2-13.mkv', 'XWNWSSM2-12.mkv', 'XWNWSSM2-11.mkv', 'XWNWSSM2-10.mkv', 'XWNWSSM2-09.mkv', 'XWNWSSM2-08.mkv', 'XWNWSSM2-07.mkv', 'XWNWSSM2-06.mkv', 'XWNWSSM2-05.mkv', 'XWNWSSM2-04.mkv', 'XWNWSSM2-03.mkv', 'XWNWSSM2-02.mkv', 'XWNWSSM2-01.mkv']
2025-11-21 13:00:15 [INFO] app.modules.filter.services.target_episode_filter_service:141 - 获取到目标剧集组合，来自链接：https://pan.baidu.com/s/16DhKxxMY51_SOWgdkw6z3Q?pwd=1111
2025-11-21 13:00:15 [INFO] app.modules.filter.flow:128 - 新闻女王2 | https://pan.baidu.com/s/16DhKxxMY51_SOWgdkw6z3Q?pwd=1111 作为备选（更新至 20/21）
2025-11-21 13:00:16 [INFO] app.modules.filter.services.regex_target_link_filter:50 - 匹配成功: link_title="新闻女王2 / 新闻女王 第二季 (2025) 4K SDR 60帧 国粤双语【更新EP20】" movie_title_season="新闻女王2" pattern="^新闻女王2.*"
2025-11-21 13:00:16 [INFO] app.modules.filter.services.target_episode_filter_service:137 - 开始处理链接：--- 新闻女王2 / 新闻女王 第二季 (2025) 4K SDR 60帧 国粤双语【更新EP20】 https://pan.baidu.com/s/1fUg32YaLBafMwPYeCmIB7g?pwd=yyds
2025-11-21 13:00:17 [INFO] app.modules.filter.services.target_episode_filter_service:128 - 最终选择 46 个文件来覆盖新剧集: ['S01E26.mp4', 'S01E25.mp4', 'S01E24.mp4', 'S01E23.mp4', 'S01E22.mp4', 'S01E21.mp4', 'S01E20.mp4', 'S01E19.mp4', 'S01E18.mp4', 'S01E17.mp4', 'S01E16.mp4', 'S01E15.mp4', 'S01E14.mp4', 'S01E13.mp4', 'S01E12.mp4', 'S01E11.mp4', 'S01E10.mp4', 'S01E09.mp4', 'S01E08.mp4', 'S01E07.mp4', 'S01E06.mp4', 'S01E05.mp4', 'S01E04.mp4', 'S01E03.mp4', 'S01E02.mp4', 'S01E01.mp4', 'S02E08.2025.2160p.WEB-DL.AAC.H.265.mkv', 'S02E07.2025.2160p.WEB-DL.AAC.H.265.mkv', 'S01E20.2025.2160p.60fps.WEB-DL.H265.AAC.2Audios.mkv', 'S01E19.2025.2160p.60fps.WEB-DL.H265.AAC.2Audio.mp4', 'S01E18.2025.2160p.60fps.WEB-DL.H265.AAC.2Audio.mkv', 'S01E17.2025.2160p.60fps.WEB-DL.H265.AAC.2Audios.mp4', 'S01E16.2025.2160p.60fps.WEB-DL.H265.AAC.2Audios.mp4', 'S01E15.2025.2160p.60fps.WEB-DL.H265.AAC.2Audios.mp4', 'S01E14.2025.2160p.60fps.WEB-DL.H265.AAC.2Audios.mkv', 'S01E13.2025.2160p.60fps.WEB-DL.H265.AAC.2Audios.mkv', 'S01E12.2025.2160p.60fps.WEB-DL.H265.AAC.2Audios.mkv', 'S01E11.2025.2160p.60fps.WEB-DL.H265.AAC.2Audios.mkv', 'S01E10.2025.2160p.60fps.WEB-DL.H265.AAC.2Audios.mkv', 'S01E09.2025.2160p.60fps.WEB-DL.H265.AAC.2Audios.mkv', 'S01E06.2025.2160p.60fps.WEB-DL.H265.AAC.2Audios.mkv', 'S01E05.2025.2160p.60fps.WEB-DL.H265.AAC.2Audios.mkv', 'S01E04.2025.2160p.60fps.WEB-DL.H265.AAC.2Audios.mkv', 'S01E03.2025.2160p.60fps.WEB-DL.H265.AAC.2Audios.mkv', 'S01E02.2025.2160p.60fps.WEB-DL.H265.AAC.2Audios.mkv', 'S01E01.2025.2160p.60fps.WEB-DL.H265.AAC.2Audios.mkv']
2025-11-21 13:00:17 [INFO] app.modules.filter.services.target_episode_filter_service:141 - 获取到目标剧集组合，来自链接：https://pan.baidu.com/s/1fUg32YaLBafMwPYeCmIB7g?pwd=yyds
2025-11-21 13:00:17 [WARNING] app.modules.filter.flow:110 - 新闻女王2 | https://pan.baidu.com/s/1fUg32YaLBafMwPYeCmIB7g?pwd=yyds 更新超出容忍范围,被跳过: 26 > 21 + 2
2025-11-21 13:00:18 [INFO] app.modules.filter.services.regex_target_link_filter:50 - 匹配成功: link_title="新闻女王2 (2025) 第1-20集【4K/60fps 国粤双语音频 无广告无台标 佘诗曼/黄宗泽】描述：半年间，SNK剧变，总监余英飞离职、门外汉古肇华空降。张家妍虽掌权却难服众。刘艳的公开平台崛起，动摇传统媒体地位，连已入官场的许诗晴亦被卷入新旧媒体的角力。文慧心于此时复出，昭告世人：新闻女王的地位永远不可撼动！" movie_title_season="新闻女王2" pattern="^新闻女王2.*"
2025-11-21 13:00:18 [INFO] app.modules.filter.services.target_episode_filter_service:137 - 开始处理链接：--- 新闻女王2 (2025) 第1-20集【4K/60fps 国粤双语音频 无广告无台标 佘诗曼/黄宗泽】描述：半年间，SNK剧变，总监余英飞离职、门外汉古肇华空降。张家妍虽掌权却难服众。刘艳的公开平台崛起，动摇传统媒体地位，连已入官场的许诗晴亦被卷入新旧媒体的角力。文慧心于此时复出，昭告世人：新闻女王的地位永远不可撼动！ https://pan.baidu.com/s/1ofJfRMJx1ZO_SZXe-EO_TA?pwd=gff3
2025-11-21 13:00:19 [INFO] app.modules.filter.services.regex_target_link_filter:50 - 匹配成功: link_title="资源标题：新闻女王2 (2025)剧情 国粤双语 4KHQ60FPS 更新20集" movie_title_season="新闻女王2" pattern=".*[:：]新闻女王2.*"
2025-11-21 13:00:19 [INFO] app.modules.filter.services.target_episode_filter_service:137 - 开始处理链接：--- 资源标题：新闻女王2 (2025)剧情 国粤双语 4KHQ60FPS 更新20集 https://pan.baidu.com/s/1BJ8alZy-5bD9IaoIWPXppw?pwd=6666
2025-11-21 13:00:21 [INFO] telethon.client.updates:443 - Got difference for channel 1401724496 updates
2025-11-21 13:00:21 [INFO] telethon.client.updates:443 - Got difference for channel 1280467440 updates
2025-11-21 13:00:21 [INFO] telethon.client.updates:443 - Got difference for channel 2014194320 updates
2025-11-21 13:00:21 [INFO] telethon.client.updates:443 - Got difference for channel 1872908471 updates
2025-11-21 13:00:22 [INFO] app.modules.filter.services.target_episode_filter_service:128 - 最终选择 40 个文件来覆盖新剧集: ['X.W.N.W.2.2025.S02E20.2160p.HQ.60fps.WEB-DL.H265.10bit.HDR10.AAC-GyWEB.mp4', 'X.W.N.W.2.2025.S02E19.2160p.HQ.60fps.WEB-DL.H265.10bit.HDR10.AAC-GyWEB.mp4', 'X.W.N.W.2.2025.S02E18.2160p.HQ.60fps.WEB-DL.H265.10bit.HDR10.AAC-GyWEB.mp4', 'X.W.N.W.2.2025.S02E17.2160p.HQ.60fps.WEB-DL.H265.10bit.HDR10.AAC-GyWEB.mp4', 'X.W.N.W.2.2025.S02E16.2160p.HQ.60fps.WEB-DL.H265.10bit.HDR10.AAC-GyWEB.mp4', 'X.W.N.W.2.2025.S02E15.2160p.HQ.60fps.WEB-DL.H265.10bit.HDR10.AAC-GyWEB.mp4', 'X.W.N.W.2.2025.S02E14.2160p.HQ.60fps.WEB-DL.H265.10bit.HDR10.AAC-GyWEB.mp4', 'X.W.N.W.2.2025.S02E13.2160p.HQ.60fps.WEB-DL.H265.10bit.HDR10.AAC-GyWEB.mp4', 'X.W.N.W.2.2025.S02E12.2160p.HQ.60fps.WEB-DL.H265.10bit.HDR10.AAC-GyWEB.mp4', 'X.W.N.W.2.2025.S02E11.2160p.HQ.60fps.WEB-DL.H265.10bit.HDR10.AAC-GyWEB.mp4', 'X.W.N.W.2.2025.S02E10.2160p.HQ.60fps.WEB-DL.H265.10bit.HDR10.AAC-GyWEB.mp4', 'X.W.N.W.2.2025.S02E09.2160p.HQ.60fps.WEB-DL.H265.10bit.HDR10.AAC-GyWEB.mp4', 'X.W.N.W.2.2025.S02E08.2160p.HQ.60fps.WEB-DL.H265.10bit.HDR10.AAC-GyWEB.mp4', 'X.W.N.W.2.2025.S02E07.2160p.HQ.60fps.WEB-DL.H265.10bit.HDR10.AAC-GyWEB.mp4', 'X.W.N.W.2.2025.S02E06.2160p.HQ.60fps.WEB-DL.H265.10bit.HDR10.AAC-GyWEB.mp4', 'X.W.N.W.2.2025.S02E05.2160p.HQ.60fps.WEB-DL.H265.10bit.HDR10.AAC-GyWEB.mp4', 'X.W.N.W.2.2025.S02E04.2160p.HQ.60fps.WEB-DL.H265.10bit.HDR10.AAC-GyWEB.mp4', 'X.W.N.W.2.2025.S02E03.2160p.HQ.60fps.WEB-DL.H265.10bit.HDR10.AAC-GyWEB.mp4', 'X.W.N.W.2.2025.S02E02.2160p.HQ.60fps.WEB-DL.H265.10bit.HDR10.AAC-GyWEB.mp4', 'X.W.N.W.2.2025.S02E01.2160p.HQ.60fps.WEB-DL.H265.10bit.HDR10.AAC-GyWEB.mp4', 'X.W.N.W.2.2025.S02E20.2160p.60fps.WEB-DL.H265.10bit.AAC-GyWEB.mp4', 'X.W.N.W.2.2025.S02E19.2160p.60fps.WEB-DL.H265.10bit.AAC-GyWEB.mp4', 'X.W.N.W.2.2025.S02E18.2160p.60fps.WEB-DL.H265.10bit.AAC-GyWEB.mp4', 'X.W.N.W.2.2025.S02E17.2160p.60fps.WEB-DL.H265.10bit.AAC-GyWEB.mp4', 'X.W.N.W.2.2025.S02E16.2160p.60fps.WEB-DL.H265.10bit.AAC-GyWEB.mp4', 'X.W.N.W.2.2025.S02E15.2160p.60fps.WEB-DL.H265.10bit.AAC-GyWEB.mp4', 'X.W.N.W.2.2025.S02E14.2160p.60fps.WEB-DL.H265.10bit.AAC-GyWEB.mp4', 'X.W.N.W.2.2025.S02E13.2160p.60fps.WEB-DL.H265.10bit.AAC-GyWEB.mp4', 'X.W.N.W.2.2025.S02E12.2160p.60fps.WEB-DL.H265.10bit.AAC-GyWEB.mp4', 'X.W.N.W.2.2025.S02E11.2160p.60fps.WEB-DL.H265.10bit.AAC-GyWEB.mp4', 'X.W.N.W.2.2025.S02E10.2160p.60fps.WEB-DL.H265.10bit.AAC-GyWEB.mp4', 'X.W.N.W.2.2025.S02E09.2160p.60fps.WEB-DL.H265.10bit.AAC-GyWEB.mp4', 'X.W.N.W.2.2025.S02E08.2160p.60fps.WEB-DL.H265.10bit.AAC-GyWEB.mp4', 'X.W.N.W.2.2025.S02E07.2160p.60fps.WEB-DL.H265.10bit.AAC-GyWEB.mp4', 'X.W.N.W.2.2025.S02E06.2160p.60fps.WEB-DL.H265.10bit.AAC-GyWEB.mp4', 'X.W.N.W.2.2025.S02E05.2160p.60fps.WEB-DL.H265.10bit.AAC-GyWEB.mp4', 'X.W.N.W.2.2025.S02E04.2160p.60fps.WEB-DL.H265.10bit.AAC-GyWEB.mp4', 'X.W.N.W.2.2025.S02E03.2160p.60fps.WEB-DL.H265.10bit.AAC-GyWEB.mp4', 'X.W.N.W.2.2025.S02E02.2160p.60fps.WEB-DL.H265.10bit.AAC-GyWEB.mp4', 'X.W.N.W.2.2025.S02E01.2160p.60fps.WEB-DL.H265.10bit.AAC-GyWEB.mp4']
2025-11-21 13:00:22 [INFO] app.modules.filter.services.target_episode_filter_service:141 - 获取到目标剧集组合，来自链接：https://pan.baidu.com/s/1BJ8alZy-5bD9IaoIWPXppw?pwd=6666
2025-11-21 13:00:22 [INFO] app.modules.filter.flow:138 - 新闻女王2 | https://pan.baidu.com/s/1BJ8alZy-5bD9IaoIWPXppw?pwd=6666 跳过（更新至 20，比备选https://pan.baidu.com/s/16DhKxxMY51_SOWgdkw6z3Q?pwd=1111 | 20 更少）
2025-11-21 13:00:22 [INFO] telethon.client.updates:443 - Got difference for channel 2209378593 updates
2025-11-21 13:00:22 [INFO] app.modules.filter.services.regex_target_link_filter:50 - 匹配成功: link_title="新闻女王2 / 新闻女王 第二季 (2025) 4K HQ DV 60FPS 高码率 [SDR.60fps] [国粤双语] [更新20集]" movie_title_season="新闻女王2" pattern="^新闻女王2.*"
2025-11-21 13:00:22 [INFO] app.modules.filter.services.target_episode_filter_service:137 - 开始处理链接：--- 新闻女王2 / 新闻女王 第二季 (2025) 4K HQ DV 60FPS 高码率 [SDR.60fps] [国粤双语] [更新20集] https://pan.baidu.com/s/15y6XJHJ7OvJWtp66ezeefA?pwd=2kp3
2025-11-21 13:00:24 [INFO] app.modules.filter.services.target_episode_filter_service:128 - 最终选择 25 个文件来覆盖新剧集: ['S02E20.2160p.HQ.WEB-DL.DV.60fps.H.265.10bit.AAC.2Audios.mkv', 'S02E19.2160p.HQ.WEB-DL.DV.60fps.H.265.10bit.AAC.2Audios.mkv', 'S02E18.2160p.HQ.WEB-DL.DV.60fps.H.265.10bit.AAC.2Audios.mkv', 'S02E17.2160p.HQ.WEB-DL.DV.60fps.H.265.10bit.AAC.2Audios.mkv', 'S02E16.2160p.HQ.WEB-DL.DV.60fps.H.265.10bit.AAC.2Audios.mkv', 'S02E20.2025.2160p.60fps.WEB-DL.H.265.10bit.AAC.2Audios.mp4', 'S02E19.2025.2160p.60fps.WEB-DL.H.265.10bit.AAC.2Audios.mp4', 'S02E18.2025.2160p.60fps.WEB-DL.H.265.10bit.AAC.2Audios.mp4', 'S02E17.2025.2160p.60fps.WEB-DL.H.265.10bit.AAC.2Audios.mp4', 'S02E16.2025.2160p.60fps.WEB-DL.H.265.10bit.AAC.2Audios.mp4', 'S02E15.2025.2160p.60fps.WEB-DL.H.265.10bit.AAC.2Audios.mp4', 'S02E14.2025.2160p.60fps.WEB-DL.H.265.10bit.AAC.2Audios.mp4', 'S02E13.2025.2160p.60fps.WEB-DL.H.265.10bit.AAC.2Audios.mp4', 'S02E12.2025.2160p.60fps.WEB-DL.H.265.10bit.AAC.2Audios.mp4', 'S02E11.2025.2160p.60fps.WEB-DL.H.265.10bit.AAC.2Audios.mp4', 'S02E10.2025.2160p.60fps.WEB-DL.H.265.10bit.AAC.2Audios.mp4', 'S02E09.2025.2160p.60fps.WEB-DL.H.265.10bit.AAC.2Audios.mp4', 'S02E08.2025.2160p.60fps.WEB-DL.H.265.10bit.AAC.2Audios.mp4', 'S02E07.2025.2160p.60fps.WEB-DL.H.265.10bit.AAC.2Audios.mp4', 'S02E06.2025.2160p.60fps.WEB-DL.H.265.10bit.AAC.2Audios.mp4', 'S02E05.2025.2160p.60fps.WEB-DL.H.265.10bit.AAC.2Audios.mp4', 'S02E04.2025.2160p.60fps.WEB-DL.H.265.10bit.AAC.2Audios.mp4', 'S02E03.2025.2160p.60fps.WEB-DL.H.265.10bit.AAC.2Audios.mp4', 'S02E02.2025.2160p.60fps.WEB-DL.H.265.10bit.AAC.2Audios.mp4', 'S02E01.2025.2160p.60fps.WEB-DL.H.265.10bit.AAC.2Audios.mp4']
2025-11-21 13:00:24 [INFO] app.modules.filter.services.target_episode_filter_service:141 - 获取到目标剧集组合，来自链接：https://pan.baidu.com/s/15y6XJHJ7OvJWtp66ezeefA?pwd=2kp3
2025-11-21 13:00:24 [INFO] app.modules.filter.flow:138 - 新闻女王2 | https://pan.baidu.com/s/15y6XJHJ7OvJWtp66ezeefA?pwd=2kp3 跳过（更新至 20，比备选https://pan.baidu.com/s/16DhKxxMY51_SOWgdkw6z3Q?pwd=1111 | 20 更少）
2025-11-21 13:00:25 [INFO] app.modules.filter.services.regex_target_link_filter:50 - 匹配成功: link_title="新闻女王2 更新至20集 4K SDR 60帧 高码率" movie_title_season="新闻女王2" pattern="^新闻女王2.*"
2025-11-21 13:00:25 [INFO] app.modules.filter.services.target_episode_filter_service:137 - 开始处理链接：--- 新闻女王2 更新至20集 4K SDR 60帧 高码率 https://pan.baidu.com/s/1eVAyoS6DVjaKO0Ng_XrO-A?pwd=4v7b
2025-11-21 13:00:26 [INFO] app.modules.filter.services.target_episode_filter_service:128 - 最终选择 20 个文件来覆盖新剧集: ['The.Queen.of.NEWS.S02E20.2025.2160p.HQ.WEB-DL.60fps.H.265.AAC.2Audio.mp4', 'The.Queen.of.NEWS.S02E19.2025.2160p.HQ.WEB-DL.60fps.H.265.AAC.2Audio.mp4', 'The.Queen.of.NEWS.S02E18.2025.2160p.HQ.WEB-DL.60fps.H.265.AAC.2Audio.mp4', 'The.Queen.of.NEWS.S02E17.2025.2160p.HQ.WEB-DL.60fps.H.265.AAC.2Audio.mp4', 'The.Queen.of.NEWS.S02E16.2025.2160p.HQ.WEB-DL.60fps.H.265.AAC.2Audio.mp4', 'The.Queen.of.NEWS.S02E15.2025.2160p.HQ.WEB-DL.60fps.H.265.AAC.2Audio.mp4', 'The.Queen.of.NEWS.S02E14.2025.2160p.HQ.WEB-DL.60fps.H.265.AAC.2Audio.mp4', 'The.Queen.of.NEWS.S02E13.2025.2160p.HQ.WEB-DL.60fps.H.265.AAC.2Audio.mp4', 'The.Queen.of.NEWS.S02E12.2025.2160p.HQ.WEB-DL.60fps.H.265.AAC.2Audio.mp4', 'The.Queen.of.NEWS.S02E11.2025.2160p.HQ.WEB-DL.60fps.H.265.AAC.2Audio.mp4', 'The.Queen.of.NEWS.S02E10.2025.2160p.HQ.WEB-DL.60fps.H.265.AAC.2Audio.mp4', 'The.Queen.of.NEWS.S02E09.2025.2160p.HQ.WEB-DL.60fps.H.265.AAC.2Audio.mp4', 'The.Queen.of.NEWS.S02E08.2025.2160p.HQ.WEB-DL.60fps.H.265.AAC.2Audio.mp4', 'The.Queen.of.NEWS.S02E07.2025.2160p.HQ.WEB-DL.60fps.H.265.AAC.2Audio.mp4', 'The.Queen.of.NEWS.S02E06.2025.2160p.HQ.WEB-DL.60fps.H.265.AAC.2Audio.mp4', 'The.Queen.of.NEWS.S02E05.2025.2160p.HQ.WEB-DL.60fps.H.265.AAC.2Audio.mp4', 'The.Queen.of.NEWS.S02E04.2025.2160p.HQ.WEB-DL.60fps.H.265.AAC.2Audio.mp4', 'The.Queen.of.NEWS.S02E03.2025.2160p.HQ.WEB-DL.60fps.H.265.AAC.2Audio.mp4', 'The.Queen.of.NEWS.S02E02.2025.2160p.HQ.WEB-DL.60fps.H.265.AAC.2Audio.mp4', 'The.Queen.of.NEWS.S02E01.2025.2160p.HQ.WEB-DL.60fps.H.265.AAC.2Audio.mp4']
2025-11-21 13:00:26 [INFO] app.modules.filter.services.target_episode_filter_service:141 - 获取到目标剧集组合，来自链接：https://pan.baidu.com/s/1eVAyoS6DVjaKO0Ng_XrO-A?pwd=4v7b
2025-11-21 13:00:26 [INFO] app.modules.filter.flow:138 - 新闻女王2 | https://pan.baidu.com/s/1eVAyoS6DVjaKO0Ng_XrO-A?pwd=4v7b 跳过（更新至 20，比备选https://pan.baidu.com/s/16DhKxxMY51_SOWgdkw6z3Q?pwd=1111 | 20 更少）
2025-11-21 13:00:26 [INFO] app.modules.filter.flow:158 - 新闻女王2分享链接遍历完成，无可用分享链接
2025-11-21 13:00:26 [INFO] app.modules.storage_operations.services.save_episodes_to_cloud:44 - 未筛选到适合['mkv', 'mp4', 'avi', 'mov', 'm4v', 'wmv', 'flv', 'torrent', 'srt', 'ass', 'sub', 'mp3', 'aac', 'zip']的链接
2025-11-21 13:00:30 [INFO] app.modules.filter.services.regex_target_link_filter:50 - 匹配成功: link_title="勿扰飞升" movie_title_season="勿扰飞升" pattern="^勿扰飞升.*"
2025-11-21 13:00:30 [INFO] app.modules.filter.services.target_episode_filter_service:137 - 开始处理链接：--- 勿扰飞升 https://pan.quark.cn/s/ac810cf770ef
2025-11-21 13:00:30 [INFO] app.modules.filter.services.target_episode_filter_service:128 - 最终选择 32 个文件来覆盖新剧集: ['S01E16.2025.2160p.WEB-DL.H265.10bit.60fps.HIFI2.0.&AAC5.1.4Audios.mkv', 'S01E15.2025.2160p.WEB-DL.H265.10bit.60fps.HIFI2.0.&AAC5.1.4Audios.mkv', 'S01E14.2025.2160p.WEB-DL.H265.10bit.60fps.HIFI2.0.&AAC5.1.4Audios.mkv', 'S01E13.2025.2160p.WEB-DL.H265.10bit.60fps.HIFI2.0.&AAC5.1.4Audios.mkv', 'S01E12.2025.2160p.WEB-DL.H265.10bit.60fps.HIFI2.0.&AAC5.1.4Audios.mkv', 'S01E11.2025.2160p.WEB-DL.H265.10bit.60fps.HIFI2.0.&AAC5.1.4Audios.mkv', 'S01E10.2025.2160p.WEB-DL.H265.10bit.60fps.HIFI2.0.&AAC5.1.4Audios.mkv', 'S01E09.2025.2160p.WEB-DL.H265.10bit.60fps.HIFI2.0.&AAC5.1.4Audios.mkv', 'S01E08.2025.2160p.WEB-DL.H265.10bit.60fps.HIFI2.0.&AAC5.1.4Audios.mkv', 'S01E07.2025.2160p.WEB-DL.H265.10bit.60fps.HIFI2.0.&AAC5.1.4Audios.mkv', 'S01E06.2025.2160p.WEB-DL.H265.10bit.60fps.HIFI2.0.&AAC5.1.4Audios.mkv', 'S01E05.2025.2160p.WEB-DL.H265.10bit.60fps.HIFI2.0.&AAC5.1.4Audios.mkv', 'S01E04.2025.2160p.WEB-DL.H265.10bit.60fps.HIFI2.0.&AAC5.1.4Audios.mkv', 'S01E03.2025.2160p.WEB-DL.H265.10bit.60fps.HIFI2.0.&AAC5.1.4Audios.mkv', 'S01E02.2025.2160p.WEB-DL.H265.10bit.60fps.HIFI2.0.&AAC5.1.4Audios.mkv', 'S01E01.2025.2160p.WEB-DL.H265.10bit.60fps.HIFI2.0.&AAC5.1.4Audios.mkv', 'S01E16.2025.2160p.60fps.WEB-DL.H265.10bit.AAC.mp4', 'S01E15.2025.2160p.60fps.WEB-DL.H265.10bit.AAC.mp4', 'S01E14.2025.2160p.60fps.WEB-DL.H265.10bit.AAC.mp4', 'S01E13.2025.2160p.60fps.WEB-DL.H265.10bit.AAC.mp4', 'S01E12.2025.2160p.60fps.WEB-DL.H265.10bit.AAC.mp4', 'S01E11.2025.2160p.60fps.WEB-DL.H265.10bit.AAC.mp4', 'S01E10.2025.2160p.60fps.WEB-DL.H265.10bit.AAC.mp4', 'S01E09.2025.2160p.60fps.WEB-DL.H265.10bit.AAC.mp4', 'S01E08.2025.2160p.60fps.WEB-DL.H265.10bit.AAC.mp4', 'S01E07.2025.2160p.60fps.WEB-DL.H265.10bit.AAC.mp4', 'S01E06.2025.2160p.60fps.WEB-DL.H265.10bit.AAC.mp4', 'S01E05.2025.2160p.60fps.WEB-DL.H265.10bit.AAC.mp4', 'S01E04.2025.2160p.60fps.WEB-DL.H265.10bit.AAC.mp4', 'S01E03.2025.2160p.60fps.WEB-DL.H265.10bit.AAC.mp4', 'S01E02.2025.2160p.60fps.WEB-DL.H265.10bit.AAC.mp4', 'S01E01.2025.2160p.60fps.WEB-DL.H265.10bit.AAC.mp4']
2025-11-21 13:00:30 [INFO] app.modules.filter.services.target_episode_filter_service:141 - 获取到目标剧集组合，来自链接：https://pan.quark.cn/s/ac810cf770ef
2025-11-21 13:00:30 [INFO] app.modules.filter.flow:128 - 勿扰飞升 | https://pan.quark.cn/s/ac810cf770ef 作为备选（更新至 16/19）
2025-11-21 13:00:30 [INFO] app.modules.filter.services.regex_target_link_filter:50 - 匹配成功: link_title="勿扰飞升" movie_title_season="勿扰飞升" pattern="^勿扰飞升.*"
2025-11-21 13:00:30 [INFO] app.modules.filter.services.target_episode_filter_service:137 - 开始处理链接：--- 勿扰飞升 https://pan.quark.cn/s/c44537b7846d
2025-11-21 13:00:31 [INFO] app.modules.filter.services.target_episode_filter_service:128 - 最终选择 12 个文件来覆盖新剧集: ['12-4K.高码率.mkv', '11-4K.高码率.mkv', '10-4K.高码率.mkv', '09-4K.高码率.mkv', '08-4K.高码率.mkv', '07-4K.高码率.mkv', '06-4K.高码率.mkv', '05-4K.高码率.mkv', '04-4K.高码率.mkv', '03-4K.高码率.mkv', '02-4K.高码率.mkv', '01-4K.高码率.mkv']
2025-11-21 13:00:31 [INFO] app.modules.filter.services.target_episode_filter_service:141 - 获取到目标剧集组合，来自链接：https://pan.quark.cn/s/c44537b7846d
2025-11-21 13:00:31 [INFO] app.modules.filter.flow:138 - 勿扰飞升 | https://pan.quark.cn/s/c44537b7846d 跳过（更新至 12，比备选https://pan.quark.cn/s/ac810cf770ef | 16 更少）
2025-11-21 13:00:31 [INFO] app.modules.filter.services.regex_target_link_filter:50 - 匹配成功: link_title="勿扰飞升 4K[臻彩]" movie_title_season="勿扰飞升" pattern="^勿扰飞升.*"
2025-11-21 13:00:31 [INFO] app.modules.filter.services.target_episode_filter_service:137 - 开始处理链接：--- 勿扰飞升 4K[臻彩] https://pan.quark.cn/s/c95b84316aeb
2025-11-21 13:00:31 [INFO] app.modules.filter.services.regex_target_link_filter:50 - 匹配成功: link_title="勿扰飞升‎ (2025) 4K HDR 高码率 60帧 杜比音效&立体全景声 中文字幕【4.7GB/集】更14集.描述： 改编自月下蝶影小说《勿扰飞升》 一位在凡尘界备受冷遇的亡国公主箜篌，因机缘巧合意外进入修仙世界，开启全员宠女主模式，从师傅师兄到隔壁门派，整个修仙界都对女主宠爱有加，为了吃苦头，磨练心智，箜篌主动走出舒适圈，要求下山闯荡，偶遇了病弱男子桓宗一起升级打怪闯荡修仙界，没想到桓宗竟然就是自己一直痴迷的修仙话本的大大，也是传说中的修仙界天才，箜篌顺利把作者大大拐回了门派当女婿，两人也在一次次的历练中克服了心魔，突破修为，双双成为了一代宗师。." movie_title_season="勿扰飞升" pattern="^勿扰飞升.*"
2025-11-21 13:00:31 [INFO] app.modules.filter.services.target_episode_filter_service:137 - 开始处理链接：--- 勿扰飞升‎ (2025) 4K HDR 高码率 60帧 杜比音效&立体全景声 中文字幕【4.7GB/集】更14集.描述： 改编自月下蝶影小说《勿扰飞升》 一位在凡尘界备受冷遇的亡国公主箜篌，因机缘巧合意外进入修仙世界，开启全员宠女主模式，从师傅师兄到隔壁门派，整个修仙界都对女主宠爱有加，为了吃苦头，磨练心智，箜篌主动走出舒适圈，要求下山闯荡，偶遇了病弱男子桓宗一起升级打怪闯荡修仙界，没想到桓宗竟然就是自己一直痴迷的修仙话本的大大，也是传说中的修仙界天才，箜篌顺利把作者大大拐回了门派当女婿，两人也在一次次的历练中克服了心魔，突破修为，双双成为了一代宗师。. https://pan.quark.cn/s/8ea3b9618153
2025-11-21 13:00:32 [INFO] app.modules.filter.services.regex_target_link_filter:50 - 匹配成功: link_title="勿扰飞升（又名: Flying Without Disturb）【2025国剧】（主演: 李宏毅 / 陆婷玉 ）更新至 第16集 4K SDR 60帧 高码率 [杜比音效&HIFI声&立体环绕声]【单集4G,共72G】纯净版" movie_title_season="勿扰飞升" pattern="^勿扰飞升.*"
2025-11-21 13:00:32 [INFO] app.modules.filter.services.target_episode_filter_service:137 - 开始处理链接：--- 勿扰飞升（又名: Flying Without Disturb）【2025国剧】（主演: 李宏毅 / 陆婷玉 ）更新至 第16集 4K SDR 60帧 高码率 [杜比音效&HIFI声&立体环绕声]【单集4G,共72G】纯净版 https://pan.quark.cn/s/834cbec6d41b
2025-11-21 13:00:32 [INFO] app.modules.filter.services.target_episode_filter_service:128 - 最终选择 16 个文件来覆盖新剧集: ['S01E16.2025.2160p.WEB-DL.H265.10bit.60fps.HIFI2.0.&AAC5.1.4Audios.mkv', 'S01E15.2025.2160p.WEB-DL.H265.10bit.60fps.HIFI2.0.&AAC5.1.4Audios.mkv', 'S01E14.2025.2160p.WEB-DL.H265.10bit.60fps.HIFI2.0.&AAC5.1.4Audios.mkv', 'S01E13.2025.2160p.WEB-DL.H265.10bit.60fps.HIFI2.0.&AAC5.1.4Audios.mkv', 'S01E12.2025.2160p.WEB-DL.H265.10bit.60fps.HIFI2.0.&AAC5.1.4Audios.mkv', 'S01E11.2025.2160p.WEB-DL.H265.10bit.60fps.HIFI2.0.&AAC5.1.4Audios.mkv', 'S01E10.2025.2160p.WEB-DL.H265.10bit.60fps.HIFI2.0.&AAC5.1.4Audios.mkv', 'S01E09.2025.2160p.WEB-DL.H265.10bit.60fps.HIFI2.0.&AAC5.1.4Audios.mkv', 'S01E08.2025.2160p.WEB-DL.H265.10bit.60fps.HIFI2.0.&AAC5.1.4Audios.mkv', 'S01E07.2025.2160p.WEB-DL.H265.10bit.60fps.HIFI2.0.&AAC5.1.4Audios.mkv', 'S01E06.2025.2160p.WEB-DL.H265.10bit.60fps.HIFI2.0.&AAC5.1.4Audios.mkv', 'S01E05.2025.2160p.WEB-DL.H265.10bit.60fps.HIFI2.0.&AAC5.1.4Audios.mkv', 'S01E04.2025.2160p.WEB-DL.H265.10bit.60fps.HIFI2.0.&AAC5.1.4Audios.mkv', 'S01E03.2025.2160p.WEB-DL.H265.10bit.60fps.HIFI2.0.&AAC5.1.4Audios.mkv', 'S01E02.2025.2160p.WEB-DL.H265.10bit.60fps.HIFI2.0.&AAC5.1.4Audios.mkv', 'S01E01.2025.2160p.WEB-DL.H265.10bit.60fps.HIFI2.0.&AAC5.1.4Audios.mkv']
2025-11-21 13:00:32 [INFO] app.modules.filter.services.target_episode_filter_service:141 - 获取到目标剧集组合，来自链接：https://pan.quark.cn/s/834cbec6d41b
2025-11-21 13:00:32 [INFO] app.modules.filter.flow:138 - 勿扰飞升 | https://pan.quark.cn/s/834cbec6d41b 跳过（更新至 16，比备选https://pan.quark.cn/s/ac810cf770ef | 16 更少）
2025-11-21 13:00:32 [INFO] app.modules.filter.services.regex_target_link_filter:50 - 匹配成功: link_title="勿扰飞升 (2025) 4K 臻彩MAX [HDR.Vivid.60fps] [更新16集]描述：改编自月下蝶影小说《勿扰飞升》 一位在凡尘界备受冷遇的亡国公主箜篌，因机缘巧合意外进入修仙世界，开启全员宠女主模式，从师傅师兄到隔壁门派，整个修仙界都对女主宠爱有加，为了吃苦头，磨练心智，箜篌主动走出舒适圈，要求下山闯荡，偶遇了病弱男子桓宗一起升级打怪闯荡修仙界，没想到桓宗竟然就是自己一直痴迷的修仙话本的大大，也是传说中的修仙界天才，箜篌顺利把作者大大拐回了门派当女婿，两人也在一次次的历练中克服了心魔，突破修为，双双成为了一代宗师。夸克：" movie_title_season="勿扰飞升" pattern="^勿扰飞升.*"
2025-11-21 13:00:32 [INFO] app.modules.filter.services.target_episode_filter_service:137 - 开始处理链接：--- 勿扰飞升 (2025) 4K 臻彩MAX [HDR.Vivid.60fps] [更新16集]描述：改编自月下蝶影小说《勿扰飞升》 一位在凡尘界备受冷遇的亡国公主箜篌，因机缘巧合意外进入修仙世界，开启全员宠女主模式，从师傅师兄到隔壁门派，整个修仙界都对女主宠爱有加，为了吃苦头，磨练心智，箜篌主动走出舒适圈，要求下山闯荡，偶遇了病弱男子桓宗一起升级打怪闯荡修仙界，没想到桓宗竟然就是自己一直痴迷的修仙话本的大大，也是传说中的修仙界天才，箜篌顺利把作者大大拐回了门派当女婿，两人也在一次次的历练中克服了心魔，突破修为，双双成为了一代宗师。夸克： https://pan.quark.cn/s/14b05fefd4a8
2025-11-21 13:00:33 [INFO] app.modules.filter.services.target_episode_filter_service:128 - 最终选择 16 个文件来覆盖新剧集: ['S01E16.2025.2160p.60fps.WEB-DL.HDR.Vivid.H.265.10bit.AAC.mp4', 'S01E15.2025.2160p.60fps.WEB-DL.HDR.Vivid.H.265.10bit.AAC.mp4', 'S01E14.2025.2160p.60fps.WEB-DL.HDR.Vivid.H.265.10bit.AAC.mp4', 'S01E13.2025.2160p.60fps.WEB-DL.HDR.Vivid.H.265.10bit.AAC.mp4', 'S01E12.2025.2160p.60fps.WEB-DL.HDR.Vivid.H.265.10bit.AAC.mp4', 'S01E11.2025.2160p.60fps.WEB-DL.HDR.Vivid.H.265.10bit.AAC.mp4', 'S01E10.2025.2160p.60fps.WEB-DL.HDR.Vivid.H.265.10bit.AAC.mp4', 'S01E09.2025.2160p.60fps.WEB-DL.HDR.Vivid.H.265.10bit.AAC.mp4', 'S01E08.2025.2160p.60fps.WEB-DL.HDR.Vivid.H.265.10bit.AAC.mp4', 'S01E07.2025.2160p.60fps.WEB-DL.HDR.Vivid.H.265.10bit.AAC.mp4', 'S01E06.2025.2160p.60fps.WEB-DL.HDR.Vivid.H.265.10bit.AAC.mp4', 'S01E05.2025.2160p.60fps.WEB-DL.HDR.Vivid.H.265.10bit.AAC.mp4', 'S01E04.2025.2160p.60fps.WEB-DL.HDR.Vivid.H.265.10bit.AAC.mp4', 'S01E03.2025.2160p.60fps.WEB-DL.HDR.Vivid.H.265.10bit.AAC.mp4', 'S01E02.2025.2160p.60fps.WEB-DL.HDR.Vivid.H.265.10bit.AAC.mp4', 'S01E01.2025.2160p.60fps.WEB-DL.HDR.Vivid.H.265.10bit.AAC.mp4']
2025-11-21 13:00:33 [INFO] app.modules.filter.services.target_episode_filter_service:141 - 获取到目标剧集组合，来自链接：https://pan.quark.cn/s/14b05fefd4a8
2025-11-21 13:00:33 [INFO] app.modules.filter.flow:138 - 勿扰飞升 | https://pan.quark.cn/s/14b05fefd4a8 跳过（更新至 16，比备选https://pan.quark.cn/s/ac810cf770ef | 16 更少）
2025-11-21 13:00:33 [INFO] app.modules.filter.services.regex_target_link_filter:50 - 匹配成功: link_title="勿扰飞升(2025)【更16集】【4K.HDR】【高码率】【内嵌简中】描述：改编自月下蝶影小说《勿扰飞升》 一位在凡尘界备受冷遇的亡国公主箜篌，因机缘巧合意外进入修仙世界，开启全员宠女主模式，从师傅师兄到隔壁门派" movie_title_season="勿扰飞升" pattern="^勿扰飞升.*"
2025-11-21 13:00:33 [INFO] app.modules.filter.services.target_episode_filter_service:137 - 开始处理链接：--- 勿扰飞升(2025)【更16集】【4K.HDR】【高码率】【内嵌简中】描述：改编自月下蝶影小说《勿扰飞升》 一位在凡尘界备受冷遇的亡国公主箜篌，因机缘巧合意外进入修仙世界，开启全员宠女主模式，从师傅师兄到隔壁门派 https://pan.quark.cn/s/7628a2df4376
2025-11-21 13:00:33 [INFO] app.modules.filter.services.target_episode_filter_service:128 - 最终选择 17 个文件来覆盖新剧集: ['Flying Up Without Disturb S01E16 - 第 16 集 - 2160p WEB-DL HDR H265 AAC.mkv', 'Flying Up Without Disturb S01E15 - 第 15 集 - 2160p WEB-DL HDR H265 AAC.mkv', 'Flying Up Without Disturb S01E14 - 第 14 集 - 2160p WEB-DL HDR H265 AAC.mkv', 'Flying Up Without Disturb S01E13 - 第 13 集 - 2160p WEB-DL HDR H265 AAC.mkv', 'Flying Up Without Disturb S01E12 - 第 12 集 - 2160p WEB-DL HDR H265 AAC.mkv', 'Flying Up Without Disturb S01E11 - 第 11 集 - 2160p WEB-DL HDR H265 AAC.mkv', 'Flying Up Without Disturb S01E10 - 第 10 集 - 2160p WEB-DL HDR H265 AAC.mkv', 'Flying Up Without Disturb S01E09 - 第 9 集 - 2160p WEB-DL HDR H265 AAC.mkv', 'Flying Up Without Disturb S01E09 - 第 9 集 - 2160p WEB-DL H265 10bit AAC.mp4', 'Flying Up Without Disturb S01E08 - 第 8 集 - 2160p WEB-DL HDR H265 AAC.mkv', 'Flying Up Without Disturb S01E07 - 第 7 集 - 2160p WEB-DL HDR H265 AAC.mkv', 'Flying Up Without Disturb S01E06 - 第 6 集 - 2160p WEB-DL HDR H265 AAC.mkv', 'Flying Up Without Disturb S01E05 - 第 5 集 - 2160p WEB-DL HDR H265 AAC.mkv', 'Flying Up Without Disturb S01E04 - 第 4 集 - 2160p WEB-DL HDR H265 AAC.mkv', 'Flying Up Without Disturb S01E03 - 第 3 集 - 2160p WEB-DL HDR H265 AAC.mkv', 'Flying Up Without Disturb S01E02 - 第 2 集 - 2160p WEB-DL HDR H265 AAC.mkv', 'Flying Up Without Disturb S01E01 - 第 1 集 - 2160p WEB-DL HDR H265 AAC.mkv']
2025-11-21 13:00:33 [INFO] app.modules.filter.services.target_episode_filter_service:141 - 获取到目标剧集组合，来自链接：https://pan.quark.cn/s/7628a2df4376
2025-11-21 13:00:33 [INFO] app.modules.filter.flow:138 - 勿扰飞升 | https://pan.quark.cn/s/7628a2df4376 跳过（更新至 16，比备选https://pan.quark.cn/s/ac810cf770ef | 16 更少）
2025-11-21 13:00:33 [INFO] app.modules.filter.services.regex_target_link_filter:50 - 匹配成功: link_title="勿扰飞升（2025）【4K.HDR.60fps】【更12集】【剧情】【李宏毅/陆婷玉】描述：改编自月下蝶影小说《勿扰飞升》 一位在凡尘界备受冷遇的亡国公主箜篌，因机缘巧合意外进入修仙世界，开启全员宠女主模式，从师傅师兄到隔壁门派，整个修仙界都对女主宠爱有加，为了吃苦头，磨练心智，箜篌主动走出舒适圈，要求下山闯荡，偶遇了病弱男子桓宗一起升级打怪闯荡修仙界，没想到桓宗竟然就是自己一直痴迷的修仙话本的大大，也是传说中的修仙界天才，箜篌顺利把作者大大拐回了门派当女婿，两人也在一次次的历练中克服了心魔，突破修为，双双成为了一代宗师。" movie_title_season="勿扰飞升" pattern="^勿扰飞升.*"
2025-11-21 13:00:33 [INFO] app.modules.filter.services.target_episode_filter_service:137 - 开始处理链接：--- 勿扰飞升（2025）【4K.HDR.60fps】【更12集】【剧情】【李宏毅/陆婷玉】描述：改编自月下蝶影小说《勿扰飞升》 一位在凡尘界备受冷遇的亡国公主箜篌，因机缘巧合意外进入修仙世界，开启全员宠女主模式，从师傅师兄到隔壁门派，整个修仙界都对女主宠爱有加，为了吃苦头，磨练心智，箜篌主动走出舒适圈，要求下山闯荡，偶遇了病弱男子桓宗一起升级打怪闯荡修仙界，没想到桓宗竟然就是自己一直痴迷的修仙话本的大大，也是传说中的修仙界天才，箜篌顺利把作者大大拐回了门派当女婿，两人也在一次次的历练中克服了心魔，突破修为，双双成为了一代宗师。 https://pan.quark.cn/s/325a8a49d23e
2025-11-21 13:00:33 [INFO] app.modules.filter.services.regex_target_link_filter:50 - 匹配成功: link_title="勿扰飞升 (2025) 【4K.HDR】【60帧率】【国语中字】【李宏毅/陆婷玉】【古装/剧情】【更新14集】描述：　　改编自月下蝶影小说《勿扰飞升》一位在凡尘界备受冷遇的亡国公主箜篌，因机缘巧合意外进入修仙世界，开启全员宠女主模式，从师傅师兄到隔壁门派，整个修仙界都对女主宠爱有加，为了吃苦头，磨练心智，箜篌主动走出舒适圈，要求下山闯荡，偶遇了病弱男子桓宗一起升级打怪闯荡修仙界，没想到桓宗竟然就是自己一直痴迷的修仙话本的大大，也是传说中的修仙界天才，箜篌顺利把作者大大拐回了门派当女婿，两人也在一次次的历练中克服了心魔，突破修为，双双成为了一代宗" movie_title_season="勿扰飞升" pattern="^勿扰飞升.*"
2025-11-21 13:00:33 [INFO] app.modules.filter.services.target_episode_filter_service:137 - 开始处理链接：--- 勿扰飞升 (2025) 【4K.HDR】【60帧率】【国语中字】【李宏毅/陆婷玉】【古装/剧情】【更新14集】描述：　　改编自月下蝶影小说《勿扰飞升》一位在凡尘界备受冷遇的亡国公主箜篌，因机缘巧合意外进入修仙世界，开启全员宠女主模式，从师傅师兄到隔壁门派，整个修仙界都对女主宠爱有加，为了吃苦头，磨练心智，箜篌主动走出舒适圈，要求下山闯荡，偶遇了病弱男子桓宗一起升级打怪闯荡修仙界，没想到桓宗竟然就是自己一直痴迷的修仙话本的大大，也是传说中的修仙界天才，箜篌顺利把作者大大拐回了门派当女婿，两人也在一次次的历练中克服了心魔，突破修为，双双成为了一代宗 https://pan.quark.cn/s/ac4a79848ff9
2025-11-21 13:00:34 [INFO] app.modules.filter.services.target_episode_filter_service:128 - 最终选择 16 个文件来覆盖新剧集: ['S01E16.2025.2160p.60fps.WEB-DL.AAC5.1.HDR.Vivid.10bits.H.265.mp4', 'S01E15.2025.2160p.60fps.WEB-DL.AAC5.1.HDR.Vivid.10bits.H.265.mp4', 'S01E14.2025.2160p.60fps.WEB-DL.AAC5.1.HDR.Vivid.10bits.H.265.mp4', 'S01E13.2025.2160p.60fps.WEB-DL.AAC5.1.HDR.Vivid.10bits.H.265.mp4', 'S01E12.2025.2160p.60fps.WEB-DL.AAC5.1.HDR.Vivid.10bits.H.265.mp4', 'S01E11.2025.2160p.60fps.WEB-DL.AAC5.1.HDR.Vivid.10bits.H.265.mp4', 'S01E10.2025.2160p.60fps.WEB-DL.AAC5.1.HDR.Vivid.10bits.H.265.mp4', 'S01E09.2025.2160p.60fps.WEB-DL.AAC5.1.HDR.Vivid.10bits.H.265.mp4', 'S01E08.2025.2160p.60fps.WEB-DL.AAC5.1.HDR.Vivid.10bits.H.265.mp4', 'S01E07.2025.2160p.60fps.WEB-DL.AAC5.1.HDR.Vivid.10bits.H.265.mp4', 'S01E06.2025.2160p.60fps.WEB-DL.AAC5.1.HDR.Vivid.10bits.H.265.mp4', 'S01E05.2025.2160p.60fps.WEB-DL.AAC5.1.HDR.Vivid.10bits.H.265.mp4', 'S01E04.2025.2160p.60fps.WEB-DL.AAC5.1.HDR.Vivid.10bits.H.265.mp4', 'S01E03.2025.2160p.60fps.WEB-DL.AAC5.1.HDR.Vivid.10bits.H.265.mp4', 'S01E02.2025.2160p.60fps.WEB-DL.AAC5.1.HDR.Vivid.10bits.H.265.mp4', 'S01E01.2025.2160p.60fps.WEB-DL.AAC5.1.HDR.Vivid.10bits.H.265.mp4']
2025-11-21 13:00:34 [INFO] app.modules.filter.services.target_episode_filter_service:141 - 获取到目标剧集组合，来自链接：https://pan.quark.cn/s/ac4a79848ff9
2025-11-21 13:00:34 [INFO] app.modules.filter.flow:138 - 勿扰飞升 | https://pan.quark.cn/s/ac4a79848ff9 跳过（更新至 16，比备选https://pan.quark.cn/s/ac810cf770ef | 16 更少）
2025-11-21 13:00:34 [INFO] app.modules.filter.services.regex_target_link_filter:50 - 匹配成功: link_title="勿扰飞升 2025 4K HDR 60FPS 更新至16集描述： 一位在凡尘界备受冷遇的亡国公主箜篌，因机缘巧合意外进入修仙世界，为磨练心智，主动下山闯荡，偶遇了病弱男子桓宗一起升级打怪闯荡修仙界并发展出深厚的感情的故事。夸克：" movie_title_season="勿扰飞升" pattern="^勿扰飞升.*"
2025-11-21 13:00:34 [INFO] app.modules.filter.services.target_episode_filter_service:137 - 开始处理链接：--- 勿扰飞升 2025 4K HDR 60FPS 更新至16集描述： 一位在凡尘界备受冷遇的亡国公主箜篌，因机缘巧合意外进入修仙世界，为磨练心智，主动下山闯荡，偶遇了病弱男子桓宗一起升级打怪闯荡修仙界并发展出深厚的感情的故事。夸克： https://pan.quark.cn/s/2871616277d7
2025-11-21 13:00:34 [INFO] app.modules.filter.services.target_episode_filter_service:128 - 最终选择 16 个文件来覆盖新剧集: ['S01E16.mkv', 'S01E15.mkv', 'S01E14.mkv', 'S01E13.mkv', 'S01E12.mp4', 'S01E11.mp4', 'S01E10.mp4', 'S01E09.mp4', 'S01E08.mp4', 'S01E07.mp4', 'S01E06.mkv', 'S01E05.mkv', 'S01E04.mkv', 'S01E03.mkv', 'S01E02.mkv', 'S01E01.mkv']
2025-11-21 13:00:34 [INFO] app.modules.filter.services.target_episode_filter_service:141 - 获取到目标剧集组合，来自链接：https://pan.quark.cn/s/2871616277d7
2025-11-21 13:00:34 [INFO] app.modules.filter.flow:138 - 勿扰飞升 | https://pan.quark.cn/s/2871616277d7 跳过（更新至 16，比备选https://pan.quark.cn/s/ac810cf770ef | 16 更少）
2025-11-21 13:00:34 [INFO] app.modules.filter.flow:158 - 勿扰飞升分享链接遍历完成，无可用分享链接
2025-11-21 13:00:34 [INFO] app.modules.storage_operations.services.save_episodes_to_cloud:44 - 未筛选到适合['mkv', 'mp4', 'avi', 'mov', 'm4v', 'wmv', 'flv', 'torrent', 'srt', 'ass', 'sub', 'mp3', 'aac', 'zip']的链接
2025-11-21 13:00:34 [INFO] app.modules.storage_operations.services.save_episodes_to_cloud:44 - 未筛选到适合['mkv', 'mp4', 'avi', 'mov', 'm4v', 'wmv', 'flv', 'torrent', 'srt', 'ass', 'sub', 'mp3', 'aac', 'zip']的链接
2025-11-21 13:01:20 [INFO] telethon.client.updates:443 - Got difference for channel 2209378593 updates
2025-11-21 13:01:21 [INFO] telethon.client.updates:443 - Got difference for channel 1688099294 updates
2025-11-21 13:01:21 [INFO] telethon.client.updates:443 - Got difference for channel 1669747816 updates
2025-11-21 13:01:21 [INFO] telethon.client.updates:443 - Got difference for channel 1280467440 updates
2025-11-21 13:01:21 [INFO] telethon.client.updates:443 - Got difference for channel 2193554291 updates
2025-11-21 13:01:22 [INFO] telethon.client.updates:443 - Got difference for channel 1084638970 updates
2025-11-21 13:02:21 [INFO] telethon.client.updates:443 - Got difference for channel 2209378593 updates
2025-11-21 13:02:21 [INFO] telethon.client.updates:443 - Got difference for channel 1280467440 updates
2025-11-21 13:02:21 [INFO] telethon.client.updates:443 - Got difference for channel 1561455638 updates
2025-11-21 13:03:21 [INFO] telethon.client.updates:443 - Got difference for channel 2209378593 updates
2025-11-21 13:03:21 [INFO] telethon.client.updates:443 - Got difference for channel 1688099294 updates
2025-11-21 13:03:21 [INFO] telethon.client.updates:443 - Got difference for channel 2014194320 updates
2025-11-21 13:03:21 [INFO] telethon.client.updates:443 - Got difference for channel 2269063013 updates
2025-11-21 13:03:21 [INFO] telethon.client.updates:443 - Got difference for channel 2600169516 updates
2025-11-21 13:03:22 [INFO] telethon.client.updates:443 - Got difference for channel 1280467440 updates
2025-11-21 13:04:21 [INFO] telethon.client.updates:443 - Got difference for channel 2209378593 updates
2025-11-21 13:04:21 [INFO] telethon.client.updates:443 - Got difference for channel 1580372425 updates
2025-11-21 13:04:21 [INFO] telethon.client.updates:443 - Got difference for channel 1280467440 updates
2025-11-21 13:05:00 [INFO] app.core.scheduler:480 - Dispatching scheduled job f8e4963f2a92414589a557957998c0a7 -> 将所有网盘已更新到最新进度的movie推送到平台
2025-11-21 13:05:00 [INFO] app.core.scheduler:506 - Scheduled job f8e4963f2a92414589a557957998c0a7 dispatched to task_manager
2025-11-21 13:05:00 [INFO] root:162 - [task 92dcb7c85a7140e4b5fd3e7f660f7090] log handler attached for capture
2025-11-21 13:05:00 [INFO] app.flow.sync_new_movie_flow:327 - 将['赴山海', '欢乐家长群2', '暴风圈', '照镜辞', '漫威丧尸', '弥留之国的爱丽丝 第三季', '行骗天下KR', '健力士王朝', '犯罪现场 Zero', '科斯缇娜酒店', '入青云', '回魂计', '水龙吟', '锦月令', '棕眼之谜', '三人行', '黑盒子', '大厨小婿']发布至平台
2025-11-21 13:05:21 [INFO] telethon.client.updates:443 - Got difference for channel 2209378593 updates
2025-11-21 13:05:21 [INFO] telethon.client.updates:443 - Got difference for channel 1401724496 updates
2025-11-21 13:05:21 [INFO] telethon.client.updates:443 - Got difference for channel 1280467440 updates
2025-11-21 13:06:21 [INFO] telethon.client.updates:443 - Got difference for channel 2209378593 updates
2025-11-21 13:06:21 [INFO] telethon.client.updates:443 - Got difference for channel 1780401093 updates
2025-11-21 13:06:21 [INFO] telethon.client.updates:443 - Got difference for channel 2269063013 updates
2025-11-21 13:06:21 [INFO] telethon.client.updates:443 - Got difference for channel 1688099294 updates
2025-11-21 13:06:22 [INFO] telethon.client.updates:443 - Got difference for channel 1280467440 updates
2025-11-21 13:06:22 [INFO] telethon.client.updates:443 - Got difference for channel 2014194320 updates
2025-11-21 13:07:18 [INFO] telethon.client.updates:344 - Got difference for account updates
2025-11-21 13:07:19 [INFO] telethon.client.updates:443 - Got difference for channel 1290825027 updates
2025-11-21 13:07:19 [INFO] telethon.client.updates:443 - Got difference for channel 1780401093 updates
2025-11-21 13:07:19 [INFO] telethon.client.updates:443 - Got difference for channel 2014194320 updates
2025-11-21 13:07:19 [INFO] telethon.client.updates:443 - Got difference for channel 1401724496 updates
2025-11-21 13:07:20 [INFO] telethon.client.updates:443 - Got difference for channel 1617621330 updates
2025-11-21 13:07:20 [INFO] telethon.client.updates:443 - Got difference for channel 2209378593 updates
2025-11-21 13:07:20 [INFO] telethon.client.updates:443 - Got difference for channel 2016939647 updates
2025-11-21 13:07:20 [INFO] telethon.client.updates:443 - Got difference for channel 1538105589 updates
2025-11-21 13:07:21 [INFO] telethon.client.updates:443 - Got difference for channel 1872908471 updates
2025-11-21 13:07:21 [INFO] telethon.client.updates:443 - Got difference for channel 2073046329 updates
2025-11-21 13:07:21 [INFO] telethon.client.updates:443 - Got difference for channel 1084638970 updates
2025-11-21 13:07:21 [INFO] telethon.client.updates:443 - Got difference for channel 1912103688 updates
2025-11-21 13:07:22 [INFO] telethon.client.updates:443 - Got difference for channel 1580372425 updates
2025-11-21 13:07:23 [INFO] telethon.client.updates:443 - Got difference for channel 1669747816 updates
2025-11-21 13:07:24 [INFO] telethon.client.updates:443 - Got difference for channel 1280467440 updates
2025-11-21 13:07:25 [INFO] telethon.client.updates:443 - Got difference for channel 2209378593 updates
2025-11-21 13:08:21 [INFO] telethon.client.updates:443 - Got difference for channel 1373840858 updates
2025-11-21 13:08:21 [INFO] telethon.client.updates:443 - Got difference for channel 2209378593 updates
2025-11-21 13:08:21 [INFO] telethon.client.updates:443 - Got difference for channel 2269063013 updates
2025-11-21 13:08:21 [INFO] telethon.client.updates:443 - Got difference for channel 1872908471 updates
2025-11-21 13:09:21 [INFO] telethon.client.updates:443 - Got difference for channel 2209378593 updates
2025-11-21 13:09:21 [INFO] telethon.client.updates:443 - Got difference for channel 1084638970 updates
2025-11-21 13:09:21 [INFO] telethon.client.updates:443 - Got difference for channel 1688099294 updates
2025-11-21 13:09:22 [INFO] telethon.client.updates:443 - Got difference for channel 1739110235 updates
2025-11-21 13:10:00 [INFO] app.core.scheduler:480 - Dispatching scheduled job f8e4963f2a92414589a557957998c0a7 -> 将所有网盘已更新到最新进度的movie推送到平台
2025-11-21 13:10:00 [INFO] app.core.scheduler:506 - Scheduled job f8e4963f2a92414589a557957998c0a7 dispatched to task_manager
2025-11-21 13:10:00 [INFO] root:162 - [task 0c3f710e120d4b7f99cd50e223c0e13f] log handler attached for capture
2025-11-21 13:10:00 [INFO] app.flow.sync_new_movie_flow:327 - 将['赴山海', '欢乐家长群2', '暴风圈', '照镜辞', '漫威丧尸', '弥留之国的爱丽丝 第三季', '行骗天下KR', '健力士王朝', '犯罪现场 Zero', '科斯缇娜酒店', '入青云', '回魂计', '水龙吟', '锦月令', '棕眼之谜', '三人行', '黑盒子', '大厨小婿']发布至平台
2025-11-21 13:10:21 [INFO] telethon.client.updates:443 - Got difference for channel 1580372425 updates
2025-11-21 13:10:21 [INFO] telethon.client.updates:443 - Got difference for channel 1617621330 updates
2025-11-21 13:10:22 [INFO] telethon.client.updates:443 - Got difference for channel 2209378593 updates
2025-11-21 13:10:22 [INFO] telethon.client.updates:443 - Got difference for channel 1280467440 updates
2025-11-21 13:10:22 [INFO] telethon.client.updates:443 - Got difference for channel 1859684449 updates
2025-11-21 13:11:21 [INFO] telethon.client.updates:443 - Got difference for channel 2014194320 updates
2025-11-21 13:11:21 [INFO] telethon.client.updates:443 - Got difference for channel 2209378593 updates
2025-11-21 13:11:21 [INFO] telethon.client.updates:443 - Got difference for channel 1280467440 updates
2025-11-21 13:11:21 [INFO] telethon.client.updates:443 - Got difference for channel 1084638970 updates
2025-11-21 13:11:22 [INFO] telethon.client.updates:443 - Got difference for channel 1688099294 updates
2025-11-21 13:11:22 [INFO] telethon.client.updates:443 - Got difference for channel 2600169516 updates
2025-11-21 13:11:50 [INFO] telethon.client.updates:443 - Got difference for channel 1617621330 updates
2025-11-21 13:11:50 [INFO] telethon.client.updates:443 - Got difference for channel 1561455638 updates
2025-11-21 13:12:21 [INFO] telethon.client.updates:443 - Got difference for channel 1688099294 updates
2025-11-21 13:12:21 [INFO] telethon.client.updates:443 - Got difference for channel 2016939647 updates
2025-11-21 13:13:04 [INFO] telethon.client.updates:443 - Got difference for channel 2269063013 updates
2025-11-21 13:13:04 [INFO] telethon.client.updates:443 - Got difference for channel 2158983339 updates
2025-11-21 13:13:04 [INFO] telethon.client.updates:443 - Got difference for channel 1280467440 updates
2025-11-21 13:14:21 [INFO] telethon.client.updates:443 - Got difference for channel 1617621330 updates
2025-11-21 13:14:21 [INFO] telethon.client.updates:443 - Got difference for channel 2209378593 updates
2025-11-21 13:14:21 [INFO] telethon.client.updates:443 - Got difference for channel 1669747816 updates
2025-11-21 13:14:21 [INFO] telethon.client.updates:443 - Got difference for channel 1084638970 updates
2025-11-21 13:14:22 [INFO] telethon.client.updates:443 - Got difference for channel 2016939647 updates
2025-11-21 13:15:00 [INFO] app.core.scheduler:480 - Dispatching scheduled job 6f853106834c42dbb500a627c0aa1bbc -> 同步今日可更新影视资源到网盘
2025-11-21 13:15:00 [INFO] app.core.scheduler:506 - Scheduled job 6f853106834c42dbb500a627c0aa1bbc dispatched to task_manager
2025-11-21 13:15:00 [INFO] app.core.scheduler:480 - Dispatching scheduled job f8e4963f2a92414589a557957998c0a7 -> 将所有网盘已更新到最新进度的movie推送到平台
2025-11-21 13:15:00 [INFO] app.core.scheduler:506 - Scheduled job f8e4963f2a92414589a557957998c0a7 dispatched to task_manager
2025-11-21 13:15:00 [INFO] root:162 - [task 9324342b817742a4a0dea5d99ca10f54] log handler attached for capture
2025-11-21 13:15:00 [INFO] root:162 - [task b8b2ae9721dd4169a1e124a175a0a9bd] log handler attached for capture
2025-11-21 13:15:00 [INFO] app.flow.sync_new_movie_flow:181 - 今日已到更新时间点的movie:['新闻女王2', '勿扰飞升']
2025-11-21 13:15:00 [WARNING] app.flow.sync_new_movie_flow:186 - 这些movie由于tmdb_info为空无法同步：[]
2025-11-21 13:15:00 [INFO] app.flow.sync_new_movie_flow:327 - 将['赴山海', '欢乐家长群2', '暴风圈', '照镜辞', '漫威丧尸', '弥留之国的爱丽丝 第三季', '行骗天下KR', '健力士王朝', '犯罪现场 Zero', '科斯缇娜酒店', '入青云', '回魂计', '水龙吟', '锦月令', '棕眼之谜', '三人行', '黑盒子', '大厨小婿']发布至平台
2025-11-21 13:15:05 [INFO] app.modules.filter.services.regex_target_link_filter:50 - 匹配成功: link_title="新闻女王2 4K[臻彩]" movie_title_season="新闻女王2" pattern="^新闻女王2.*"
2025-11-21 13:15:05 [INFO] app.modules.filter.services.target_episode_filter_service:137 - 开始处理链接：--- 新闻女王2 4K[臻彩] https://pan.quark.cn/s/b72f6131127c
2025-11-21 13:15:05 [INFO] app.modules.filter.services.regex_target_link_filter:50 - 匹配成功: link_title="新闻女王2国语版" movie_title_season="新闻女王2" pattern="^新闻女王2.*"
2025-11-21 13:15:05 [INFO] app.modules.filter.services.target_episode_filter_service:137 - 开始处理链接：--- 新闻女王2国语版 https://pan.quark.cn/s/6ceeb5cc2bf5
2025-11-21 13:15:05 [INFO] app.modules.filter.services.regex_target_link_filter:50 - 匹配成功: link_title="新闻女王2国语版" movie_title_season="新闻女王2" pattern="^新闻女王2.*"
2025-11-21 13:15:05 [INFO] app.modules.filter.services.target_episode_filter_service:137 - 开始处理链接：--- 新闻女王2国语版 https://pan.baidu.com/s/1cHrCu7Z7J_KyihwpUCENRg?pwd=8888
2025-11-21 13:15:06 [INFO] app.modules.filter.services.target_episode_filter_service:128 - 最终选择 18 个文件来覆盖新剧集: ['20 4K.mkv', '19 4K.mkv', '17 4K.mkv', '16 4K.mkv', '15 4K.mkv', '14 4K【国粤双语】.mkv', '12 4K.mkv', '11 4K.mp4', '10 4K【国粤双语】.mkv', '09 4K【国粤双语】.mkv', '08 4K.mkv', '07 4K.mkv', '06 4K.mkv', '05 4K.mkv', '04 4K.mp4', '03 4K.mkv', '02 4K.mkv', '01 4K.mkv']
2025-11-21 13:15:06 [INFO] app.modules.filter.services.target_episode_filter_service:141 - 获取到目标剧集组合，来自链接：https://pan.quark.cn/s/6ceeb5cc2bf5
2025-11-21 13:15:06 [INFO] app.modules.filter.flow:128 - 新闻女王2 | https://pan.quark.cn/s/6ceeb5cc2bf5 作为备选（更新至 20/21）
2025-11-21 13:15:06 [INFO] app.modules.filter.services.regex_target_link_filter:50 - 匹配成功: link_title="新闻女王2国语" movie_title_season="新闻女王2" pattern="^新闻女王2.*"
2025-11-21 13:15:06 [INFO] app.modules.filter.services.target_episode_filter_service:137 - 开始处理链接：--- 新闻女王2国语 https://pan.quark.cn/s/f7b29837da99
2025-11-21 13:15:07 [INFO] app.modules.filter.services.target_episode_filter_service:128 - 最终选择 46 个文件来覆盖新剧集: ['The.Queen.of.NEWS.S01E26.2023.2160p.WEB-DL.H265.AAC-DDHDTV.mkv', 'The.Queen.of.NEWS.S01E25.2023.2160p.WEB-DL.H265.AAC-DDHDTV.mkv', 'The.Queen.of.NEWS.S01E24.2023.2160p.WEB-DL.H265.AAC-DDHDTV.mkv', 'The.Queen.of.NEWS.S01E23.2023.2160p.WEB-DL.H265.AAC-DDHDTV.mkv', 'The.Queen.of.NEWS.S01E22.2023.2160p.WEB-DL.H265.AAC-DDHDTV.mkv', 'The.Queen.of.NEWS.S01E21.2023.2160p.WEB-DL.H265.AAC-DDHDTV.mkv', 'The.Queen.of.NEWS.S01E20.2023.2160p.WEB-DL.H265.AAC-DDHDTV.mkv', 'The.Queen.of.NEWS.S01E19.2023.2160p.WEB-DL.H265.AAC-DDHDTV.mkv', 'The.Queen.of.NEWS.S01E18.2023.2160p.WEB-DL.H265.AAC-DDHDTV.mkv', 'The.Queen.of.NEWS.S01E17.2023.2160p.WEB-DL.H265.AAC-DDHDTV.mkv', 'The.Queen.of.NEWS.S01E16.2023.2160p.WEB-DL.H265.AAC-DDHDTV.mkv', 'The.Queen.of.NEWS.S01E15.2023.2160p.WEB-DL.H265.AAC-DDHDTV.mkv', 'The.Queen.of.NEWS.S01E14.2023.2160p.WEB-DL.H265.AAC-DDHDTV.mkv', 'The.Queen.of.NEWS.S01E13.2023.2160p.WEB-DL.H265.AAC-DDHDTV.mkv', 'The.Queen.of.NEWS.S01E12.2023.2160p.WEB-DL.H265.AAC-DDHDTV.mkv', 'The.Queen.of.NEWS.S01E11.2023.2160p.WEB-DL.H265.AAC-DDHDTV.mkv', 'The.Queen.of.NEWS.S01E10.2023.2160p.WEB-DL.H265.AAC-DDHDTV.mkv', 'The.Queen.of.NEWS.S01E09.2023.2160p.WEB-DL.H265.AAC-DDHDTV.mkv', 'The.Queen.of.NEWS.S01E08.2023.2160p.WEB-DL.H265.AAC-DDHDTV.mkv', 'The.Queen.of.NEWS.S01E07.2023.2160p.WEB-DL.H265.AAC-DDHDTV.mkv', 'The.Queen.of.NEWS.S01E06.2023.2160p.WEB-DL.H265.AAC-DDHDTV.mkv', 'The.Queen.of.NEWS.S01E05.2023.2160p.WEB-DL.H265.AAC-DDHDTV.mkv', 'The.Queen.of.NEWS.S01E04.2023.2160p.WEB-DL.H265.AAC-DDHDTV.mkv', 'The.Queen.of.NEWS.S01E03.2023.2160p.WEB-DL.H265.AAC-DDHDTV.mkv', 'The.Queen.of.NEWS.S01E02.2023.2160p.WEB-DL.H265.AAC-DDHDTV.mkv', 'The.Queen.of.NEWS.S01E01.2023.2160p.WEB-DL.H265.AAC-DDHDTV.mkv', 'S01E20.2025.2160p.60fps.WEB-DL.H265.AAC.2Audios.mkv', 'S01E19.2025.2160p.60fps.WEB-DL.H265.AAC.2Audios.mkv', 'S01E18.2025.2160p.60fps.WEB-DL.H265.AAC.2Audios.mkv', 'S01E17.2025.2160p.60fps.WEB-DL.H265.AAC.2Audios.mkv', 'S01E16.2025.2160p.60fps.WEB-DL.H265.AAC.2Audios.mkv', 'S01E15.2025.2160p.60fps.WEB-DL.H265.AAC.2Audios.mkv', 'S01E14.2025.2160p.60fps.WEB-DL.H265.AAC.2Audios.mkv', 'S01E13.2025.2160p.60fps.WEB-DL.H265.AAC.2Audios.mkv', 'S01E12.2025.2160p.60fps.WEB-DL.H265.AAC.2Audios.mkv', 'S01E11.2025.2160p.60fps.WEB-DL.H265.AAC.2Audios.mkv', 'S01E10.2025.2160p.60fps.WEB-DL.H265.AAC.2Audios.mkv', 'S01E09.2025.2160p.60fps.WEB-DL.H265.AAC.2Audios.mkv', 'S01E08.2025.2160p.60fps.WEB-DL.H265.AAC.2Audios.mkv', 'S01E07.2025.2160p.60fps.WEB-DL.H265.AAC.2Audios.mkv', 'S01E06.2025.2160p.60fps.WEB-DL.H265.AAC.2Audios.mkv', 'S01E05.2025.2160p.60fps.WEB-DL.H265.AAC.2Audios.mkv', 'S01E04.2025.2160p.60fps.WEB-DL.H265.AAC.2Audios.mkv', 'S01E03.2025.2160p.60fps.WEB-DL.H265.AAC.2Audios.mkv', 'S01E02.2025.2160p.60fps.WEB-DL.H265.AAC.2Audios.mkv', 'S01E01.2025.2160p.60fps.WEB-DL.H265.AAC.2Audios.mkv']
2025-11-21 13:15:07 [INFO] app.modules.filter.services.target_episode_filter_service:141 - 获取到目标剧集组合，来自链接：https://pan.quark.cn/s/f7b29837da99
2025-11-21 13:15:07 [INFO] app.modules.filter.flow:138 - 新闻女王2 | https://pan.quark.cn/s/f7b29837da99 跳过（更新至 20，比备选https://pan.quark.cn/s/6ceeb5cc2bf5 | 20 更少）
2025-11-21 13:15:07 [INFO] app.modules.filter.services.regex_target_link_filter:50 - 匹配成功: link_title="新闻女王/新闻女王2(2025)【更20集】【4K.普码】【国粤双语】【内嵌简中】【附第一季】描述：半年间，SNK剧变，总监余英飞离职、门外汉古肇华空降。张家妍虽掌权却难服众。刘艳的公开平台崛起，动摇传统媒体地位，连已入官场的许诗晴亦被卷入新旧媒体的角力。文慧心于此时复出，昭告世人：新闻女王的地位永远不可撼动！" movie_title_season="新闻女王2" pattern=".*新闻女王2[(（]20\d{2}[）)]"
2025-11-21 13:15:07 [INFO] app.modules.filter.services.target_episode_filter_service:137 - 开始处理链接：--- 新闻女王/新闻女王2(2025)【更20集】【4K.普码】【国粤双语】【内嵌简中】【附第一季】描述：半年间，SNK剧变，总监余英飞离职、门外汉古肇华空降。张家妍虽掌权却难服众。刘艳的公开平台崛起，动摇传统媒体地位，连已入官场的许诗晴亦被卷入新旧媒体的角力。文慧心于此时复出，昭告世人：新闻女王的地位永远不可撼动！ https://pan.quark.cn/s/e13c88c7a09c
2025-11-21 13:15:07 [INFO] app.modules.filter.services.target_episode_filter_service:128 - 最终选择 12 个文件来覆盖新剧集: ['06.4k.粤语.mp4', '05.4k.粤语.mp4', '04.4k.粤语.mp4', '03.4k.粤语.mp4', '02.4k.粤语.mp4', '01.4k.粤语.mp4', '06.4k.国语.mp4', '05.4k.国语..mp4', '04.4k.国语.mp4', '03.4k.国语.mp4', '02.4k.国语.mp4', '01.4k.国语.mp4']
2025-11-21 13:15:07 [INFO] app.modules.filter.services.target_episode_filter_service:141 - 获取到目标剧集组合，来自链接：https://pan.baidu.com/s/1cHrCu7Z7J_KyihwpUCENRg?pwd=8888
2025-11-21 13:15:07 [INFO] app.modules.filter.flow:128 - 新闻女王2 | https://pan.baidu.com/s/1cHrCu7Z7J_KyihwpUCENRg?pwd=8888 作为备选（更新至 6/21）
2025-11-21 13:15:07 [INFO] app.modules.filter.services.target_episode_filter_service:128 - 最终选择 48 个文件来覆盖新剧集: ['The QUEEN of News S02E20 - 第 20 集 - 2160p WEB-DL H265 AAC 2Audio.mkv', 'The QUEEN of News S02E19 - 第 19 集 - 2160p WEB-DL H265 AAC 2Audio.mkv', 'The QUEEN of News S02E18 - 第 18 集 - 2160p WEB-DL H265 AAC 2Audio.mkv', 'The QUEEN of News S02E17 - 第 17 集 - 2160p WEB-DL H265 AAC 2Audio.mkv', 'The QUEEN of News S02E16 - 第 16 集 - 2160p WEB-DL H265 AAC 2Audio.mkv', 'The QUEEN of News S02E15 - 第 15 集 - 2160p WEB-DL H265 AAC 2Audio.mkv', 'The QUEEN of News S02E14 - 第 14 集 - 2160p WEB-DL H265 AAC 2Audio.mkv', 'The QUEEN of News S02E13 - 第 13 集 - 2160p WEB-DL H265 AAC 2Audio.mkv', 'The QUEEN of News S02E12 - 第 12 集 - 2160p WEB-DL H265 AAC 2Audio.mkv', 'The QUEEN of News S02E11 - 第 11 集 - 2160p WEB-DL H265 AAC 2Audio.mkv', 'The QUEEN of News S02E10 - 第 10 集 - 2160p WEB-DL H265 AAC 2Audio.mkv', 'The QUEEN of News S02E09 - 第 9 集 - 2160p WEB-DL H265 AAC 2Audio.mkv', 'The QUEEN of News S02E08 - 第 8 集 - 2160p WEB-DL H265 AAC 2Audio.mkv', 'The QUEEN of News S02E07 - 第 7 集 - 2160p WEB-DL H265 AAC 2Audio.mkv', 'The QUEEN of News S02E06 - 第 6 集 - 2160p WEB-DL H265 AAC 2Audio.mkv', 'The QUEEN of News S02E05 - 第 5 集 - 2160p WEB-DL H265 AAC 2Audio.mkv', 'The QUEEN of News S02E04 - 第 4 集 - 2160p WEB-DL H265 AAC 2Audio.mkv', 'The QUEEN of News S02E03 - 第 3 集 - 2160p WEB-DL H265 AAC 2Audio.mkv', 'The QUEEN of News S02E02 - 第 2 集 - 2160p WEB-DL H265 AAC 2Audio.mkv', 'The QUEEN of News S02E01 - 第 1 集 - 2160p WEB-DL H265 AAC 2Audio.mkv', 'The QUEEN of News S01E26 - 第 26 集 - 2160p WEB-DL HQ H265 10bit AAC.mp4', 'The QUEEN of News S01E25 - 第 25 集 - 2160p WEB-DL HQ H265 10bit AAC.mp4', 'The QUEEN of News S01E24 - 第 24 集 - 2160p WEB-DL HQ H265 10bit AAC.mp4', 'The QUEEN of News S01E23 - 第 23 集 - 2160p WEB-DL HQ H265 10bit AAC.mp4', 'The QUEEN of News S01E22 - 第 22 集 - 2160p WEB-DL HQ H265 10bit AAC.mp4', 'The QUEEN of News S01E21 - 第 21 集 - 2160p WEB-DL HQ H265 10bit AAC.mp4', 'The QUEEN of News S01E20 - 第 20 集 - 2160p WEB-DL HQ H265 10bit AAC.mp4', 'The QUEEN of News S01E19 - 第 19 集 - 2160p WEB-DL HQ H265 10bit AAC.mp4', 'The QUEEN of News S01E18 - 第 18 集 - 2160p WEB-DL HQ H265 10bit AAC.mp4', 'The QUEEN of News S01E17 - 第 17 集 - 2160p WEB-DL HQ H265 10bit AAC.mp4', 'The QUEEN of News S01E16 - 第 16 集 - 2160p WEB-DL HQ H265 10bit AAC.mp4', 'The QUEEN of News S01E15 - 第 15 集 - 2160p WEB-DL HQ H265 10bit AAC.mp4', 'The QUEEN of News S01E14 - 第 14 集 - 2160p WEB-DL HQ H265 10bit AAC.mp4', 'The QUEEN of News S01E13 - 第 13 集 - 2160p WEB-DL HQ H265 10bit AAC.mp4', 'The QUEEN of News S01E12 - 第 12 集 - 2160p WEB-DL HQ H265 10bit AAC.mp4', 'The QUEEN of News S01E11 - 第 11 集 - 2160p WEB-DL HQ H265 10bit AAC.mp4', 'The QUEEN of News S01E10 - 第 10 集 - 2160p WEB-DL HQ H265 10bit AAC.mp4', 'The QUEEN of News S01E09 - 第 9 集 - 2160p WEB-DL HQ H265 10bit AAC.mp4', 'The QUEEN of News S01E08 - 第 8 集 - 2160p WEB-DL HQ H265 10bit AAC.mp4', 'The QUEEN of News S01E07 - 第 7 集 - 2160p WEB-DL HQ H265 10bit AAC.mp4', 'The QUEEN of News S01E06 - 第 6 集 - 2160p WEB-DL HQ H265 10bit AAC.mp4', 'The QUEEN of News S01E05 - 第 5 集 - 2160p WEB-DL HQ H265 10bit AAC.mp4', 'The QUEEN of News S01E04 - 第 4 集 - 2160p WEB-DL HQ H265 10bit AAC.mp4', 'The QUEEN of News S01E03 - 第 3 集 - 2160p WEB-DL HQ H265 10bit AAC.mp4', 'The QUEEN of News S01E02 - 第 2 集 - 2160p WEB-DL HQ H265 10bit AAC.mp4', 'The QUEEN of News S01E01 - 第 1 集 - 2160p WEB-DL HQ H265 10bit AAC.mp4', 'season02-poster.jpg', 'season01-poster.jpg']
2025-11-21 13:15:07 [INFO] app.modules.filter.services.target_episode_filter_service:141 - 获取到目标剧集组合，来自链接：https://pan.quark.cn/s/e13c88c7a09c
2025-11-21 13:15:07 [WARNING] app.modules.filter.flow:110 - 新闻女王2 | https://pan.quark.cn/s/e13c88c7a09c 更新超出容忍范围,被跳过: 26 > 21 + 2
2025-11-21 13:15:07 [WARNING] app.modules.filter.services.regex_target_link_filter:58 - 未匹配: link_title="[4K][国粤双轨][内嵌简中][附第一季]（新闻女王2；第二季）新聞女王Ⅱ(2025)[更至20／25集]香港 剧情佘诗曼 黄宗泽 李施嬅 高海宁 王敏奕夸克网盘：" movie_title_season="新闻女王2" patterns=['^新闻女王2.*', '.*【新闻女王2】.*', '.*新闻女王2.*1080p.*', '.*新闻女王2.*S\\d{2}E\\d{2}', '.*《新闻女王2》.*', '.*「新闻女王2」.*', '.*[:：]新闻女王2.*', '.*新闻女王2[(（]20\\d{2}[）)]']
2025-11-21 13:15:08 [INFO] app.modules.filter.services.regex_target_link_filter:50 - 匹配成功: link_title="新闻女王 第二季 新闻女王2（2025）【4K.60fps】【国粤双语】【内封简中】【更20集】【剧情】【佘诗曼/黄宗泽】【附第一季】.描述：半年间，SNK剧变，总监余英飞离职、门外汉古肇华空降。张家妍虽掌权却难服众。刘艳的公开平台崛起，动摇传统媒体地位，连已入官场的许诗晴亦被卷入新旧媒体的角力。文慧心于此时复出，昭告世人：新闻女王的地位永远不可撼动！." movie_title_season="新闻女王2" pattern=".*新闻女王2[(（]20\d{2}[）)]"
2025-11-21 13:15:08 [INFO] app.modules.filter.services.target_episode_filter_service:137 - 开始处理链接：--- 新闻女王 第二季 新闻女王2（2025）【4K.60fps】【国粤双语】【内封简中】【更20集】【剧情】【佘诗曼/黄宗泽】【附第一季】.描述：半年间，SNK剧变，总监余英飞离职、门外汉古肇华空降。张家妍虽掌权却难服众。刘艳的公开平台崛起，动摇传统媒体地位，连已入官场的许诗晴亦被卷入新旧媒体的角力。文慧心于此时复出，昭告世人：新闻女王的地位永远不可撼动！. https://pan.quark.cn/s/5dd3198d9a4e
2025-11-21 13:15:08 [INFO] app.modules.filter.services.regex_target_link_filter:50 - 匹配成功: link_title="新闻女王2 ｜ 新闻女王 第二季 (2025) 【更20集】【4K.普码&杜比视界双版本】【国粤双语】【 佘诗曼/黄宗泽】【剧情/悬疑】【附第一季】描述：　　半年间，SNK剧变，总监余英飞离职、门外汉古肇华空降。张家妍虽掌权却难服众。刘艳的公开平台崛起，动摇传统媒体地位，连已入官场的许诗晴亦被卷入新旧媒体的角力。文慧心于此时复出，昭告世人：新闻女王的地位永远不可撼动！" movie_title_season="新闻女王2" pattern="^新闻女王2.*"
2025-11-21 13:15:08 [INFO] app.modules.filter.services.target_episode_filter_service:137 - 开始处理链接：--- 新闻女王2 ｜ 新闻女王 第二季 (2025) 【更20集】【4K.普码&杜比视界双版本】【国粤双语】【 佘诗曼/黄宗泽】【剧情/悬疑】【附第一季】描述：　　半年间，SNK剧变，总监余英飞离职、门外汉古肇华空降。张家妍虽掌权却难服众。刘艳的公开平台崛起，动摇传统媒体地位，连已入官场的许诗晴亦被卷入新旧媒体的角力。文慧心于此时复出，昭告世人：新闻女王的地位永远不可撼动！ https://pan.baidu.com/s/1yrA4BS0V63ZprAC_lq_ZmA?pwd=8os3
2025-11-21 13:15:08 [INFO] app.modules.filter.services.regex_target_link_filter:50 - 匹配成功: link_title="新闻女王2 (2025)更至20集 [4K][国语&粤语][佘诗曼/黄宗泽]/ 新闻女王 第二季描述：半年间，SNK剧变，总监余英飞离职、门外汉古肇华空降。张家妍虽掌权却难服众。刘艳的公开平台崛起，动摇传统媒体地位，连已入官场的许诗晴亦被卷入新旧媒体的角力。文慧心于此时复出，昭告世人：新闻女王的地位永远不可撼动！" movie_title_season="新闻女王2" pattern="^新闻女王2.*"
2025-11-21 13:15:08 [INFO] app.modules.filter.services.target_episode_filter_service:137 - 开始处理链接：--- 新闻女王2 (2025)更至20集 [4K][国语&粤语][佘诗曼/黄宗泽]/ 新闻女王 第二季描述：半年间，SNK剧变，总监余英飞离职、门外汉古肇华空降。张家妍虽掌权却难服众。刘艳的公开平台崛起，动摇传统媒体地位，连已入官场的许诗晴亦被卷入新旧媒体的角力。文慧心于此时复出，昭告世人：新闻女王的地位永远不可撼动！ https://pan.quark.cn/s/978026e62684
2025-11-21 13:15:09 [INFO] app.modules.filter.services.regex_target_link_filter:50 - 匹配成功: link_title="新闻女王2 新聞女王Ⅱ (2025) [WEB-4K] [国粤双语] [内嵌简中] [更至20集]描述：半年间，SNK剧变，总监余英飞离职、门外汉古肇华空降。张家妍虽掌权却难服众。刘艳的公开平台崛起，动摇传统媒体地位，连已入官场的许诗晴亦被卷入新旧媒体的角力。文慧心于此时复出，昭告世人：新闻女王的地位永远不可撼动！" movie_title_season="新闻女王2" pattern="^新闻女王2.*"
2025-11-21 13:15:09 [INFO] app.modules.filter.services.target_episode_filter_service:137 - 开始处理链接：--- 新闻女王2 新聞女王Ⅱ (2025) [WEB-4K] [国粤双语] [内嵌简中] [更至20集]描述：半年间，SNK剧变，总监余英飞离职、门外汉古肇华空降。张家妍虽掌权却难服众。刘艳的公开平台崛起，动摇传统媒体地位，连已入官场的许诗晴亦被卷入新旧媒体的角力。文慧心于此时复出，昭告世人：新闻女王的地位永远不可撼动！ https://pan.quark.cn/s/78671d8397f3
2025-11-21 13:15:09 [INFO] app.modules.filter.services.target_episode_filter_service:128 - 最终选择 20 个文件来覆盖新剧集: ['XWNWSSM2-20.mkv', 'XWNWSSM2-19.mkv', 'XWNWSSM2-18.mkv', 'XWNWSSM2-17.mkv', 'XWNWSSM2-16.mkv', 'XWNWSSM2-15.mkv', 'XWNWSSM2-14.mkv', 'XWNWSSM2-13.mkv', 'XWNWSSM2-12.mkv', 'XWNWSSM2-11.mkv', 'XWNWSSM2-10.mkv', 'XWNWSSM2-09.mkv', 'XWNWSSM2-08.mkv', 'XWNWSSM2-07.mkv', 'XWNWSSM2-06.mkv', 'XWNWSSM2-05.mkv', 'XWNWSSM2-04.mkv', 'XWNWSSM2-03.mkv', 'XWNWSSM2-02.mkv', 'XWNWSSM2-01.mkv']
2025-11-21 13:15:09 [INFO] app.modules.filter.services.target_episode_filter_service:141 - 获取到目标剧集组合，来自链接：https://pan.quark.cn/s/78671d8397f3
2025-11-21 13:15:09 [INFO] app.modules.filter.flow:138 - 新闻女王2 | https://pan.quark.cn/s/78671d8397f3 跳过（更新至 20，比备选https://pan.quark.cn/s/6ceeb5cc2bf5 | 20 更少）
2025-11-21 13:15:09 [INFO] app.modules.filter.services.regex_target_link_filter:50 - 匹配成功: link_title="新闻女王2 / 新闻女王 第二季 (2025) 4K SDR 60帧 国粤双语【更新EP20】描述：半年间，SNK剧变，总监余英飞离职、门外汉古肇华空降。张家妍虽掌权却难服众。刘艳的公开平台崛起，动摇传统媒体地位，连已入官场的许诗晴亦被卷入新旧媒体的角力。文慧心于此时复出，昭告世人：新闻女王的地位永远不可撼动！夸克：" movie_title_season="新闻女王2" pattern="^新闻女王2.*"
2025-11-21 13:15:09 [INFO] app.modules.filter.services.target_episode_filter_service:137 - 开始处理链接：--- 新闻女王2 / 新闻女王 第二季 (2025) 4K SDR 60帧 国粤双语【更新EP20】描述：半年间，SNK剧变，总监余英飞离职、门外汉古肇华空降。张家妍虽掌权却难服众。刘艳的公开平台崛起，动摇传统媒体地位，连已入官场的许诗晴亦被卷入新旧媒体的角力。文慧心于此时复出，昭告世人：新闻女王的地位永远不可撼动！夸克： https://pan.quark.cn/s/3b0b7e405cdb
2025-11-21 13:15:09 [INFO] app.modules.filter.services.target_episode_filter_service:128 - 最终选择 46 个文件来覆盖新剧集: ['S01E26.mp4', 'S01E25.mp4', 'S01E24.mp4', 'S01E23.mp4', 'S01E22.mp4', 'S01E21.mp4', 'S01E20.mp4', 'S01E19.mp4', 'S01E18.mp4', 'S01E17.mp4', 'S01E16.mp4', 'S01E15.mp4', 'S01E14.mp4', 'S01E13.mp4', 'S01E12.mp4', 'S01E11.mp4', 'S01E10.mp4', 'S01E09.mp4', 'S01E08.mp4', 'S01E07.mp4', 'S01E06.mp4', 'S01E05.mp4', 'S01E04.mp4', 'S01E03.mp4', 'S01E02.mp4', 'S01E01.mp4', 'S01E20.2025.2160p.60fps.WEB-DL.H265.AAC.2Audios.mkv', 'S01E19.2025.2160p.60fps.WEB-DL.H265.AAC.2Audios.mp4', 'S01E18.2025.2160p.60fps.WEB-DL.H265.AAC.2Audio.mkv', 'S01E17.2025.2160p.60fps.WEB-DL.H265.AAC.2Audios.mp4', 'S01E16.2025.2160p.60fps.WEB-DL.H265.AAC.2Audios.mp4', 'S01E15.2025.2160p.60fps.WEB-DL.H265.AAC.2Audios.mp4', 'S01E14.2025.2160p.60fps.WEB-DL.H265.AAC.2Audios.mkv', 'S01E13.2025.2160p.60fps.WEB-DL.H265.AAC.2Audios.mkv', 'S01E12.2025.2160p.60fps.WEB-DL.H265.AAC.2Audios.mkv', 'S01E11.2025.2160p.60fps.WEB-DL.H265.AAC.2Audios.mkv', 'S01E10.2025.2160p.60fps.WEB-DL.H265.AAC.2Audios.mkv', 'S01E09.2025.2160p.60fps.WEB-DL.H265.AAC.2Audios.mkv', 'S01E08.2025.2160p.60fps.WEB-DL.H265.AAC.2Audios.mkv', 'S01E07.2025.2160p.60fps.WEB-DL.H265.AAC.2Audios.mkv', 'S01E06.2025.2160p.60fps.WEB-DL.H265.AAC.2Audios.mkv', 'S01E05.2025.2160p.60fps.WEB-DL.H265.AAC.2Audios.mkv', 'S01E04.2025.2160p.60fps.WEB-DL.H265.AAC.2Audios.mkv', 'S01E03.2025.2160p.60fps.WEB-DL.H265.AAC.2Audios.mkv', 'S01E02.2025.2160p.60fps.WEB-DL.H265.AAC.2Audios.mkv', 'S01E01.2025.2160p.60fps.WEB-DL.H265.AAC.2Audios.mkv']
2025-11-21 13:15:09 [INFO] app.modules.filter.services.target_episode_filter_service:141 - 获取到目标剧集组合，来自链接：https://pan.quark.cn/s/3b0b7e405cdb
2025-11-21 13:15:09 [WARNING] app.modules.filter.flow:110 - 新闻女王2 | https://pan.quark.cn/s/3b0b7e405cdb 更新超出容忍范围,被跳过: 26 > 21 + 2
2025-11-21 13:15:09 [INFO] app.modules.filter.services.regex_target_link_filter:50 - 匹配成功: link_title="资源标题：新闻女王2 (2025)剧情 国粤双语 4KHQ60FPS 更新20集资源描述：半年间，SNK剧变，总监余英飞离职、门外汉古肇华空降。张家妍虽掌权却难服众。刘艳的公开平台崛起，动摇传统媒体地位，连已入官场的许诗晴亦被卷入新旧媒体的角力。文慧心于此时复出，昭告世人：新闻女王的地位永远不可撼动！" movie_title_season="新闻女王2" pattern=".*[:：]新闻女王2.*"
2025-11-21 13:15:09 [INFO] app.modules.filter.services.target_episode_filter_service:137 - 开始处理链接：--- 资源标题：新闻女王2 (2025)剧情 国粤双语 4KHQ60FPS 更新20集资源描述：半年间，SNK剧变，总监余英飞离职、门外汉古肇华空降。张家妍虽掌权却难服众。刘艳的公开平台崛起，动摇传统媒体地位，连已入官场的许诗晴亦被卷入新旧媒体的角力。文慧心于此时复出，昭告世人：新闻女王的地位永远不可撼动！ https://pan.quark.cn/s/0e542c421618
2025-11-21 13:15:10 [INFO] app.modules.filter.services.target_episode_filter_service:128 - 最终选择 40 个文件来覆盖新剧集: ['X.W.N.W.2.2025.S02E20.2160p.HQ.60fps.WEB-DL.H265.10bit.HDR10.AAC-GyWEB.mp4', 'X.W.N.W.2.2025.S02E19.2160p.HQ.60fps.WEB-DL.H265.10bit.HDR10.AAC-GyWEB.mp4', 'X.W.N.W.2.2025.S02E18.2160p.HQ.60fps.WEB-DL.H265.10bit.HDR10.AAC-GyWEB.mp4', 'X.W.N.W.2.2025.S02E17.2160p.HQ.60fps.WEB-DL.H265.10bit.HDR10.AAC-GyWEB.mp4', 'X.W.N.W.2.2025.S02E16.2160p.HQ.60fps.WEB-DL.H265.10bit.HDR10.AAC-GyWEB.mp4', 'X.W.N.W.2.2025.S02E15.2160p.HQ.60fps.WEB-DL.H265.10bit.HDR10.AAC-GyWEB.mp4', 'X.W.N.W.2.2025.S02E14.2160p.HQ.60fps.WEB-DL.H265.10bit.HDR10.AAC-GyWEB.mp4', 'X.W.N.W.2.2025.S02E13.2160p.HQ.60fps.WEB-DL.H265.10bit.HDR10.AAC-GyWEB.mp4', 'X.W.N.W.2.2025.S02E12.2160p.HQ.60fps.WEB-DL.H265.10bit.HDR10.AAC-GyWEB.mp4', 'X.W.N.W.2.2025.S02E11.2160p.HQ.60fps.WEB-DL.H265.10bit.HDR10.AAC-GyWEB.mp4', 'X.W.N.W.2.2025.S02E10.2160p.HQ.60fps.WEB-DL.H265.10bit.HDR10.AAC-GyWEB.mp4', 'X.W.N.W.2.2025.S02E09.2160p.HQ.60fps.WEB-DL.H265.10bit.HDR10.AAC-GyWEB.mp4', 'X.W.N.W.2.2025.S02E08.2160p.HQ.60fps.WEB-DL.H265.10bit.HDR10.AAC-GyWEB.mp4', 'X.W.N.W.2.2025.S02E07.2160p.HQ.60fps.WEB-DL.H265.10bit.HDR10.AAC-GyWEB.mp4', 'X.W.N.W.2.2025.S02E06.2160p.HQ.60fps.WEB-DL.H265.10bit.HDR10.AAC-GyWEB.mp4', 'X.W.N.W.2.2025.S02E05.2160p.HQ.60fps.WEB-DL.H265.10bit.HDR10.AAC-GyWEB.mp4', 'X.W.N.W.2.2025.S02E04.2160p.HQ.60fps.WEB-DL.H265.10bit.HDR10.AAC-GyWEB.mp4', 'X.W.N.W.2.2025.S02E03.2160p.HQ.60fps.WEB-DL.H265.10bit.HDR10.AAC-GyWEB.mp4', 'X.W.N.W.2.2025.S02E02.2160p.HQ.60fps.WEB-DL.H265.10bit.HDR10.AAC-GyWEB.mp4', 'X.W.N.W.2.2025.S02E01.2160p.HQ.60fps.WEB-DL.H265.10bit.HDR10.AAC-GyWEB.mp4', 'X.W.N.W.2.2025.S02E20.2160p.60fps.WEB-DL.H265.10bit.AAC-GyWEB.mp4', 'X.W.N.W.2.2025.S02E19.2160p.60fps.WEB-DL.H265.10bit.AAC-GyWEB.mp4', 'X.W.N.W.2.2025.S02E18.2160p.60fps.WEB-DL.H265.10bit.AAC-GyWEB.mp4', 'X.W.N.W.2.2025.S02E17.2160p.60fps.WEB-DL.H265.10bit.AAC-GyWEB.mp4', 'X.W.N.W.2.2025.S02E16.2160p.60fps.WEB-DL.H265.10bit.AAC-GyWEB.mp4', 'X.W.N.W.2.2025.S02E15.2160p.60fps.WEB-DL.H265.10bit.AAC-GyWEB.mp4', 'X.W.N.W.2.2025.S02E14.2160p.60fps.WEB-DL.H265.10bit.AAC-GyWEB.mp4', 'X.W.N.W.2.2025.S02E13.2160p.60fps.WEB-DL.H265.10bit.AAC-GyWEB.mp4', 'X.W.N.W.2.2025.S02E12.2160p.60fps.WEB-DL.H265.10bit.AAC-GyWEB.mp4', 'X.W.N.W.2.2025.S02E11.2160p.60fps.WEB-DL.H265.10bit.AAC-GyWEB.mp4', 'X.W.N.W.2.2025.S02E10.2160p.60fps.WEB-DL.H265.10bit.AAC-GyWEB.mp4', 'X.W.N.W.2.2025.S02E09.2160p.60fps.WEB-DL.H265.10bit.AAC-GyWEB.mp4', 'X.W.N.W.2.2025.S02E08.2160p.60fps.WEB-DL.H265.10bit.AAC-GyWEB.mp4', 'X.W.N.W.2.2025.S02E07.2160p.60fps.WEB-DL.H265.10bit.AAC-GyWEB.mp4', 'X.W.N.W.2.2025.S02E06.2160p.60fps.WEB-DL.H265.10bit.AAC-GyWEB.mp4', 'X.W.N.W.2.2025.S02E05.2160p.60fps.WEB-DL.H265.10bit.AAC-GyWEB.mp4', 'X.W.N.W.2.2025.S02E04.2160p.60fps.WEB-DL.H265.10bit.AAC-GyWEB.mp4', 'X.W.N.W.2.2025.S02E03.2160p.60fps.WEB-DL.H265.10bit.AAC-GyWEB.mp4', 'X.W.N.W.2.2025.S02E02.2160p.60fps.WEB-DL.H265.10bit.AAC-GyWEB.mp4', 'X.W.N.W.2.2025.S02E01.2160p.60fps.WEB-DL.H265.10bit.AAC-GyWEB.mp4']
2025-11-21 13:15:10 [INFO] app.modules.filter.services.target_episode_filter_service:141 - 获取到目标剧集组合，来自链接：https://pan.quark.cn/s/0e542c421618
2025-11-21 13:15:10 [INFO] app.modules.filter.flow:138 - 新闻女王2 | https://pan.quark.cn/s/0e542c421618 跳过（更新至 20，比备选https://pan.quark.cn/s/6ceeb5cc2bf5 | 20 更少）
2025-11-21 13:15:10 [INFO] app.modules.filter.flow:158 - 新闻女王2分享链接遍历完成，无可用分享链接
2025-11-21 13:15:10 [INFO] app.modules.storage_operations.services.save_episodes_to_cloud:44 - 未筛选到适合['mkv', 'mp4', 'avi', 'mov', 'm4v', 'wmv', 'flv', 'torrent', 'srt', 'ass', 'sub', 'mp3', 'aac', 'zip']的链接
2025-11-21 13:15:10 [INFO] app.modules.storage_operations.services.save_episodes_to_cloud:44 - 未筛选到适合['mkv', 'mp4', 'avi', 'mov', 'm4v', 'wmv', 'flv', 'torrent', 'srt', 'ass', 'sub', 'mp3', 'aac', 'zip']的链接
2025-11-21 13:15:10 [INFO] app.modules.filter.services.target_episode_filter_service:128 - 最终选择 69 个文件来覆盖新剧集: ['The QUEEN of News S02E20 - 第 20 集 - 2160p WEB-DL H265 AAC 2Audio.mkv', 'The QUEEN of News S02E19 - 第 19 集 - 2160p WEB-DL H265 AAC 2Audio.mkv', 'The QUEEN of News S02E18 - 第 18 集 - 2160p WEB-DL H265 AAC 2Audio.mkv', 'The QUEEN of News S02E17 - 第 17 集 - 2160p WEB-DL H265 AAC 2Audio.mkv', 'The QUEEN of News S02E16 - 第 16 集 - 2160p WEB-DL H265 AAC 2Audio.mkv', 'The QUEEN of News S02E15 - 第 15 集 - 2160p WEB-DL H265 AAC 2Audio.mkv', 'The QUEEN of News S02E14 - 第 14 集 - 2160p WEB-DL H265 AAC 2Audio.mkv', 'The QUEEN of News S02E13 - 第 13 集 - 2160p WEB-DL H265 AAC 2Audio.mkv', 'The QUEEN of News S02E12 - 第 12 集 - 2160p WEB-DL H265 AAC 2Audio.mkv', 'The QUEEN of News S02E11 - 第 11 集 - 2160p WEB-DL H265 AAC 2Audio.mkv', 'The QUEEN of News S02E10 - 第 10 集 - 2160p WEB-DL H265 AAC 2Audio.mkv', 'The QUEEN of News S02E09 - 第 9 集 - 2160p WEB-DL H265 AAC 2Audio.mkv', 'The QUEEN of News S02E08 - 第 8 集 - 2160p WEB-DL H265 AAC 2Audio.mkv', 'The QUEEN of News S02E07 - 第 7 集 - 2160p WEB-DL H265 AAC 2Audio.mkv', 'The QUEEN of News S02E06 - 第 6 集 - 2160p WEB-DL H265 AAC 2Audio.mkv', 'The QUEEN of News S02E05 - 第 5 集 - 2160p WEB-DL H265 AAC 2Audio.mkv', 'The QUEEN of News S02E04 - 第 4 集 - 2160p WEB-DL H265 AAC 2Audio.mkv', 'The QUEEN of News S02E03 - 第 3 集 - 2160p WEB-DL H265 AAC 2Audio.mkv', 'The QUEEN of News S02E02 - 第 2 集 - 2160p WEB-DL H265 AAC 2Audio.mkv', 'The QUEEN of News S02E01 - 第 1 集 - 2160p WEB-DL H265 AAC 2Audio.mkv', 'The QUEEN of News S02E20 - 第 20 集 - 2160p WEB-DL DV HQ H265 AAC 2Audio.mkv', 'The QUEEN of News S02E19 - 第 19 集 - 2160p WEB-DL DV HQ H265 AAC 2Audio.mkv', 'The QUEEN of News S02E18 - 第 18 集 - 2160p WEB-DL DV HQ H265 AAC 2Audio.mkv', 'The QUEEN of News S02E17 - 第 17 集 - 2160p WEB-DL DV HQ H265 AAC 2Audio.mkv', 'The QUEEN of News S02E16 - 第 16 集 - 2160p WEB-DL DV HQ H265 AAC 2Audio.mkv', 'The QUEEN of News S02E15 - 第 15 集 - 2160p WEB-DL DV HQ H265 AAC 2Audio.mkv', 'The QUEEN of News S02E14 - 第 14 集 - 2160p WEB-DL DV HQ H265 AAC 2Audio.mkv', 'The QUEEN of News S02E13 - 第 13 集 - 2160p WEB-DL DV HQ H265 AAC 2Audio.mkv', 'The QUEEN of News S02E12 - 第 12 集 - 2160p WEB-DL DV HQ H265 AAC 2Audio.mkv', 'The QUEEN of News S02E11 - 第 11 集 - 2160p WEB-DL DV HQ H265 AAC 2Audio.mkv', 'The QUEEN of News S02E10 - 第 10 集 - 2160p WEB-DL DV HQ H265 AAC 2Audio.mkv', 'The QUEEN of News S02E09 - 第 9 集 - 2160p WEB-DL DV HQ H265 AAC 2Audio.mkv', 'The QUEEN of News S02E08 - 第 8 集 - 2160p WEB-DL DV HQ H265 AAC 2Audio.mkv', 'The QUEEN of News S02E07 - 第 7 集 - 2160p WEB-DL DV HQ H265 AAC 2Audio.mkv', 'The QUEEN of News S02E06 - 第 6 集 - 2160p WEB-DL DV HQ H265 AAC 2Audio.mkv', 'The QUEEN of News S02E05 - 第 5 集 - 2160p WEB-DL DV HQ H265 AAC 2Audio.mkv', 'The QUEEN of News S02E04 - 第 4 集 - 2160p WEB-DL DV HQ H265 AAC 2Audio.mkv', 'The QUEEN of News S02E03 - 第 3 集 - 2160p WEB-DL DV HQ H265 AAC 2Audio.mkv', 'The QUEEN of News S02E02 - 第 2 集 - 2160p WEB-DL DV HQ H265 AAC 2Audio.mkv', 'The QUEEN of News S02E01 - 第 1 集 - 2160p WEB-DL DV HQ H265 AAC 2Audio.zh.srt', 'The QUEEN of News S02E01 - 第 1 集 - 2160p WEB-DL DV HQ H265 AAC 2Audio.mkv', 'The QUEEN of News S01E26 - 第 26 集 - 2160p WEB-DL HQ H265 10bit AAC.mp4', 'The QUEEN of News S01E25 - 第 25 集 - 2160p WEB-DL HQ H265 10bit AAC.mp4', 'The QUEEN of News S01E24 - 第 24 集 - 2160p WEB-DL HQ H265 10bit AAC.mp4', 'The QUEEN of News S01E23 - 第 23 集 - 2160p WEB-DL HQ H265 10bit AAC.mp4', 'The QUEEN of News S01E22 - 第 22 集 - 2160p WEB-DL HQ H265 10bit AAC.mp4', 'The QUEEN of News S01E21 - 第 21 集 - 2160p WEB-DL HQ H265 10bit AAC.mp4', 'The QUEEN of News S01E20 - 第 20 集 - 2160p WEB-DL HQ H265 10bit AAC.mp4', 'The QUEEN of News S01E19 - 第 19 集 - 2160p WEB-DL HQ H265 10bit AAC.mp4', 'The QUEEN of News S01E18 - 第 18 集 - 2160p WEB-DL HQ H265 10bit AAC.mp4', 'The QUEEN of News S01E17 - 第 17 集 - 2160p WEB-DL HQ H265 10bit AAC.mp4', 'The QUEEN of News S01E16 - 第 16 集 - 2160p WEB-DL HQ H265 10bit AAC.mp4', 'The QUEEN of News S01E15 - 第 15 集 - 2160p WEB-DL HQ H265 10bit AAC.mp4', 'The QUEEN of News S01E14 - 第 14 集 - 2160p WEB-DL HQ H265 10bit AAC.mp4', 'The QUEEN of News S01E13 - 第 13 集 - 2160p WEB-DL HQ H265 10bit AAC.mp4', 'The QUEEN of News S01E12 - 第 12 集 - 2160p WEB-DL HQ H265 10bit AAC.mp4', 'The QUEEN of News S01E11 - 第 11 集 - 2160p WEB-DL HQ H265 10bit AAC.mp4', 'The QUEEN of News S01E10 - 第 10 集 - 2160p WEB-DL HQ H265 10bit AAC.mp4', 'The QUEEN of News S01E09 - 第 9 集 - 2160p WEB-DL HQ H265 10bit AAC.mp4', 'The QUEEN of News S01E08 - 第 8 集 - 2160p WEB-DL HQ H265 10bit AAC.mp4', 'The QUEEN of News S01E07 - 第 7 集 - 2160p WEB-DL HQ H265 10bit AAC.mp4', 'The QUEEN of News S01E06 - 第 6 集 - 2160p WEB-DL HQ H265 10bit AAC.mp4', 'The QUEEN of News S01E05 - 第 5 集 - 2160p WEB-DL HQ H265 10bit AAC.mp4', 'The QUEEN of News S01E04 - 第 4 集 - 2160p WEB-DL HQ H265 10bit AAC.mp4', 'The QUEEN of News S01E03 - 第 3 集 - 2160p WEB-DL HQ H265 10bit AAC.mp4', 'The QUEEN of News S01E02 - 第 2 集 - 2160p WEB-DL HQ H265 10bit AAC.mp4', 'The QUEEN of News S01E01 - 第 1 集 - 2160p WEB-DL HQ H265 10bit AAC.mp4', 'season02-poster.jpg', 'season01-poster.jpg']
2025-11-21 13:15:10 [INFO] app.modules.filter.services.target_episode_filter_service:141 - 获取到目标剧集组合，来自链接：https://pan.baidu.com/s/1yrA4BS0V63ZprAC_lq_ZmA?pwd=8os3
2025-11-21 13:15:10 [WARNING] app.modules.filter.flow:110 - 新闻女王2 | https://pan.baidu.com/s/1yrA4BS0V63ZprAC_lq_ZmA?pwd=8os3 更新超出容忍范围,被跳过: 26 > 21 + 2
2025-11-21 13:15:12 [INFO] app.modules.filter.services.regex_target_link_filter:50 - 匹配成功: link_title="新闻女王2 新聞女王Ⅱ /新闻女王 第二季(2025) 【佘诗曼/黄宗泽/剧情】【4K国粤双语 更新EP20】【附第一季】描述：　又名: 新闻女王 第二季 / 新闻女王 续篇 / The Queen of NEWS Ⅱ 　半年间，SNK剧变，总监余英飞离职、门外汉古肇华空降。张家妍虽掌权却难服众。刘艳的公开平台崛起，动摇传统媒体地位，连已入官场的许诗晴亦被卷入新旧媒体的角力。文慧心于此时复出，昭告世人：新闻女王的地位永远不可撼动！" movie_title_season="新闻女王2" pattern="^新闻女王2.*"
2025-11-21 13:15:12 [INFO] app.modules.filter.services.target_episode_filter_service:137 - 开始处理链接：--- 新闻女王2 新聞女王Ⅱ /新闻女王 第二季(2025) 【佘诗曼/黄宗泽/剧情】【4K国粤双语 更新EP20】【附第一季】描述：　又名: 新闻女王 第二季 / 新闻女王 续篇 / The Queen of NEWS Ⅱ 　半年间，SNK剧变，总监余英飞离职、门外汉古肇华空降。张家妍虽掌权却难服众。刘艳的公开平台崛起，动摇传统媒体地位，连已入官场的许诗晴亦被卷入新旧媒体的角力。文慧心于此时复出，昭告世人：新闻女王的地位永远不可撼动！ https://pan.baidu.com/s/1Vcdm__K4NEgXQpU-4Xhj5A?pwd=8888
2025-11-21 13:15:14 [INFO] app.modules.filter.services.regex_target_link_filter:50 - 匹配成功: link_title="🗄 新闻女王/新闻女王2(2025)【更20集】【4K.普码】【国粤双语】【内嵌简中】【附第一季】" movie_title_season="新闻女王2" pattern=".*新闻女王2[(（]20\d{2}[）)]"
2025-11-21 13:15:14 [INFO] app.modules.filter.services.target_episode_filter_service:137 - 开始处理链接：--- 🗄 新闻女王/新闻女王2(2025)【更20集】【4K.普码】【国粤双语】【内嵌简中】【附第一季】 https://pan.baidu.com/s/1NaKehOngqlT5iBvENHI2rw?pwd=Yu66
2025-11-21 13:15:16 [INFO] app.modules.filter.services.target_episode_filter_service:128 - 最终选择 48 个文件来覆盖新剧集: ['The QUEEN of News S02E20 - 第 20 集 - 2160p WEB-DL H265 AAC 2Audio.mkv', 'The QUEEN of News S02E19 - 第 19 集 - 2160p WEB-DL H265 AAC 2Audio.mkv', 'The QUEEN of News S02E18 - 第 18 集 - 2160p WEB-DL H265 AAC 2Audio.mkv', 'The QUEEN of News S02E17 - 第 17 集 - 2160p WEB-DL H265 AAC 2Audio.mkv', 'The QUEEN of News S02E16 - 第 16 集 - 2160p WEB-DL H265 AAC 2Audio.mkv', 'The QUEEN of News S02E15 - 第 15 集 - 2160p WEB-DL H265 AAC 2Audio.mkv', 'The QUEEN of News S02E14 - 第 14 集 - 2160p WEB-DL H265 AAC 2Audio.mkv', 'The QUEEN of News S02E13 - 第 13 集 - 2160p WEB-DL H265 AAC 2Audio.mkv', 'The QUEEN of News S02E12 - 第 12 集 - 2160p WEB-DL H265 AAC 2Audio.mkv', 'The QUEEN of News S02E11 - 第 11 集 - 2160p WEB-DL H265 AAC 2Audio.mkv', 'The QUEEN of News S02E10 - 第 10 集 - 2160p WEB-DL H265 AAC 2Audio.mkv', 'The QUEEN of News S02E09 - 第 9 集 - 2160p WEB-DL H265 AAC 2Audio.mkv', 'The QUEEN of News S02E08 - 第 8 集 - 2160p WEB-DL H265 AAC 2Audio.mkv', 'The QUEEN of News S02E07 - 第 7 集 - 2160p WEB-DL H265 AAC 2Audio.mkv', 'The QUEEN of News S02E06 - 第 6 集 - 2160p WEB-DL H265 AAC 2Audio.mkv', 'The QUEEN of News S02E05 - 第 5 集 - 2160p WEB-DL H265 AAC 2Audio.mkv', 'The QUEEN of News S02E04 - 第 4 集 - 2160p WEB-DL H265 AAC 2Audio.mkv', 'The QUEEN of News S02E03 - 第 3 集 - 2160p WEB-DL H265 AAC 2Audio.mkv', 'The QUEEN of News S02E02 - 第 2 集 - 2160p WEB-DL H265 AAC 2Audio.mkv', 'The QUEEN of News S02E01 - 第 1 集 - 2160p WEB-DL H265 AAC 2Audio.mkv', 'The QUEEN of News S01E26 - 第 26 集 - 2160p WEB-DL HQ H265 10bit AAC.mp4', 'The QUEEN of News S01E25 - 第 25 集 - 2160p WEB-DL HQ H265 10bit AAC.mp4', 'The QUEEN of News S01E24 - 第 24 集 - 2160p WEB-DL HQ H265 10bit AAC.mp4', 'The QUEEN of News S01E23 - 第 23 集 - 2160p WEB-DL HQ H265 10bit AAC.mp4', 'The QUEEN of News S01E22 - 第 22 集 - 2160p WEB-DL HQ H265 10bit AAC.mp4', 'The QUEEN of News S01E21 - 第 21 集 - 2160p WEB-DL HQ H265 10bit AAC.mp4', 'The QUEEN of News S01E20 - 第 20 集 - 2160p WEB-DL HQ H265 10bit AAC.mp4', 'The QUEEN of News S01E19 - 第 19 集 - 2160p WEB-DL HQ H265 10bit AAC.mp4', 'The QUEEN of News S01E18 - 第 18 集 - 2160p WEB-DL HQ H265 10bit AAC.mp4', 'The QUEEN of News S01E17 - 第 17 集 - 2160p WEB-DL HQ H265 10bit AAC.mp4', 'The QUEEN of News S01E16 - 第 16 集 - 2160p WEB-DL HQ H265 10bit AAC.mp4', 'The QUEEN of News S01E15 - 第 15 集 - 2160p WEB-DL HQ H265 10bit AAC.mp4', 'The QUEEN of News S01E14 - 第 14 集 - 2160p WEB-DL HQ H265 10bit AAC.mp4', 'The QUEEN of News S01E13 - 第 13 集 - 2160p WEB-DL HQ H265 10bit AAC.mp4', 'The QUEEN of News S01E12 - 第 12 集 - 2160p WEB-DL HQ H265 10bit AAC.mp4', 'The QUEEN of News S01E11 - 第 11 集 - 2160p WEB-DL HQ H265 10bit AAC.mp4', 'The QUEEN of News S01E10 - 第 10 集 - 2160p WEB-DL HQ H265 10bit AAC.mp4', 'The QUEEN of News S01E09 - 第 9 集 - 2160p WEB-DL HQ H265 10bit AAC.mp4', 'The QUEEN of News S01E08 - 第 8 集 - 2160p WEB-DL HQ H265 10bit AAC.mp4', 'The QUEEN of News S01E07 - 第 7 集 - 2160p WEB-DL HQ H265 10bit AAC.mp4', 'The QUEEN of News S01E06 - 第 6 集 - 2160p WEB-DL HQ H265 10bit AAC.mp4', 'The QUEEN of News S01E05 - 第 5 集 - 2160p WEB-DL HQ H265 10bit AAC.mp4', 'The QUEEN of News S01E04 - 第 4 集 - 2160p WEB-DL HQ H265 10bit AAC.mp4', 'The QUEEN of News S01E03 - 第 3 集 - 2160p WEB-DL HQ H265 10bit AAC.mp4', 'The QUEEN of News S01E02 - 第 2 集 - 2160p WEB-DL HQ H265 10bit AAC.mp4', 'The QUEEN of News S01E01 - 第 1 集 - 2160p WEB-DL HQ H265 10bit AAC.mp4', 'season02-poster.jpg', 'season01-poster.jpg']
2025-11-21 13:15:16 [INFO] app.modules.filter.services.target_episode_filter_service:141 - 获取到目标剧集组合，来自链接：https://pan.baidu.com/s/1NaKehOngqlT5iBvENHI2rw?pwd=Yu66
2025-11-21 13:15:16 [WARNING] app.modules.filter.flow:110 - 新闻女王2 | https://pan.baidu.com/s/1NaKehOngqlT5iBvENHI2rw?pwd=Yu66 更新超出容忍范围,被跳过: 26 > 21 + 2
2025-11-21 13:15:16 [INFO] app.modules.filter.services.regex_target_link_filter:50 - 匹配成功: link_title="新闻女王2 (2025) 第1-20集【4K/60fps 国粤双语音频 无广告无台标 佘诗曼/黄宗泽】描述：半年间，SNK剧变，总监余英飞离职、门外汉古肇华空降。张家妍虽掌权却难服众。刘艳的公开平台崛起，动摇传统媒体地位，连已入官场的许诗晴亦被卷入新旧媒体的角力。文慧心于此时复出，昭告世人：新闻女王的地位永远不可撼动！" movie_title_season="新闻女王2" pattern="^新闻女王2.*"
2025-11-21 13:15:16 [INFO] app.modules.filter.services.target_episode_filter_service:137 - 开始处理链接：--- 新闻女王2 (2025) 第1-20集【4K/60fps 国粤双语音频 无广告无台标 佘诗曼/黄宗泽】描述：半年间，SNK剧变，总监余英飞离职、门外汉古肇华空降。张家妍虽掌权却难服众。刘艳的公开平台崛起，动摇传统媒体地位，连已入官场的许诗晴亦被卷入新旧媒体的角力。文慧心于此时复出，昭告世人：新闻女王的地位永远不可撼动！ https://pan.baidu.com/s/1ofJfRMJx1ZO_SZXe-EO_TA?pwd=gff3
2025-11-21 13:15:18 [INFO] app.modules.filter.services.regex_target_link_filter:50 - 匹配成功: link_title="新闻女王2 新聞女王Ⅱ (2025) [WEB-4K] [国粤双语] [内嵌简中] [更至20集]" movie_title_season="新闻女王2" pattern="^新闻女王2.*"
2025-11-21 13:15:18 [INFO] app.modules.filter.services.target_episode_filter_service:137 - 开始处理链接：--- 新闻女王2 新聞女王Ⅱ (2025) [WEB-4K] [国粤双语] [内嵌简中] [更至20集] https://pan.baidu.com/s/16DhKxxMY51_SOWgdkw6z3Q?pwd=1111
2025-11-21 13:15:18 [INFO] app.modules.filter.services.target_episode_filter_service:128 - 最终选择 20 个文件来覆盖新剧集: ['XWNWSSM2-20.mkv', 'XWNWSSM2-19.mkv', 'XWNWSSM2-18.mkv', 'XWNWSSM2-17.mkv', 'XWNWSSM2-16.mkv', 'XWNWSSM2-15.mkv', 'XWNWSSM2-14.mkv', 'XWNWSSM2-13.mkv', 'XWNWSSM2-12.mkv', 'XWNWSSM2-11.mkv', 'XWNWSSM2-10.mkv', 'XWNWSSM2-09.mkv', 'XWNWSSM2-08.mkv', 'XWNWSSM2-07.mkv', 'XWNWSSM2-06.mkv', 'XWNWSSM2-05.mkv', 'XWNWSSM2-04.mkv', 'XWNWSSM2-03.mkv', 'XWNWSSM2-02.mkv', 'XWNWSSM2-01.mkv']
2025-11-21 13:15:18 [INFO] app.modules.filter.services.target_episode_filter_service:141 - 获取到目标剧集组合，来自链接：https://pan.baidu.com/s/16DhKxxMY51_SOWgdkw6z3Q?pwd=1111
2025-11-21 13:15:18 [INFO] app.modules.filter.flow:128 - 新闻女王2 | https://pan.baidu.com/s/16DhKxxMY51_SOWgdkw6z3Q?pwd=1111 作为备选（更新至 20/21）
2025-11-21 13:15:19 [INFO] app.modules.filter.services.regex_target_link_filter:50 - 匹配成功: link_title="新闻女王2 更新至20集 4K SDR 60帧 高码率" movie_title_season="新闻女王2" pattern="^新闻女王2.*"
2025-11-21 13:15:19 [INFO] app.modules.filter.services.target_episode_filter_service:137 - 开始处理链接：--- 新闻女王2 更新至20集 4K SDR 60帧 高码率 https://pan.baidu.com/s/1eVAyoS6DVjaKO0Ng_XrO-A?pwd=4v7b
2025-11-21 13:15:20 [INFO] app.modules.filter.services.target_episode_filter_service:128 - 最终选择 20 个文件来覆盖新剧集: ['The.Queen.of.NEWS.S02E20.2025.2160p.HQ.WEB-DL.60fps.H.265.AAC.2Audio.mp4', 'The.Queen.of.NEWS.S02E19.2025.2160p.HQ.WEB-DL.60fps.H.265.AAC.2Audio.mp4', 'The.Queen.of.NEWS.S02E18.2025.2160p.HQ.WEB-DL.60fps.H.265.AAC.2Audio.mp4', 'The.Queen.of.NEWS.S02E17.2025.2160p.HQ.WEB-DL.60fps.H.265.AAC.2Audio.mp4', 'The.Queen.of.NEWS.S02E16.2025.2160p.HQ.WEB-DL.60fps.H.265.AAC.2Audio.mp4', 'The.Queen.of.NEWS.S02E15.2025.2160p.HQ.WEB-DL.60fps.H.265.AAC.2Audio.mp4', 'The.Queen.of.NEWS.S02E14.2025.2160p.HQ.WEB-DL.60fps.H.265.AAC.2Audio.mp4', 'The.Queen.of.NEWS.S02E13.2025.2160p.HQ.WEB-DL.60fps.H.265.AAC.2Audio.mp4', 'The.Queen.of.NEWS.S02E12.2025.2160p.HQ.WEB-DL.60fps.H.265.AAC.2Audio.mp4', 'The.Queen.of.NEWS.S02E11.2025.2160p.HQ.WEB-DL.60fps.H.265.AAC.2Audio.mp4', 'The.Queen.of.NEWS.S02E10.2025.2160p.HQ.WEB-DL.60fps.H.265.AAC.2Audio.mp4', 'The.Queen.of.NEWS.S02E09.2025.2160p.HQ.WEB-DL.60fps.H.265.AAC.2Audio.mp4', 'The.Queen.of.NEWS.S02E08.2025.2160p.HQ.WEB-DL.60fps.H.265.AAC.2Audio.mp4', 'The.Queen.of.NEWS.S02E07.2025.2160p.HQ.WEB-DL.60fps.H.265.AAC.2Audio.mp4', 'The.Queen.of.NEWS.S02E06.2025.2160p.HQ.WEB-DL.60fps.H.265.AAC.2Audio.mp4', 'The.Queen.of.NEWS.S02E05.2025.2160p.HQ.WEB-DL.60fps.H.265.AAC.2Audio.mp4', 'The.Queen.of.NEWS.S02E04.2025.2160p.HQ.WEB-DL.60fps.H.265.AAC.2Audio.mp4', 'The.Queen.of.NEWS.S02E03.2025.2160p.HQ.WEB-DL.60fps.H.265.AAC.2Audio.mp4', 'The.Queen.of.NEWS.S02E02.2025.2160p.HQ.WEB-DL.60fps.H.265.AAC.2Audio.mp4', 'The.Queen.of.NEWS.S02E01.2025.2160p.HQ.WEB-DL.60fps.H.265.AAC.2Audio.mp4']
2025-11-21 13:15:20 [INFO] app.modules.filter.services.target_episode_filter_service:141 - 获取到目标剧集组合，来自链接：https://pan.baidu.com/s/1eVAyoS6DVjaKO0Ng_XrO-A?pwd=4v7b
2025-11-21 13:15:20 [INFO] app.modules.filter.flow:138 - 新闻女王2 | https://pan.baidu.com/s/1eVAyoS6DVjaKO0Ng_XrO-A?pwd=4v7b 跳过（更新至 20，比备选https://pan.baidu.com/s/16DhKxxMY51_SOWgdkw6z3Q?pwd=1111 | 20 更少）
2025-11-21 13:15:20 [INFO] app.modules.filter.services.regex_target_link_filter:50 - 匹配成功: link_title="新闻女王2 / 新闻女王 第二季 (2025) 4K SDR 60帧 国粤双语【更新EP20】" movie_title_season="新闻女王2" pattern="^新闻女王2.*"
2025-11-21 13:15:20 [INFO] app.modules.filter.services.target_episode_filter_service:137 - 开始处理链接：--- 新闻女王2 / 新闻女王 第二季 (2025) 4K SDR 60帧 国粤双语【更新EP20】 https://pan.baidu.com/s/1fUg32YaLBafMwPYeCmIB7g?pwd=yyds
2025-11-21 13:15:21 [INFO] telethon.client.updates:443 - Got difference for channel 1580372425 updates
2025-11-21 13:15:21 [INFO] telethon.client.updates:443 - Got difference for channel 2209378593 updates
2025-11-21 13:15:21 [INFO] telethon.client.updates:443 - Got difference for channel 1290825027 updates
2025-11-21 13:15:21 [INFO] telethon.client.updates:443 - Got difference for channel 1780401093 updates
2025-11-21 13:15:22 [INFO] telethon.client.updates:443 - Got difference for channel 1688099294 updates
2025-11-21 13:15:22 [INFO] app.modules.filter.services.target_episode_filter_service:128 - 最终选择 46 个文件来覆盖新剧集: ['S01E26.mp4', 'S01E25.mp4', 'S01E24.mp4', 'S01E23.mp4', 'S01E22.mp4', 'S01E21.mp4', 'S01E20.mp4', 'S01E19.mp4', 'S01E18.mp4', 'S01E17.mp4', 'S01E16.mp4', 'S01E15.mp4', 'S01E14.mp4', 'S01E13.mp4', 'S01E12.mp4', 'S01E11.mp4', 'S01E10.mp4', 'S01E09.mp4', 'S01E08.mp4', 'S01E07.mp4', 'S01E06.mp4', 'S01E05.mp4', 'S01E04.mp4', 'S01E03.mp4', 'S01E02.mp4', 'S01E01.mp4', 'S02E08.2025.2160p.WEB-DL.AAC.H.265.mkv', 'S02E07.2025.2160p.WEB-DL.AAC.H.265.mkv', 'S01E20.2025.2160p.60fps.WEB-DL.H265.AAC.2Audios.mkv', 'S01E19.2025.2160p.60fps.WEB-DL.H265.AAC.2Audio.mp4', 'S01E18.2025.2160p.60fps.WEB-DL.H265.AAC.2Audio.mkv', 'S01E17.2025.2160p.60fps.WEB-DL.H265.AAC.2Audios.mp4', 'S01E16.2025.2160p.60fps.WEB-DL.H265.AAC.2Audios.mp4', 'S01E15.2025.2160p.60fps.WEB-DL.H265.AAC.2Audios.mp4', 'S01E14.2025.2160p.60fps.WEB-DL.H265.AAC.2Audios.mkv', 'S01E13.2025.2160p.60fps.WEB-DL.H265.AAC.2Audios.mkv', 'S01E12.2025.2160p.60fps.WEB-DL.H265.AAC.2Audios.mkv', 'S01E11.2025.2160p.60fps.WEB-DL.H265.AAC.2Audios.mkv', 'S01E10.2025.2160p.60fps.WEB-DL.H265.AAC.2Audios.mkv', 'S01E09.2025.2160p.60fps.WEB-DL.H265.AAC.2Audios.mkv', 'S01E06.2025.2160p.60fps.WEB-DL.H265.AAC.2Audios.mkv', 'S01E05.2025.2160p.60fps.WEB-DL.H265.AAC.2Audios.mkv', 'S01E04.2025.2160p.60fps.WEB-DL.H265.AAC.2Audios.mkv', 'S01E03.2025.2160p.60fps.WEB-DL.H265.AAC.2Audios.mkv', 'S01E02.2025.2160p.60fps.WEB-DL.H265.AAC.2Audios.mkv', 'S01E01.2025.2160p.60fps.WEB-DL.H265.AAC.2Audios.mkv']
2025-11-21 13:15:22 [INFO] app.modules.filter.services.target_episode_filter_service:141 - 获取到目标剧集组合，来自链接：https://pan.baidu.com/s/1fUg32YaLBafMwPYeCmIB7g?pwd=yyds
2025-11-21 13:15:22 [WARNING] app.modules.filter.flow:110 - 新闻女王2 | https://pan.baidu.com/s/1fUg32YaLBafMwPYeCmIB7g?pwd=yyds 更新超出容忍范围,被跳过: 26 > 21 + 2
2025-11-21 13:15:22 [INFO] telethon.client.updates:443 - Got difference for channel 1859684449 updates
2025-11-21 13:15:23 [INFO] app.modules.filter.services.regex_target_link_filter:50 - 匹配成功: link_title="资源标题：新闻女王2 (2025)剧情 国粤双语 4KHQ60FPS 更新20集" movie_title_season="新闻女王2" pattern=".*[:：]新闻女王2.*"
2025-11-21 13:15:23 [INFO] app.modules.filter.services.target_episode_filter_service:137 - 开始处理链接：--- 资源标题：新闻女王2 (2025)剧情 国粤双语 4KHQ60FPS 更新20集 https://pan.baidu.com/s/1BJ8alZy-5bD9IaoIWPXppw?pwd=6666
2025-11-21 13:15:24 [INFO] app.modules.filter.services.target_episode_filter_service:128 - 最终选择 40 个文件来覆盖新剧集: ['X.W.N.W.2.2025.S02E20.2160p.HQ.60fps.WEB-DL.H265.10bit.HDR10.AAC-GyWEB.mp4', 'X.W.N.W.2.2025.S02E19.2160p.HQ.60fps.WEB-DL.H265.10bit.HDR10.AAC-GyWEB.mp4', 'X.W.N.W.2.2025.S02E18.2160p.HQ.60fps.WEB-DL.H265.10bit.HDR10.AAC-GyWEB.mp4', 'X.W.N.W.2.2025.S02E17.2160p.HQ.60fps.WEB-DL.H265.10bit.HDR10.AAC-GyWEB.mp4', 'X.W.N.W.2.2025.S02E16.2160p.HQ.60fps.WEB-DL.H265.10bit.HDR10.AAC-GyWEB.mp4', 'X.W.N.W.2.2025.S02E15.2160p.HQ.60fps.WEB-DL.H265.10bit.HDR10.AAC-GyWEB.mp4', 'X.W.N.W.2.2025.S02E14.2160p.HQ.60fps.WEB-DL.H265.10bit.HDR10.AAC-GyWEB.mp4', 'X.W.N.W.2.2025.S02E13.2160p.HQ.60fps.WEB-DL.H265.10bit.HDR10.AAC-GyWEB.mp4', 'X.W.N.W.2.2025.S02E12.2160p.HQ.60fps.WEB-DL.H265.10bit.HDR10.AAC-GyWEB.mp4', 'X.W.N.W.2.2025.S02E11.2160p.HQ.60fps.WEB-DL.H265.10bit.HDR10.AAC-GyWEB.mp4', 'X.W.N.W.2.2025.S02E10.2160p.HQ.60fps.WEB-DL.H265.10bit.HDR10.AAC-GyWEB.mp4', 'X.W.N.W.2.2025.S02E09.2160p.HQ.60fps.WEB-DL.H265.10bit.HDR10.AAC-GyWEB.mp4', 'X.W.N.W.2.2025.S02E08.2160p.HQ.60fps.WEB-DL.H265.10bit.HDR10.AAC-GyWEB.mp4', 'X.W.N.W.2.2025.S02E07.2160p.HQ.60fps.WEB-DL.H265.10bit.HDR10.AAC-GyWEB.mp4', 'X.W.N.W.2.2025.S02E06.2160p.HQ.60fps.WEB-DL.H265.10bit.HDR10.AAC-GyWEB.mp4', 'X.W.N.W.2.2025.S02E05.2160p.HQ.60fps.WEB-DL.H265.10bit.HDR10.AAC-GyWEB.mp4', 'X.W.N.W.2.2025.S02E04.2160p.HQ.60fps.WEB-DL.H265.10bit.HDR10.AAC-GyWEB.mp4', 'X.W.N.W.2.2025.S02E03.2160p.HQ.60fps.WEB-DL.H265.10bit.HDR10.AAC-GyWEB.mp4', 'X.W.N.W.2.2025.S02E02.2160p.HQ.60fps.WEB-DL.H265.10bit.HDR10.AAC-GyWEB.mp4', 'X.W.N.W.2.2025.S02E01.2160p.HQ.60fps.WEB-DL.H265.10bit.HDR10.AAC-GyWEB.mp4', 'X.W.N.W.2.2025.S02E20.2160p.60fps.WEB-DL.H265.10bit.AAC-GyWEB.mp4', 'X.W.N.W.2.2025.S02E19.2160p.60fps.WEB-DL.H265.10bit.AAC-GyWEB.mp4', 'X.W.N.W.2.2025.S02E18.2160p.60fps.WEB-DL.H265.10bit.AAC-GyWEB.mp4', 'X.W.N.W.2.2025.S02E17.2160p.60fps.WEB-DL.H265.10bit.AAC-GyWEB.mp4', 'X.W.N.W.2.2025.S02E16.2160p.60fps.WEB-DL.H265.10bit.AAC-GyWEB.mp4', 'X.W.N.W.2.2025.S02E15.2160p.60fps.WEB-DL.H265.10bit.AAC-GyWEB.mp4', 'X.W.N.W.2.2025.S02E14.2160p.60fps.WEB-DL.H265.10bit.AAC-GyWEB.mp4', 'X.W.N.W.2.2025.S02E13.2160p.60fps.WEB-DL.H265.10bit.AAC-GyWEB.mp4', 'X.W.N.W.2.2025.S02E12.2160p.60fps.WEB-DL.H265.10bit.AAC-GyWEB.mp4', 'X.W.N.W.2.2025.S02E11.2160p.60fps.WEB-DL.H265.10bit.AAC-GyWEB.mp4', 'X.W.N.W.2.2025.S02E10.2160p.60fps.WEB-DL.H265.10bit.AAC-GyWEB.mp4', 'X.W.N.W.2.2025.S02E09.2160p.60fps.WEB-DL.H265.10bit.AAC-GyWEB.mp4', 'X.W.N.W.2.2025.S02E08.2160p.60fps.WEB-DL.H265.10bit.AAC-GyWEB.mp4', 'X.W.N.W.2.2025.S02E07.2160p.60fps.WEB-DL.H265.10bit.AAC-GyWEB.mp4', 'X.W.N.W.2.2025.S02E06.2160p.60fps.WEB-DL.H265.10bit.AAC-GyWEB.mp4', 'X.W.N.W.2.2025.S02E05.2160p.60fps.WEB-DL.H265.10bit.AAC-GyWEB.mp4', 'X.W.N.W.2.2025.S02E04.2160p.60fps.WEB-DL.H265.10bit.AAC-GyWEB.mp4', 'X.W.N.W.2.2025.S02E03.2160p.60fps.WEB-DL.H265.10bit.AAC-GyWEB.mp4', 'X.W.N.W.2.2025.S02E02.2160p.60fps.WEB-DL.H265.10bit.AAC-GyWEB.mp4', 'X.W.N.W.2.2025.S02E01.2160p.60fps.WEB-DL.H265.10bit.AAC-GyWEB.mp4']
2025-11-21 13:15:24 [INFO] app.modules.filter.services.target_episode_filter_service:141 - 获取到目标剧集组合，来自链接：https://pan.baidu.com/s/1BJ8alZy-5bD9IaoIWPXppw?pwd=6666
2025-11-21 13:15:24 [INFO] app.modules.filter.flow:138 - 新闻女王2 | https://pan.baidu.com/s/1BJ8alZy-5bD9IaoIWPXppw?pwd=6666 跳过（更新至 20，比备选https://pan.baidu.com/s/16DhKxxMY51_SOWgdkw6z3Q?pwd=1111 | 20 更少）
2025-11-21 13:15:25 [INFO] app.modules.filter.services.regex_target_link_filter:50 - 匹配成功: link_title="新闻女王2 / 新闻女王 第二季 (2025) 4K HQ DV 60FPS 高码率 [SDR.60fps] [国粤双语] [更新20集]" movie_title_season="新闻女王2" pattern="^新闻女王2.*"
2025-11-21 13:15:25 [INFO] app.modules.filter.services.target_episode_filter_service:137 - 开始处理链接：--- 新闻女王2 / 新闻女王 第二季 (2025) 4K HQ DV 60FPS 高码率 [SDR.60fps] [国粤双语] [更新20集] https://pan.baidu.com/s/15y6XJHJ7OvJWtp66ezeefA?pwd=2kp3
2025-11-21 13:15:27 [INFO] app.modules.filter.services.target_episode_filter_service:128 - 最终选择 25 个文件来覆盖新剧集: ['S02E20.2160p.HQ.WEB-DL.DV.60fps.H.265.10bit.AAC.2Audios.mkv', 'S02E19.2160p.HQ.WEB-DL.DV.60fps.H.265.10bit.AAC.2Audios.mkv', 'S02E18.2160p.HQ.WEB-DL.DV.60fps.H.265.10bit.AAC.2Audios.mkv', 'S02E17.2160p.HQ.WEB-DL.DV.60fps.H.265.10bit.AAC.2Audios.mkv', 'S02E16.2160p.HQ.WEB-DL.DV.60fps.H.265.10bit.AAC.2Audios.mkv', 'S02E20.2025.2160p.60fps.WEB-DL.H.265.10bit.AAC.2Audios.mp4', 'S02E19.2025.2160p.60fps.WEB-DL.H.265.10bit.AAC.2Audios.mp4', 'S02E18.2025.2160p.60fps.WEB-DL.H.265.10bit.AAC.2Audios.mp4', 'S02E17.2025.2160p.60fps.WEB-DL.H.265.10bit.AAC.2Audios.mp4', 'S02E16.2025.2160p.60fps.WEB-DL.H.265.10bit.AAC.2Audios.mp4', 'S02E15.2025.2160p.60fps.WEB-DL.H.265.10bit.AAC.2Audios.mp4', 'S02E14.2025.2160p.60fps.WEB-DL.H.265.10bit.AAC.2Audios.mp4', 'S02E13.2025.2160p.60fps.WEB-DL.H.265.10bit.AAC.2Audios.mp4', 'S02E12.2025.2160p.60fps.WEB-DL.H.265.10bit.AAC.2Audios.mp4', 'S02E11.2025.2160p.60fps.WEB-DL.H.265.10bit.AAC.2Audios.mp4', 'S02E10.2025.2160p.60fps.WEB-DL.H.265.10bit.AAC.2Audios.mp4', 'S02E09.2025.2160p.60fps.WEB-DL.H.265.10bit.AAC.2Audios.mp4', 'S02E08.2025.2160p.60fps.WEB-DL.H.265.10bit.AAC.2Audios.mp4', 'S02E07.2025.2160p.60fps.WEB-DL.H.265.10bit.AAC.2Audios.mp4', 'S02E06.2025.2160p.60fps.WEB-DL.H.265.10bit.AAC.2Audios.mp4', 'S02E05.2025.2160p.60fps.WEB-DL.H.265.10bit.AAC.2Audios.mp4', 'S02E04.2025.2160p.60fps.WEB-DL.H.265.10bit.AAC.2Audios.mp4', 'S02E03.2025.2160p.60fps.WEB-DL.H.265.10bit.AAC.2Audios.mp4', 'S02E02.2025.2160p.60fps.WEB-DL.H.265.10bit.AAC.2Audios.mp4', 'S02E01.2025.2160p.60fps.WEB-DL.H.265.10bit.AAC.2Audios.mp4']
2025-11-21 13:15:27 [INFO] app.modules.filter.services.target_episode_filter_service:141 - 获取到目标剧集组合，来自链接：https://pan.baidu.com/s/15y6XJHJ7OvJWtp66ezeefA?pwd=2kp3
2025-11-21 13:15:27 [INFO] app.modules.filter.flow:138 - 新闻女王2 | https://pan.baidu.com/s/15y6XJHJ7OvJWtp66ezeefA?pwd=2kp3 跳过（更新至 20，比备选https://pan.baidu.com/s/16DhKxxMY51_SOWgdkw6z3Q?pwd=1111 | 20 更少）
2025-11-21 13:15:27 [INFO] app.modules.filter.flow:158 - 新闻女王2分享链接遍历完成，无可用分享链接
2025-11-21 13:15:27 [INFO] app.modules.storage_operations.services.save_episodes_to_cloud:44 - 未筛选到适合['mkv', 'mp4', 'avi', 'mov', 'm4v', 'wmv', 'flv', 'torrent', 'srt', 'ass', 'sub', 'mp3', 'aac', 'zip']的链接
2025-11-21 13:15:31 [INFO] app.modules.filter.services.regex_target_link_filter:50 - 匹配成功: link_title="勿扰飞升" movie_title_season="勿扰飞升" pattern="^勿扰飞升.*"
2025-11-21 13:15:31 [INFO] app.modules.filter.services.target_episode_filter_service:137 - 开始处理链接：--- 勿扰飞升 https://pan.quark.cn/s/c44537b7846d
2025-11-21 13:15:31 [INFO] app.modules.filter.services.target_episode_filter_service:128 - 最终选择 12 个文件来覆盖新剧集: ['12-4K.高码率.mkv', '11-4K.高码率.mkv', '10-4K.高码率.mkv', '09-4K.高码率.mkv', '08-4K.高码率.mkv', '07-4K.高码率.mkv', '06-4K.高码率.mkv', '05-4K.高码率.mkv', '04-4K.高码率.mkv', '03-4K.高码率.mkv', '02-4K.高码率.mkv', '01-4K.高码率.mkv']
2025-11-21 13:15:31 [INFO] app.modules.filter.services.target_episode_filter_service:141 - 获取到目标剧集组合，来自链接：https://pan.quark.cn/s/c44537b7846d
2025-11-21 13:15:31 [INFO] app.modules.filter.flow:128 - 勿扰飞升 | https://pan.quark.cn/s/c44537b7846d 作为备选（更新至 12/19）
2025-11-21 13:15:31 [INFO] app.modules.filter.services.regex_target_link_filter:50 - 匹配成功: link_title="勿扰飞升 4K[臻彩]" movie_title_season="勿扰飞升" pattern="^勿扰飞升.*"
2025-11-21 13:15:31 [INFO] app.modules.filter.services.target_episode_filter_service:137 - 开始处理链接：--- 勿扰飞升 4K[臻彩] https://pan.quark.cn/s/c95b84316aeb
2025-11-21 13:15:32 [INFO] app.modules.filter.services.regex_target_link_filter:50 - 匹配成功: link_title="勿扰飞升" movie_title_season="勿扰飞升" pattern="^勿扰飞升.*"
2025-11-21 13:15:32 [INFO] app.modules.filter.services.target_episode_filter_service:137 - 开始处理链接：--- 勿扰飞升 https://pan.quark.cn/s/ac810cf770ef
2025-11-21 13:15:32 [INFO] app.modules.filter.services.target_episode_filter_service:128 - 最终选择 32 个文件来覆盖新剧集: ['S01E16.2025.2160p.WEB-DL.H265.10bit.60fps.HIFI2.0.&AAC5.1.4Audios.mkv', 'S01E15.2025.2160p.WEB-DL.H265.10bit.60fps.HIFI2.0.&AAC5.1.4Audios.mkv', 'S01E14.2025.2160p.WEB-DL.H265.10bit.60fps.HIFI2.0.&AAC5.1.4Audios.mkv', 'S01E13.2025.2160p.WEB-DL.H265.10bit.60fps.HIFI2.0.&AAC5.1.4Audios.mkv', 'S01E12.2025.2160p.WEB-DL.H265.10bit.60fps.HIFI2.0.&AAC5.1.4Audios.mkv', 'S01E11.2025.2160p.WEB-DL.H265.10bit.60fps.HIFI2.0.&AAC5.1.4Audios.mkv', 'S01E10.2025.2160p.WEB-DL.H265.10bit.60fps.HIFI2.0.&AAC5.1.4Audios.mkv', 'S01E09.2025.2160p.WEB-DL.H265.10bit.60fps.HIFI2.0.&AAC5.1.4Audios.mkv', 'S01E08.2025.2160p.WEB-DL.H265.10bit.60fps.HIFI2.0.&AAC5.1.4Audios.mkv', 'S01E07.2025.2160p.WEB-DL.H265.10bit.60fps.HIFI2.0.&AAC5.1.4Audios.mkv', 'S01E06.2025.2160p.WEB-DL.H265.10bit.60fps.HIFI2.0.&AAC5.1.4Audios.mkv', 'S01E05.2025.2160p.WEB-DL.H265.10bit.60fps.HIFI2.0.&AAC5.1.4Audios.mkv', 'S01E04.2025.2160p.WEB-DL.H265.10bit.60fps.HIFI2.0.&AAC5.1.4Audios.mkv', 'S01E03.2025.2160p.WEB-DL.H265.10bit.60fps.HIFI2.0.&AAC5.1.4Audios.mkv', 'S01E02.2025.2160p.WEB-DL.H265.10bit.60fps.HIFI2.0.&AAC5.1.4Audios.mkv', 'S01E01.2025.2160p.WEB-DL.H265.10bit.60fps.HIFI2.0.&AAC5.1.4Audios.mkv', 'S01E16.2025.2160p.60fps.WEB-DL.H265.10bit.AAC.mp4', 'S01E15.2025.2160p.60fps.WEB-DL.H265.10bit.AAC.mp4', 'S01E14.2025.2160p.60fps.WEB-DL.H265.10bit.AAC.mp4', 'S01E13.2025.2160p.60fps.WEB-DL.H265.10bit.AAC.mp4', 'S01E12.2025.2160p.60fps.WEB-DL.H265.10bit.AAC.mp4', 'S01E11.2025.2160p.60fps.WEB-DL.H265.10bit.AAC.mp4', 'S01E10.2025.2160p.60fps.WEB-DL.H265.10bit.AAC.mp4', 'S01E09.2025.2160p.60fps.WEB-DL.H265.10bit.AAC.mp4', 'S01E08.2025.2160p.60fps.WEB-DL.H265.10bit.AAC.mp4', 'S01E07.2025.2160p.60fps.WEB-DL.H265.10bit.AAC.mp4', 'S01E06.2025.2160p.60fps.WEB-DL.H265.10bit.AAC.mp4', 'S01E05.2025.2160p.60fps.WEB-DL.H265.10bit.AAC.mp4', 'S01E04.2025.2160p.60fps.WEB-DL.H265.10bit.AAC.mp4', 'S01E03.2025.2160p.60fps.WEB-DL.H265.10bit.AAC.mp4', 'S01E02.2025.2160p.60fps.WEB-DL.H265.10bit.AAC.mp4', 'S01E01.2025.2160p.60fps.WEB-DL.H265.10bit.AAC.mp4']
2025-11-21 13:15:32 [INFO] app.modules.filter.services.target_episode_filter_service:141 - 获取到目标剧集组合，来自链接：https://pan.quark.cn/s/ac810cf770ef
2025-11-21 13:15:32 [INFO] app.modules.filter.flow:128 - 勿扰飞升 | https://pan.quark.cn/s/ac810cf770ef 作为备选（更新至 16/19）
2025-11-21 13:15:32 [INFO] app.modules.filter.services.regex_target_link_filter:50 - 匹配成功: link_title="勿扰飞升‎ (2025) 4K HDR 高码率 60帧 杜比音效&立体全景声 中文字幕【4.7GB/集】更14集.描述： 改编自月下蝶影小说《勿扰飞升》 一位在凡尘界备受冷遇的亡国公主箜篌，因机缘巧合意外进入修仙世界，开启全员宠女主模式，从师傅师兄到隔壁门派，整个修仙界都对女主宠爱有加，为了吃苦头，磨练心智，箜篌主动走出舒适圈，要求下山闯荡，偶遇了病弱男子桓宗一起升级打怪闯荡修仙界，没想到桓宗竟然就是自己一直痴迷的修仙话本的大大，也是传说中的修仙界天才，箜篌顺利把作者大大拐回了门派当女婿，两人也在一次次的历练中克服了心魔，突破修为，双双成为了一代宗师。." movie_title_season="勿扰飞升" pattern="^勿扰飞升.*"
2025-11-21 13:15:32 [INFO] app.modules.filter.services.target_episode_filter_service:137 - 开始处理链接：--- 勿扰飞升‎ (2025) 4K HDR 高码率 60帧 杜比音效&立体全景声 中文字幕【4.7GB/集】更14集.描述： 改编自月下蝶影小说《勿扰飞升》 一位在凡尘界备受冷遇的亡国公主箜篌，因机缘巧合意外进入修仙世界，开启全员宠女主模式，从师傅师兄到隔壁门派，整个修仙界都对女主宠爱有加，为了吃苦头，磨练心智，箜篌主动走出舒适圈，要求下山闯荡，偶遇了病弱男子桓宗一起升级打怪闯荡修仙界，没想到桓宗竟然就是自己一直痴迷的修仙话本的大大，也是传说中的修仙界天才，箜篌顺利把作者大大拐回了门派当女婿，两人也在一次次的历练中克服了心魔，突破修为，双双成为了一代宗师。. https://pan.quark.cn/s/8ea3b9618153
2025-11-21 13:15:33 [INFO] app.modules.filter.services.regex_target_link_filter:50 - 匹配成功: link_title="勿扰飞升（又名: Flying Without Disturb）【2025国剧】（主演: 李宏毅 / 陆婷玉 ）更新至 第16集 4K SDR 60帧 高码率 [杜比音效&HIFI声&立体环绕声]【单集4G,共72G】纯净版" movie_title_season="勿扰飞升" pattern="^勿扰飞升.*"
2025-11-21 13:15:33 [INFO] app.modules.filter.services.target_episode_filter_service:137 - 开始处理链接：--- 勿扰飞升（又名: Flying Without Disturb）【2025国剧】（主演: 李宏毅 / 陆婷玉 ）更新至 第16集 4K SDR 60帧 高码率 [杜比音效&HIFI声&立体环绕声]【单集4G,共72G】纯净版 https://pan.quark.cn/s/834cbec6d41b
2025-11-21 13:15:33 [INFO] app.modules.filter.services.target_episode_filter_service:128 - 最终选择 16 个文件来覆盖新剧集: ['S01E16.2025.2160p.WEB-DL.H265.10bit.60fps.HIFI2.0.&AAC5.1.4Audios.mkv', 'S01E15.2025.2160p.WEB-DL.H265.10bit.60fps.HIFI2.0.&AAC5.1.4Audios.mkv', 'S01E14.2025.2160p.WEB-DL.H265.10bit.60fps.HIFI2.0.&AAC5.1.4Audios.mkv', 'S01E13.2025.2160p.WEB-DL.H265.10bit.60fps.HIFI2.0.&AAC5.1.4Audios.mkv', 'S01E12.2025.2160p.WEB-DL.H265.10bit.60fps.HIFI2.0.&AAC5.1.4Audios.mkv', 'S01E11.2025.2160p.WEB-DL.H265.10bit.60fps.HIFI2.0.&AAC5.1.4Audios.mkv', 'S01E10.2025.2160p.WEB-DL.H265.10bit.60fps.HIFI2.0.&AAC5.1.4Audios.mkv', 'S01E09.2025.2160p.WEB-DL.H265.10bit.60fps.HIFI2.0.&AAC5.1.4Audios.mkv', 'S01E08.2025.2160p.WEB-DL.H265.10bit.60fps.HIFI2.0.&AAC5.1.4Audios.mkv', 'S01E07.2025.2160p.WEB-DL.H265.10bit.60fps.HIFI2.0.&AAC5.1.4Audios.mkv', 'S01E06.2025.2160p.WEB-DL.H265.10bit.60fps.HIFI2.0.&AAC5.1.4Audios.mkv', 'S01E05.2025.2160p.WEB-DL.H265.10bit.60fps.HIFI2.0.&AAC5.1.4Audios.mkv', 'S01E04.2025.2160p.WEB-DL.H265.10bit.60fps.HIFI2.0.&AAC5.1.4Audios.mkv', 'S01E03.2025.2160p.WEB-DL.H265.10bit.60fps.HIFI2.0.&AAC5.1.4Audios.mkv', 'S01E02.2025.2160p.WEB-DL.H265.10bit.60fps.HIFI2.0.&AAC5.1.4Audios.mkv', 'S01E01.2025.2160p.WEB-DL.H265.10bit.60fps.HIFI2.0.&AAC5.1.4Audios.mkv']
2025-11-21 13:15:33 [INFO] app.modules.filter.services.target_episode_filter_service:141 - 获取到目标剧集组合，来自链接：https://pan.quark.cn/s/834cbec6d41b
2025-11-21 13:15:33 [INFO] app.modules.filter.flow:138 - 勿扰飞升 | https://pan.quark.cn/s/834cbec6d41b 跳过（更新至 16，比备选https://pan.quark.cn/s/ac810cf770ef | 16 更少）
2025-11-21 13:15:33 [INFO] app.modules.filter.services.regex_target_link_filter:50 - 匹配成功: link_title="勿扰飞升 (2025) 4K 臻彩MAX [HDR.Vivid.60fps] [更新16集]描述：改编自月下蝶影小说《勿扰飞升》 一位在凡尘界备受冷遇的亡国公主箜篌，因机缘巧合意外进入修仙世界，开启全员宠女主模式，从师傅师兄到隔壁门派，整个修仙界都对女主宠爱有加，为了吃苦头，磨练心智，箜篌主动走出舒适圈，要求下山闯荡，偶遇了病弱男子桓宗一起升级打怪闯荡修仙界，没想到桓宗竟然就是自己一直痴迷的修仙话本的大大，也是传说中的修仙界天才，箜篌顺利把作者大大拐回了门派当女婿，两人也在一次次的历练中克服了心魔，突破修为，双双成为了一代宗师。夸克：" movie_title_season="勿扰飞升" pattern="^勿扰飞升.*"
2025-11-21 13:15:33 [INFO] app.modules.filter.services.target_episode_filter_service:137 - 开始处理链接：--- 勿扰飞升 (2025) 4K 臻彩MAX [HDR.Vivid.60fps] [更新16集]描述：改编自月下蝶影小说《勿扰飞升》 一位在凡尘界备受冷遇的亡国公主箜篌，因机缘巧合意外进入修仙世界，开启全员宠女主模式，从师傅师兄到隔壁门派，整个修仙界都对女主宠爱有加，为了吃苦头，磨练心智，箜篌主动走出舒适圈，要求下山闯荡，偶遇了病弱男子桓宗一起升级打怪闯荡修仙界，没想到桓宗竟然就是自己一直痴迷的修仙话本的大大，也是传说中的修仙界天才，箜篌顺利把作者大大拐回了门派当女婿，两人也在一次次的历练中克服了心魔，突破修为，双双成为了一代宗师。夸克： https://pan.quark.cn/s/14b05fefd4a8
2025-11-21 13:15:33 [INFO] app.modules.filter.services.target_episode_filter_service:128 - 最终选择 16 个文件来覆盖新剧集: ['S01E16.2025.2160p.60fps.WEB-DL.HDR.Vivid.H.265.10bit.AAC.mp4', 'S01E15.2025.2160p.60fps.WEB-DL.HDR.Vivid.H.265.10bit.AAC.mp4', 'S01E14.2025.2160p.60fps.WEB-DL.HDR.Vivid.H.265.10bit.AAC.mp4', 'S01E13.2025.2160p.60fps.WEB-DL.HDR.Vivid.H.265.10bit.AAC.mp4', 'S01E12.2025.2160p.60fps.WEB-DL.HDR.Vivid.H.265.10bit.AAC.mp4', 'S01E11.2025.2160p.60fps.WEB-DL.HDR.Vivid.H.265.10bit.AAC.mp4', 'S01E10.2025.2160p.60fps.WEB-DL.HDR.Vivid.H.265.10bit.AAC.mp4', 'S01E09.2025.2160p.60fps.WEB-DL.HDR.Vivid.H.265.10bit.AAC.mp4', 'S01E08.2025.2160p.60fps.WEB-DL.HDR.Vivid.H.265.10bit.AAC.mp4', 'S01E07.2025.2160p.60fps.WEB-DL.HDR.Vivid.H.265.10bit.AAC.mp4', 'S01E06.2025.2160p.60fps.WEB-DL.HDR.Vivid.H.265.10bit.AAC.mp4', 'S01E05.2025.2160p.60fps.WEB-DL.HDR.Vivid.H.265.10bit.AAC.mp4', 'S01E04.2025.2160p.60fps.WEB-DL.HDR.Vivid.H.265.10bit.AAC.mp4', 'S01E03.2025.2160p.60fps.WEB-DL.HDR.Vivid.H.265.10bit.AAC.mp4', 'S01E02.2025.2160p.60fps.WEB-DL.HDR.Vivid.H.265.10bit.AAC.mp4', 'S01E01.2025.2160p.60fps.WEB-DL.HDR.Vivid.H.265.10bit.AAC.mp4']
2025-11-21 13:15:33 [INFO] app.modules.filter.services.target_episode_filter_service:141 - 获取到目标剧集组合，来自链接：https://pan.quark.cn/s/14b05fefd4a8
2025-11-21 13:15:33 [INFO] app.modules.filter.flow:138 - 勿扰飞升 | https://pan.quark.cn/s/14b05fefd4a8 跳过（更新至 16，比备选https://pan.quark.cn/s/ac810cf770ef | 16 更少）
2025-11-21 13:15:33 [INFO] app.modules.filter.services.regex_target_link_filter:50 - 匹配成功: link_title="勿扰飞升(2025)【更16集】【4K.HDR】【高码率】【内嵌简中】描述：改编自月下蝶影小说《勿扰飞升》 一位在凡尘界备受冷遇的亡国公主箜篌，因机缘巧合意外进入修仙世界，开启全员宠女主模式，从师傅师兄到隔壁门派" movie_title_season="勿扰飞升" pattern="^勿扰飞升.*"
2025-11-21 13:15:33 [INFO] app.modules.filter.services.target_episode_filter_service:137 - 开始处理链接：--- 勿扰飞升(2025)【更16集】【4K.HDR】【高码率】【内嵌简中】描述：改编自月下蝶影小说《勿扰飞升》 一位在凡尘界备受冷遇的亡国公主箜篌，因机缘巧合意外进入修仙世界，开启全员宠女主模式，从师傅师兄到隔壁门派 https://pan.quark.cn/s/7628a2df4376
2025-11-21 13:15:34 [INFO] app.modules.filter.services.target_episode_filter_service:128 - 最终选择 17 个文件来覆盖新剧集: ['Flying Up Without Disturb S01E16 - 第 16 集 - 2160p WEB-DL HDR H265 AAC.mkv', 'Flying Up Without Disturb S01E15 - 第 15 集 - 2160p WEB-DL HDR H265 AAC.mkv', 'Flying Up Without Disturb S01E14 - 第 14 集 - 2160p WEB-DL HDR H265 AAC.mkv', 'Flying Up Without Disturb S01E13 - 第 13 集 - 2160p WEB-DL HDR H265 AAC.mkv', 'Flying Up Without Disturb S01E12 - 第 12 集 - 2160p WEB-DL HDR H265 AAC.mkv', 'Flying Up Without Disturb S01E11 - 第 11 集 - 2160p WEB-DL HDR H265 AAC.mkv', 'Flying Up Without Disturb S01E10 - 第 10 集 - 2160p WEB-DL HDR H265 AAC.mkv', 'Flying Up Without Disturb S01E09 - 第 9 集 - 2160p WEB-DL HDR H265 AAC.mkv', 'Flying Up Without Disturb S01E09 - 第 9 集 - 2160p WEB-DL H265 10bit AAC.mp4', 'Flying Up Without Disturb S01E08 - 第 8 集 - 2160p WEB-DL HDR H265 AAC.mkv', 'Flying Up Without Disturb S01E07 - 第 7 集 - 2160p WEB-DL HDR H265 AAC.mkv', 'Flying Up Without Disturb S01E06 - 第 6 集 - 2160p WEB-DL HDR H265 AAC.mkv', 'Flying Up Without Disturb S01E05 - 第 5 集 - 2160p WEB-DL HDR H265 AAC.mkv', 'Flying Up Without Disturb S01E04 - 第 4 集 - 2160p WEB-DL HDR H265 AAC.mkv', 'Flying Up Without Disturb S01E03 - 第 3 集 - 2160p WEB-DL HDR H265 AAC.mkv', 'Flying Up Without Disturb S01E02 - 第 2 集 - 2160p WEB-DL HDR H265 AAC.mkv', 'Flying Up Without Disturb S01E01 - 第 1 集 - 2160p WEB-DL HDR H265 AAC.mkv']
2025-11-21 13:15:34 [INFO] app.modules.filter.services.target_episode_filter_service:141 - 获取到目标剧集组合，来自链接：https://pan.quark.cn/s/7628a2df4376
2025-11-21 13:15:34 [INFO] app.modules.filter.flow:138 - 勿扰飞升 | https://pan.quark.cn/s/7628a2df4376 跳过（更新至 16，比备选https://pan.quark.cn/s/ac810cf770ef | 16 更少）
2025-11-21 13:15:34 [INFO] app.modules.filter.services.regex_target_link_filter:50 - 匹配成功: link_title="勿扰飞升（2025）【4K.HDR.60fps】【更12集】【剧情】【李宏毅/陆婷玉】描述：改编自月下蝶影小说《勿扰飞升》 一位在凡尘界备受冷遇的亡国公主箜篌，因机缘巧合意外进入修仙世界，开启全员宠女主模式，从师傅师兄到隔壁门派，整个修仙界都对女主宠爱有加，为了吃苦头，磨练心智，箜篌主动走出舒适圈，要求下山闯荡，偶遇了病弱男子桓宗一起升级打怪闯荡修仙界，没想到桓宗竟然就是自己一直痴迷的修仙话本的大大，也是传说中的修仙界天才，箜篌顺利把作者大大拐回了门派当女婿，两人也在一次次的历练中克服了心魔，突破修为，双双成为了一代宗师。" movie_title_season="勿扰飞升" pattern="^勿扰飞升.*"
2025-11-21 13:15:34 [INFO] app.modules.filter.services.target_episode_filter_service:137 - 开始处理链接：--- 勿扰飞升（2025）【4K.HDR.60fps】【更12集】【剧情】【李宏毅/陆婷玉】描述：改编自月下蝶影小说《勿扰飞升》 一位在凡尘界备受冷遇的亡国公主箜篌，因机缘巧合意外进入修仙世界，开启全员宠女主模式，从师傅师兄到隔壁门派，整个修仙界都对女主宠爱有加，为了吃苦头，磨练心智，箜篌主动走出舒适圈，要求下山闯荡，偶遇了病弱男子桓宗一起升级打怪闯荡修仙界，没想到桓宗竟然就是自己一直痴迷的修仙话本的大大，也是传说中的修仙界天才，箜篌顺利把作者大大拐回了门派当女婿，两人也在一次次的历练中克服了心魔，突破修为，双双成为了一代宗师。 https://pan.quark.cn/s/325a8a49d23e
2025-11-21 13:15:34 [INFO] app.modules.filter.services.regex_target_link_filter:50 - 匹配成功: link_title="勿扰飞升 (2025) 【4K.HDR】【60帧率】【国语中字】【李宏毅/陆婷玉】【古装/剧情】【更新14集】描述：　　改编自月下蝶影小说《勿扰飞升》一位在凡尘界备受冷遇的亡国公主箜篌，因机缘巧合意外进入修仙世界，开启全员宠女主模式，从师傅师兄到隔壁门派，整个修仙界都对女主宠爱有加，为了吃苦头，磨练心智，箜篌主动走出舒适圈，要求下山闯荡，偶遇了病弱男子桓宗一起升级打怪闯荡修仙界，没想到桓宗竟然就是自己一直痴迷的修仙话本的大大，也是传说中的修仙界天才，箜篌顺利把作者大大拐回了门派当女婿，两人也在一次次的历练中克服了心魔，突破修为，双双成为了一代宗" movie_title_season="勿扰飞升" pattern="^勿扰飞升.*"
2025-11-21 13:15:34 [INFO] app.modules.filter.services.target_episode_filter_service:137 - 开始处理链接：--- 勿扰飞升 (2025) 【4K.HDR】【60帧率】【国语中字】【李宏毅/陆婷玉】【古装/剧情】【更新14集】描述：　　改编自月下蝶影小说《勿扰飞升》一位在凡尘界备受冷遇的亡国公主箜篌，因机缘巧合意外进入修仙世界，开启全员宠女主模式，从师傅师兄到隔壁门派，整个修仙界都对女主宠爱有加，为了吃苦头，磨练心智，箜篌主动走出舒适圈，要求下山闯荡，偶遇了病弱男子桓宗一起升级打怪闯荡修仙界，没想到桓宗竟然就是自己一直痴迷的修仙话本的大大，也是传说中的修仙界天才，箜篌顺利把作者大大拐回了门派当女婿，两人也在一次次的历练中克服了心魔，突破修为，双双成为了一代宗 https://pan.quark.cn/s/ac4a79848ff9
2025-11-21 13:15:34 [INFO] app.modules.filter.services.target_episode_filter_service:128 - 最终选择 16 个文件来覆盖新剧集: ['S01E16.2025.2160p.60fps.WEB-DL.AAC5.1.HDR.Vivid.10bits.H.265.mp4', 'S01E15.2025.2160p.60fps.WEB-DL.AAC5.1.HDR.Vivid.10bits.H.265.mp4', 'S01E14.2025.2160p.60fps.WEB-DL.AAC5.1.HDR.Vivid.10bits.H.265.mp4', 'S01E13.2025.2160p.60fps.WEB-DL.AAC5.1.HDR.Vivid.10bits.H.265.mp4', 'S01E12.2025.2160p.60fps.WEB-DL.AAC5.1.HDR.Vivid.10bits.H.265.mp4', 'S01E11.2025.2160p.60fps.WEB-DL.AAC5.1.HDR.Vivid.10bits.H.265.mp4', 'S01E10.2025.2160p.60fps.WEB-DL.AAC5.1.HDR.Vivid.10bits.H.265.mp4', 'S01E09.2025.2160p.60fps.WEB-DL.AAC5.1.HDR.Vivid.10bits.H.265.mp4', 'S01E08.2025.2160p.60fps.WEB-DL.AAC5.1.HDR.Vivid.10bits.H.265.mp4', 'S01E07.2025.2160p.60fps.WEB-DL.AAC5.1.HDR.Vivid.10bits.H.265.mp4', 'S01E06.2025.2160p.60fps.WEB-DL.AAC5.1.HDR.Vivid.10bits.H.265.mp4', 'S01E05.2025.2160p.60fps.WEB-DL.AAC5.1.HDR.Vivid.10bits.H.265.mp4', 'S01E04.2025.2160p.60fps.WEB-DL.AAC5.1.HDR.Vivid.10bits.H.265.mp4', 'S01E03.2025.2160p.60fps.WEB-DL.AAC5.1.HDR.Vivid.10bits.H.265.mp4', 'S01E02.2025.2160p.60fps.WEB-DL.AAC5.1.HDR.Vivid.10bits.H.265.mp4', 'S01E01.2025.2160p.60fps.WEB-DL.AAC5.1.HDR.Vivid.10bits.H.265.mp4']
2025-11-21 13:15:34 [INFO] app.modules.filter.services.target_episode_filter_service:141 - 获取到目标剧集组合，来自链接：https://pan.quark.cn/s/ac4a79848ff9
2025-11-21 13:15:34 [INFO] app.modules.filter.flow:138 - 勿扰飞升 | https://pan.quark.cn/s/ac4a79848ff9 跳过（更新至 16，比备选https://pan.quark.cn/s/ac810cf770ef | 16 更少）
2025-11-21 13:15:34 [INFO] app.modules.filter.services.regex_target_link_filter:50 - 匹配成功: link_title="勿扰飞升 2025 4K HDR 60FPS 更新至16集描述： 一位在凡尘界备受冷遇的亡国公主箜篌，因机缘巧合意外进入修仙世界，为磨练心智，主动下山闯荡，偶遇了病弱男子桓宗一起升级打怪闯荡修仙界并发展出深厚的感情的故事。夸克：" movie_title_season="勿扰飞升" pattern="^勿扰飞升.*"
2025-11-21 13:15:34 [INFO] app.modules.filter.services.target_episode_filter_service:137 - 开始处理链接：--- 勿扰飞升 2025 4K HDR 60FPS 更新至16集描述： 一位在凡尘界备受冷遇的亡国公主箜篌，因机缘巧合意外进入修仙世界，为磨练心智，主动下山闯荡，偶遇了病弱男子桓宗一起升级打怪闯荡修仙界并发展出深厚的感情的故事。夸克： https://pan.quark.cn/s/2871616277d7
2025-11-21 13:15:35 [INFO] app.modules.filter.services.target_episode_filter_service:128 - 最终选择 16 个文件来覆盖新剧集: ['S01E16.mkv', 'S01E15.mkv', 'S01E14.mkv', 'S01E13.mkv', 'S01E12.mp4', 'S01E11.mp4', 'S01E10.mp4', 'S01E09.mp4', 'S01E08.mp4', 'S01E07.mp4', 'S01E06.mkv', 'S01E05.mkv', 'S01E04.mkv', 'S01E03.mkv', 'S01E02.mkv', 'S01E01.mkv']
2025-11-21 13:15:35 [INFO] app.modules.filter.services.target_episode_filter_service:141 - 获取到目标剧集组合，来自链接：https://pan.quark.cn/s/2871616277d7
2025-11-21 13:15:35 [INFO] app.modules.filter.flow:138 - 勿扰飞升 | https://pan.quark.cn/s/2871616277d7 跳过（更新至 16，比备选https://pan.quark.cn/s/ac810cf770ef | 16 更少）
2025-11-21 13:15:35 [INFO] app.modules.filter.flow:158 - 勿扰飞升分享链接遍历完成，无可用分享链接
2025-11-21 13:15:35 [INFO] app.modules.storage_operations.services.save_episodes_to_cloud:44 - 未筛选到适合['mkv', 'mp4', 'avi', 'mov', 'm4v', 'wmv', 'flv', 'torrent', 'srt', 'ass', 'sub', 'mp3', 'aac', 'zip']的链接
2025-11-21 13:15:35 [INFO] app.modules.storage_operations.services.save_episodes_to_cloud:44 - 未筛选到适合['mkv', 'mp4', 'avi', 'mov', 'm4v', 'wmv', 'flv', 'torrent', 'srt', 'ass', 'sub', 'mp3', 'aac', 'zip']的链接
2025-11-21 13:15:51 [INFO] telethon.client.updates:443 - Got difference for channel 1617621330 updates
2025-11-21 13:15:52 [INFO] telethon.client.updates:443 - Got difference for channel 2209378593 updates
2025-11-21 13:16:21 [INFO] telethon.client.updates:443 - Got difference for channel 2600169516 updates
2025-11-21 13:17:21 [INFO] telethon.client.updates:443 - Got difference for channel 1401724496 updates
2025-11-21 13:17:21 [INFO] telethon.client.updates:443 - Got difference for channel 2209378593 updates
2025-11-21 13:17:21 [INFO] telethon.client.updates:443 - Got difference for channel 1780401093 updates
2025-11-21 13:17:22 [INFO] telethon.client.updates:443 - Got difference for channel 1617621330 updates
2025-11-21 13:17:22 [INFO] telethon.client.updates:443 - Got difference for channel 1561455638 updates
2025-11-21 13:17:22 [INFO] telethon.client.updates:443 - Got difference for channel 1084638970 updates
2025-11-21 13:17:22 [INFO] telethon.client.updates:443 - Got difference for channel 2269063013 updates
2025-11-21 13:18:21 [INFO] telethon.client.updates:443 - Got difference for channel 1401724496 updates
2025-11-21 13:18:21 [INFO] telethon.client.updates:443 - Got difference for channel 1084638970 updates
2025-11-21 13:18:21 [INFO] telethon.client.updates:443 - Got difference for channel 1780401093 updates
2025-11-21 13:18:22 [INFO] telethon.client.updates:443 - Got difference for channel 1688099294 updates
2025-11-21 13:18:22 [INFO] telethon.client.updates:443 - Got difference for channel 2209378593 updates
2025-11-21 13:18:22 [INFO] telethon.client.updates:443 - Got difference for channel 2016939647 updates
2025-11-21 13:19:21 [INFO] telethon.client.updates:443 - Got difference for channel 1401724496 updates
2025-11-21 13:19:21 [INFO] telethon.client.updates:443 - Got difference for channel 2209378593 updates
2025-11-21 13:19:21 [INFO] telethon.client.updates:443 - Got difference for channel 2073046329 updates
2025-11-21 13:19:22 [INFO] telethon.client.updates:443 - Got difference for channel 1780401093 updates
2025-11-21 13:19:22 [INFO] telethon.client.updates:443 - Got difference for channel 1580372425 updates
2025-11-21 13:19:22 [INFO] telethon.client.updates:443 - Got difference for channel 1084638970 updates
2025-11-21 13:19:22 [INFO] telethon.client.updates:443 - Got difference for channel 2158983339 updates
2025-11-21 13:19:23 [INFO] telethon.client.updates:443 - Got difference for channel 1280467440 updates
2025-11-21 13:20:00 [INFO] app.core.scheduler:480 - Dispatching scheduled job f8e4963f2a92414589a557957998c0a7 -> 将所有网盘已更新到最新进度的movie推送到平台
2025-11-21 13:20:00 [INFO] app.core.scheduler:506 - Scheduled job f8e4963f2a92414589a557957998c0a7 dispatched to task_manager
2025-11-21 13:20:00 [INFO] root:162 - [task 917d8f3f2320424fad9038dee55b4f23] log handler attached for capture
2025-11-21 13:20:00 [INFO] app.flow.sync_new_movie_flow:327 - 将['赴山海', '欢乐家长群2', '暴风圈', '照镜辞', '漫威丧尸', '弥留之国的爱丽丝 第三季', '行骗天下KR', '健力士王朝', '犯罪现场 Zero', '科斯缇娜酒店', '入青云', '回魂计', '水龙吟', '锦月令', '棕眼之谜', '三人行', '黑盒子', '大厨小婿']发布至平台
2025-11-21 13:20:21 [INFO] telethon.client.updates:443 - Got difference for channel 1617621330 updates
2025-11-21 13:20:21 [INFO] telethon.client.updates:443 - Got difference for channel 2209378593 updates
2025-11-21 13:20:21 [INFO] telethon.client.updates:443 - Got difference for channel 1938447671 updates
2025-11-21 13:20:22 [INFO] telethon.client.updates:443 - Got difference for channel 1780401093 updates
2025-11-21 13:21:21 [INFO] telethon.client.updates:443 - Got difference for channel 1688099294 updates
2025-11-21 13:21:21 [INFO] telethon.client.updates:443 - Got difference for channel 2209378593 updates
2025-11-21 13:21:21 [INFO] telethon.client.updates:443 - Got difference for channel 2269063013 updates
2025-11-21 13:21:22 [INFO] telethon.client.updates:443 - Got difference for channel 1084638970 updates
2025-11-21 13:21:22 [INFO] telethon.client.updates:443 - Got difference for channel 1280467440 updates
2025-11-21 13:21:22 [INFO] telethon.client.updates:443 - Got difference for channel 2193554291 updates
2025-11-21 13:22:19 [INFO] telethon.client.updates:344 - Got difference for account updates
2025-11-21 13:22:19 [INFO] telethon.client.updates:443 - Got difference for channel 1290825027 updates
2025-11-21 13:22:19 [INFO] telethon.client.updates:443 - Got difference for channel 1780401093 updates
2025-11-21 13:22:20 [INFO] telethon.client.updates:443 - Got difference for channel 1401724496 updates
2025-11-21 13:22:20 [INFO] telethon.client.updates:443 - Got difference for channel 2014194320 updates
2025-11-21 13:22:20 [INFO] telethon.client.updates:443 - Got difference for channel 1730305106 updates
2025-11-21 13:22:20 [INFO] telethon.client.updates:443 - Got difference for channel 1617621330 updates
2025-11-21 13:22:21 [INFO] telethon.client.updates:443 - Got difference for channel 1084638970 updates
2025-11-21 13:22:21 [INFO] telethon.client.updates:443 - Got difference for channel 2209378593 updates
2025-11-21 13:22:21 [INFO] telethon.client.updates:443 - Got difference for channel 1831403495 updates
2025-11-21 13:22:21 [INFO] telethon.client.updates:443 - Got difference for channel 1642618802 updates
2025-11-21 13:22:22 [INFO] telethon.client.updates:443 - Got difference for channel 2193554291 updates
2025-11-21 13:22:22 [INFO] telethon.client.updates:443 - Got difference for channel 1280467440 updates
2025-11-21 13:22:22 [INFO] telethon.client.updates:443 - Got difference for channel 1657667314 updates
2025-11-21 13:22:23 [INFO] telethon.client.updates:443 - Got difference for channel 2073046329 updates
2025-11-21 13:22:23 [INFO] telethon.client.updates:443 - Got difference for channel 1580372425 updates
2025-11-21 13:22:24 [INFO] telethon.client.updates:443 - Got difference for channel 2016939647 updates
2025-11-21 13:23:21 [INFO] telethon.client.updates:443 - Got difference for channel 2209378593 updates
2025-11-21 13:23:22 [INFO] telethon.client.updates:443 - Got difference for channel 1084638970 updates
2025-11-21 13:23:22 [INFO] telethon.client.updates:443 - Got difference for channel 1739110235 updates
2025-11-21 13:23:22 [INFO] telethon.client.updates:443 - Got difference for channel 2600169516 updates
2025-11-21 13:24:21 [INFO] telethon.client.updates:443 - Got difference for channel 1617621330 updates
2025-11-21 13:24:21 [INFO] telethon.client.updates:443 - Got difference for channel 1780401093 updates
2025-11-21 13:24:22 [INFO] telethon.client.updates:443 - Got difference for channel 1688099294 updates
2025-11-21 13:24:22 [INFO] telethon.client.updates:443 - Got difference for channel 2209378593 updates
2025-11-21 13:24:22 [INFO] telethon.client.updates:443 - Got difference for channel 2158983339 updates
2025-11-21 13:24:22 [INFO] telethon.client.updates:443 - Got difference for channel 1280467440 updates
2025-11-21 13:24:23 [INFO] telethon.client.updates:443 - Got difference for channel 2016939647 updates
2025-11-21 13:25:00 [INFO] app.core.scheduler:480 - Dispatching scheduled job f8e4963f2a92414589a557957998c0a7 -> 将所有网盘已更新到最新进度的movie推送到平台
2025-11-21 13:25:00 [INFO] app.core.scheduler:506 - Scheduled job f8e4963f2a92414589a557957998c0a7 dispatched to task_manager
2025-11-21 13:25:00 [INFO] root:162 - [task 2d8e3c2f001e46d4a6d07345e9f972ff] log handler attached for capture
2025-11-21 13:25:00 [INFO] app.flow.sync_new_movie_flow:327 - 将['赴山海', '欢乐家长群2', '暴风圈', '照镜辞', '漫威丧尸', '弥留之国的爱丽丝 第三季', '行骗天下KR', '健力士王朝', '犯罪现场 Zero', '科斯缇娜酒店', '入青云', '回魂计', '水龙吟', '锦月令', '棕眼之谜', '三人行', '黑盒子', '大厨小婿']发布至平台
2025-11-21 13:25:21 [INFO] telethon.client.updates:443 - Got difference for channel 2209378593 updates
2025-11-21 13:25:21 [INFO] telethon.client.updates:443 - Got difference for channel 1580372425 updates
2025-11-21 13:25:59 [INFO] telethon.client.updates:443 - Got difference for channel 2269063013 updates
2025-11-21 13:26:21 [INFO] telethon.client.updates:443 - Got difference for channel 2193554291 updates
2025-11-21 13:27:21 [INFO] telethon.client.updates:443 - Got difference for channel 2600169516 updates
2025-11-21 13:27:21 [INFO] telethon.client.updates:443 - Got difference for channel 1780401093 updates
2025-11-21 13:27:22 [INFO] telethon.client.updates:443 - Got difference for channel 1617621330 updates
2025-11-21 13:27:22 [INFO] telethon.client.updates:443 - Got difference for channel 1688099294 updates
2025-11-21 13:28:04 [INFO] telethon.client.updates:443 - Got difference for channel 1280467440 updates
2025-11-21 13:28:21 [INFO] telethon.client.updates:443 - Got difference for channel 2193554291 updates
2025-11-21 13:29:21 [INFO] telethon.client.updates:443 - Got difference for channel 1401724496 updates
2025-11-21 13:29:22 [INFO] telethon.client.updates:443 - Got difference for channel 2209378593 updates
2025-11-21 13:29:22 [INFO] telethon.client.updates:443 - Got difference for channel 2014194320 updates
2025-11-21 13:29:22 [INFO] telethon.client.updates:443 - Got difference for channel 1669747816 updates
2025-11-21 13:30:00 [INFO] app.core.scheduler:480 - Dispatching scheduled job 6f853106834c42dbb500a627c0aa1bbc -> 同步今日可更新影视资源到网盘
2025-11-21 13:30:00 [INFO] app.core.scheduler:506 - Scheduled job 6f853106834c42dbb500a627c0aa1bbc dispatched to task_manager
2025-11-21 13:30:00 [INFO] app.core.scheduler:480 - Dispatching scheduled job f8e4963f2a92414589a557957998c0a7 -> 将所有网盘已更新到最新进度的movie推送到平台
2025-11-21 13:30:00 [INFO] app.core.scheduler:506 - Scheduled job f8e4963f2a92414589a557957998c0a7 dispatched to task_manager
2025-11-21 13:30:00 [INFO] root:162 - [task 589c9a41ef144e13bc9ede7863506dd1] log handler attached for capture
2025-11-21 13:30:00 [INFO] root:162 - [task 041d6719756d4d8788da2a4bb63dc5fc] log handler attached for capture
2025-11-21 13:30:00 [INFO] app.flow.sync_new_movie_flow:181 - 今日已到更新时间点的movie:['新闻女王2', '勿扰飞升']
2025-11-21 13:30:00 [WARNING] app.flow.sync_new_movie_flow:186 - 这些movie由于tmdb_info为空无法同步：[]
2025-11-21 13:30:00 [INFO] app.flow.sync_new_movie_flow:327 - 将['赴山海', '欢乐家长群2', '暴风圈', '照镜辞', '漫威丧尸', '弥留之国的爱丽丝 第三季', '行骗天下KR', '健力士王朝', '犯罪现场 Zero', '科斯缇娜酒店', '入青云', '回魂计', '水龙吟', '锦月令', '棕眼之谜', '三人行', '黑盒子', '大厨小婿']发布至平台
2025-11-21 13:30:04 [INFO] app.modules.filter.services.regex_target_link_filter:50 - 匹配成功: link_title="新闻女王2国语版" movie_title_season="新闻女王2" pattern="^新闻女王2.*"
2025-11-21 13:30:04 [INFO] app.modules.filter.services.target_episode_filter_service:137 - 开始处理链接：--- 新闻女王2国语版 https://pan.quark.cn/s/6ceeb5cc2bf5
2025-11-21 13:30:04 [INFO] app.modules.filter.services.target_episode_filter_service:128 - 最终选择 18 个文件来覆盖新剧集: ['20 4K.mkv', '19 4K.mkv', '17 4K.mkv', '16 4K.mkv', '15 4K.mkv', '14 4K【国粤双语】.mkv', '12 4K.mkv', '11 4K.mp4', '10 4K【国粤双语】.mkv', '09 4K【国粤双语】.mkv', '08 4K.mkv', '07 4K.mkv', '06 4K.mkv', '05 4K.mkv', '04 4K.mp4', '03 4K.mkv', '02 4K.mkv', '01 4K.mkv']
2025-11-21 13:30:04 [INFO] app.modules.filter.services.target_episode_filter_service:141 - 获取到目标剧集组合，来自链接：https://pan.quark.cn/s/6ceeb5cc2bf5
2025-11-21 13:30:04 [INFO] app.modules.filter.flow:128 - 新闻女王2 | https://pan.quark.cn/s/6ceeb5cc2bf5 作为备选（更新至 20/21）
2025-11-21 13:30:04 [INFO] app.modules.filter.services.regex_target_link_filter:50 - 匹配成功: link_title="新闻女王2国语" movie_title_season="新闻女王2" pattern="^新闻女王2.*"
2025-11-21 13:30:04 [INFO] app.modules.filter.services.target_episode_filter_service:137 - 开始处理链接：--- 新闻女王2国语 https://pan.quark.cn/s/f7b29837da99
2025-11-21 13:30:05 [INFO] app.modules.filter.services.target_episode_filter_service:128 - 最终选择 46 个文件来覆盖新剧集: ['The.Queen.of.NEWS.S01E26.2023.2160p.WEB-DL.H265.AAC-DDHDTV.mkv', 'The.Queen.of.NEWS.S01E25.2023.2160p.WEB-DL.H265.AAC-DDHDTV.mkv', 'The.Queen.of.NEWS.S01E24.2023.2160p.WEB-DL.H265.AAC-DDHDTV.mkv', 'The.Queen.of.NEWS.S01E23.2023.2160p.WEB-DL.H265.AAC-DDHDTV.mkv', 'The.Queen.of.NEWS.S01E22.2023.2160p.WEB-DL.H265.AAC-DDHDTV.mkv', 'The.Queen.of.NEWS.S01E21.2023.2160p.WEB-DL.H265.AAC-DDHDTV.mkv', 'The.Queen.of.NEWS.S01E20.2023.2160p.WEB-DL.H265.AAC-DDHDTV.mkv', 'The.Queen.of.NEWS.S01E19.2023.2160p.WEB-DL.H265.AAC-DDHDTV.mkv', 'The.Queen.of.NEWS.S01E18.2023.2160p.WEB-DL.H265.AAC-DDHDTV.mkv', 'The.Queen.of.NEWS.S01E17.2023.2160p.WEB-DL.H265.AAC-DDHDTV.mkv', 'The.Queen.of.NEWS.S01E16.2023.2160p.WEB-DL.H265.AAC-DDHDTV.mkv', 'The.Queen.of.NEWS.S01E15.2023.2160p.WEB-DL.H265.AAC-DDHDTV.mkv', 'The.Queen.of.NEWS.S01E14.2023.2160p.WEB-DL.H265.AAC-DDHDTV.mkv', 'The.Queen.of.NEWS.S01E13.2023.2160p.WEB-DL.H265.AAC-DDHDTV.mkv', 'The.Queen.of.NEWS.S01E12.2023.2160p.WEB-DL.H265.AAC-DDHDTV.mkv', 'The.Queen.of.NEWS.S01E11.2023.2160p.WEB-DL.H265.AAC-DDHDTV.mkv', 'The.Queen.of.NEWS.S01E10.2023.2160p.WEB-DL.H265.AAC-DDHDTV.mkv', 'The.Queen.of.NEWS.S01E09.2023.2160p.WEB-DL.H265.AAC-DDHDTV.mkv', 'The.Queen.of.NEWS.S01E08.2023.2160p.WEB-DL.H265.AAC-DDHDTV.mkv', 'The.Queen.of.NEWS.S01E07.2023.2160p.WEB-DL.H265.AAC-DDHDTV.mkv', 'The.Queen.of.NEWS.S01E06.2023.2160p.WEB-DL.H265.AAC-DDHDTV.mkv', 'The.Queen.of.NEWS.S01E05.2023.2160p.WEB-DL.H265.AAC-DDHDTV.mkv', 'The.Queen.of.NEWS.S01E04.2023.2160p.WEB-DL.H265.AAC-DDHDTV.mkv', 'The.Queen.of.NEWS.S01E03.2023.2160p.WEB-DL.H265.AAC-DDHDTV.mkv', 'The.Queen.of.NEWS.S01E02.2023.2160p.WEB-DL.H265.AAC-DDHDTV.mkv', 'The.Queen.of.NEWS.S01E01.2023.2160p.WEB-DL.H265.AAC-DDHDTV.mkv', 'S01E20.2025.2160p.60fps.WEB-DL.H265.AAC.2Audios.mkv', 'S01E19.2025.2160p.60fps.WEB-DL.H265.AAC.2Audios.mkv', 'S01E18.2025.2160p.60fps.WEB-DL.H265.AAC.2Audios.mkv', 'S01E17.2025.2160p.60fps.WEB-DL.H265.AAC.2Audios.mkv', 'S01E16.2025.2160p.60fps.WEB-DL.H265.AAC.2Audios.mkv', 'S01E15.2025.2160p.60fps.WEB-DL.H265.AAC.2Audios.mkv', 'S01E14.2025.2160p.60fps.WEB-DL.H265.AAC.2Audios.mkv', 'S01E13.2025.2160p.60fps.WEB-DL.H265.AAC.2Audios.mkv', 'S01E12.2025.2160p.60fps.WEB-DL.H265.AAC.2Audios.mkv', 'S01E11.2025.2160p.60fps.WEB-DL.H265.AAC.2Audios.mkv', 'S01E10.2025.2160p.60fps.WEB-DL.H265.AAC.2Audios.mkv', 'S01E09.2025.2160p.60fps.WEB-DL.H265.AAC.2Audios.mkv', 'S01E08.2025.2160p.60fps.WEB-DL.H265.AAC.2Audios.mkv', 'S01E07.2025.2160p.60fps.WEB-DL.H265.AAC.2Audios.mkv', 'S01E06.2025.2160p.60fps.WEB-DL.H265.AAC.2Audios.mkv', 'S01E05.2025.2160p.60fps.WEB-DL.H265.AAC.2Audios.mkv', 'S01E04.2025.2160p.60fps.WEB-DL.H265.AAC.2Audios.mkv', 'S01E03.2025.2160p.60fps.WEB-DL.H265.AAC.2Audios.mkv', 'S01E02.2025.2160p.60fps.WEB-DL.H265.AAC.2Audios.mkv', 'S01E01.2025.2160p.60fps.WEB-DL.H265.AAC.2Audios.mkv']
2025-11-21 13:30:05 [INFO] app.modules.filter.services.target_episode_filter_service:141 - 获取到目标剧集组合，来自链接：https://pan.quark.cn/s/f7b29837da99
2025-11-21 13:30:05 [INFO] app.modules.filter.flow:138 - 新闻女王2 | https://pan.quark.cn/s/f7b29837da99 跳过（更新至 20，比备选https://pan.quark.cn/s/6ceeb5cc2bf5 | 20 更少）
2025-11-21 13:30:05 [INFO] app.modules.filter.services.regex_target_link_filter:50 - 匹配成功: link_title="新闻女王2 4K[臻彩]" movie_title_season="新闻女王2" pattern="^新闻女王2.*"
2025-11-21 13:30:05 [INFO] app.modules.filter.services.target_episode_filter_service:137 - 开始处理链接：--- 新闻女王2 4K[臻彩] https://pan.quark.cn/s/b72f6131127c
2025-11-21 13:30:05 [INFO] app.modules.filter.services.regex_target_link_filter:50 - 匹配成功: link_title="新闻女王2国语版" movie_title_season="新闻女王2" pattern="^新闻女王2.*"
2025-11-21 13:30:05 [INFO] app.modules.filter.services.target_episode_filter_service:137 - 开始处理链接：--- 新闻女王2国语版 https://pan.baidu.com/s/1cHrCu7Z7J_KyihwpUCENRg?pwd=8888
2025-11-21 13:30:05 [INFO] app.modules.filter.services.regex_target_link_filter:50 - 匹配成功: link_title="新闻女王/新闻女王2(2025)【更20集】【4K.普码】【国粤双语】【内嵌简中】【附第一季】描述：半年间，SNK剧变，总监余英飞离职、门外汉古肇华空降。张家妍虽掌权却难服众。刘艳的公开平台崛起，动摇传统媒体地位，连已入官场的许诗晴亦被卷入新旧媒体的角力。文慧心于此时复出，昭告世人：新闻女王的地位永远不可撼动！" movie_title_season="新闻女王2" pattern=".*新闻女王2[(（]20\d{2}[）)]"
2025-11-21 13:30:05 [INFO] app.modules.filter.services.target_episode_filter_service:137 - 开始处理链接：--- 新闻女王/新闻女王2(2025)【更20集】【4K.普码】【国粤双语】【内嵌简中】【附第一季】描述：半年间，SNK剧变，总监余英飞离职、门外汉古肇华空降。张家妍虽掌权却难服众。刘艳的公开平台崛起，动摇传统媒体地位，连已入官场的许诗晴亦被卷入新旧媒体的角力。文慧心于此时复出，昭告世人：新闻女王的地位永远不可撼动！ https://pan.quark.cn/s/e13c88c7a09c
2025-11-21 13:30:06 [INFO] app.modules.filter.services.target_episode_filter_service:128 - 最终选择 12 个文件来覆盖新剧集: ['06.4k.粤语.mp4', '05.4k.粤语.mp4', '04.4k.粤语.mp4', '03.4k.粤语.mp4', '02.4k.粤语.mp4', '01.4k.粤语.mp4', '06.4k.国语.mp4', '05.4k.国语..mp4', '04.4k.国语.mp4', '03.4k.国语.mp4', '02.4k.国语.mp4', '01.4k.国语.mp4']
2025-11-21 13:30:06 [INFO] app.modules.filter.services.target_episode_filter_service:141 - 获取到目标剧集组合，来自链接：https://pan.baidu.com/s/1cHrCu7Z7J_KyihwpUCENRg?pwd=8888
2025-11-21 13:30:06 [INFO] app.modules.filter.flow:128 - 新闻女王2 | https://pan.baidu.com/s/1cHrCu7Z7J_KyihwpUCENRg?pwd=8888 作为备选（更新至 6/21）
2025-11-21 13:30:06 [INFO] app.modules.filter.services.target_episode_filter_service:128 - 最终选择 48 个文件来覆盖新剧集: ['The QUEEN of News S02E20 - 第 20 集 - 2160p WEB-DL H265 AAC 2Audio.mkv', 'The QUEEN of News S02E19 - 第 19 集 - 2160p WEB-DL H265 AAC 2Audio.mkv', 'The QUEEN of News S02E18 - 第 18 集 - 2160p WEB-DL H265 AAC 2Audio.mkv', 'The QUEEN of News S02E17 - 第 17 集 - 2160p WEB-DL H265 AAC 2Audio.mkv', 'The QUEEN of News S02E16 - 第 16 集 - 2160p WEB-DL H265 AAC 2Audio.mkv', 'The QUEEN of News S02E15 - 第 15 集 - 2160p WEB-DL H265 AAC 2Audio.mkv', 'The QUEEN of News S02E14 - 第 14 集 - 2160p WEB-DL H265 AAC 2Audio.mkv', 'The QUEEN of News S02E13 - 第 13 集 - 2160p WEB-DL H265 AAC 2Audio.mkv', 'The QUEEN of News S02E12 - 第 12 集 - 2160p WEB-DL H265 AAC 2Audio.mkv', 'The QUEEN of News S02E11 - 第 11 集 - 2160p WEB-DL H265 AAC 2Audio.mkv', 'The QUEEN of News S02E10 - 第 10 集 - 2160p WEB-DL H265 AAC 2Audio.mkv', 'The QUEEN of News S02E09 - 第 9 集 - 2160p WEB-DL H265 AAC 2Audio.mkv', 'The QUEEN of News S02E08 - 第 8 集 - 2160p WEB-DL H265 AAC 2Audio.mkv', 'The QUEEN of News S02E07 - 第 7 集 - 2160p WEB-DL H265 AAC 2Audio.mkv', 'The QUEEN of News S02E06 - 第 6 集 - 2160p WEB-DL H265 AAC 2Audio.mkv', 'The QUEEN of News S02E05 - 第 5 集 - 2160p WEB-DL H265 AAC 2Audio.mkv', 'The QUEEN of News S02E04 - 第 4 集 - 2160p WEB-DL H265 AAC 2Audio.mkv', 'The QUEEN of News S02E03 - 第 3 集 - 2160p WEB-DL H265 AAC 2Audio.mkv', 'The QUEEN of News S02E02 - 第 2 集 - 2160p WEB-DL H265 AAC 2Audio.mkv', 'The QUEEN of News S02E01 - 第 1 集 - 2160p WEB-DL H265 AAC 2Audio.mkv', 'The QUEEN of News S01E26 - 第 26 集 - 2160p WEB-DL HQ H265 10bit AAC.mp4', 'The QUEEN of News S01E25 - 第 25 集 - 2160p WEB-DL HQ H265 10bit AAC.mp4', 'The QUEEN of News S01E24 - 第 24 集 - 2160p WEB-DL HQ H265 10bit AAC.mp4', 'The QUEEN of News S01E23 - 第 23 集 - 2160p WEB-DL HQ H265 10bit AAC.mp4', 'The QUEEN of News S01E22 - 第 22 集 - 2160p WEB-DL HQ H265 10bit AAC.mp4', 'The QUEEN of News S01E21 - 第 21 集 - 2160p WEB-DL HQ H265 10bit AAC.mp4', 'The QUEEN of News S01E20 - 第 20 集 - 2160p WEB-DL HQ H265 10bit AAC.mp4', 'The QUEEN of News S01E19 - 第 19 集 - 2160p WEB-DL HQ H265 10bit AAC.mp4', 'The QUEEN of News S01E18 - 第 18 集 - 2160p WEB-DL HQ H265 10bit AAC.mp4', 'The QUEEN of News S01E17 - 第 17 集 - 2160p WEB-DL HQ H265 10bit AAC.mp4', 'The QUEEN of News S01E16 - 第 16 集 - 2160p WEB-DL HQ H265 10bit AAC.mp4', 'The QUEEN of News S01E15 - 第 15 集 - 2160p WEB-DL HQ H265 10bit AAC.mp4', 'The QUEEN of News S01E14 - 第 14 集 - 2160p WEB-DL HQ H265 10bit AAC.mp4', 'The QUEEN of News S01E13 - 第 13 集 - 2160p WEB-DL HQ H265 10bit AAC.mp4', 'The QUEEN of News S01E12 - 第 12 集 - 2160p WEB-DL HQ H265 10bit AAC.mp4', 'The QUEEN of News S01E11 - 第 11 集 - 2160p WEB-DL HQ H265 10bit AAC.mp4', 'The QUEEN of News S01E10 - 第 10 集 - 2160p WEB-DL HQ H265 10bit AAC.mp4', 'The QUEEN of News S01E09 - 第 9 集 - 2160p WEB-DL HQ H265 10bit AAC.mp4', 'The QUEEN of News S01E08 - 第 8 集 - 2160p WEB-DL HQ H265 10bit AAC.mp4', 'The QUEEN of News S01E07 - 第 7 集 - 2160p WEB-DL HQ H265 10bit AAC.mp4', 'The QUEEN of News S01E06 - 第 6 集 - 2160p WEB-DL HQ H265 10bit AAC.mp4', 'The QUEEN of News S01E05 - 第 5 集 - 2160p WEB-DL HQ H265 10bit AAC.mp4', 'The QUEEN of News S01E04 - 第 4 集 - 2160p WEB-DL HQ H265 10bit AAC.mp4', 'The QUEEN of News S01E03 - 第 3 集 - 2160p WEB-DL HQ H265 10bit AAC.mp4', 'The QUEEN of News S01E02 - 第 2 集 - 2160p WEB-DL HQ H265 10bit AAC.mp4', 'The QUEEN of News S01E01 - 第 1 集 - 2160p WEB-DL HQ H265 10bit AAC.mp4', 'season02-poster.jpg', 'season01-poster.jpg']
2025-11-21 13:30:06 [INFO] app.modules.filter.services.target_episode_filter_service:141 - 获取到目标剧集组合，来自链接：https://pan.quark.cn/s/e13c88c7a09c
2025-11-21 13:30:06 [WARNING] app.modules.filter.flow:110 - 新闻女王2 | https://pan.quark.cn/s/e13c88c7a09c 更新超出容忍范围,被跳过: 26 > 21 + 2
2025-11-21 13:30:06 [WARNING] app.modules.filter.services.regex_target_link_filter:58 - 未匹配: link_title="[4K][国粤双轨][内嵌简中][附第一季]（新闻女王2；第二季）新聞女王Ⅱ(2025)[更至20／25集]香港 剧情佘诗曼 黄宗泽 李施嬅 高海宁 王敏奕夸克网盘：" movie_title_season="新闻女王2" patterns=['^新闻女王2.*', '.*【新闻女王2】.*', '.*新闻女王2.*1080p.*', '.*新闻女王2.*S\\d{2}E\\d{2}', '.*《新闻女王2》.*', '.*「新闻女王2」.*', '.*[:：]新闻女王2.*', '.*新闻女王2[(（]20\\d{2}[）)]']
2025-11-21 13:30:06 [INFO] app.modules.filter.services.regex_target_link_filter:50 - 匹配成功: link_title="新闻女王 第二季 新闻女王2（2025）【4K.60fps】【国粤双语】【内封简中】【更20集】【剧情】【佘诗曼/黄宗泽】【附第一季】.描述：半年间，SNK剧变，总监余英飞离职、门外汉古肇华空降。张家妍虽掌权却难服众。刘艳的公开平台崛起，动摇传统媒体地位，连已入官场的许诗晴亦被卷入新旧媒体的角力。文慧心于此时复出，昭告世人：新闻女王的地位永远不可撼动！." movie_title_season="新闻女王2" pattern=".*新闻女王2[(（]20\d{2}[）)]"
2025-11-21 13:30:06 [INFO] app.modules.filter.services.target_episode_filter_service:137 - 开始处理链接：--- 新闻女王 第二季 新闻女王2（2025）【4K.60fps】【国粤双语】【内封简中】【更20集】【剧情】【佘诗曼/黄宗泽】【附第一季】.描述：半年间，SNK剧变，总监余英飞离职、门外汉古肇华空降。张家妍虽掌权却难服众。刘艳的公开平台崛起，动摇传统媒体地位，连已入官场的许诗晴亦被卷入新旧媒体的角力。文慧心于此时复出，昭告世人：新闻女王的地位永远不可撼动！. https://pan.quark.cn/s/5dd3198d9a4e
2025-11-21 13:30:07 [INFO] app.modules.filter.services.regex_target_link_filter:50 - 匹配成功: link_title="新闻女王2 ｜ 新闻女王 第二季 (2025) 【更20集】【4K.普码&杜比视界双版本】【国粤双语】【 佘诗曼/黄宗泽】【剧情/悬疑】【附第一季】描述：　　半年间，SNK剧变，总监余英飞离职、门外汉古肇华空降。张家妍虽掌权却难服众。刘艳的公开平台崛起，动摇传统媒体地位，连已入官场的许诗晴亦被卷入新旧媒体的角力。文慧心于此时复出，昭告世人：新闻女王的地位永远不可撼动！" movie_title_season="新闻女王2" pattern="^新闻女王2.*"
2025-11-21 13:30:07 [INFO] app.modules.filter.services.target_episode_filter_service:137 - 开始处理链接：--- 新闻女王2 ｜ 新闻女王 第二季 (2025) 【更20集】【4K.普码&杜比视界双版本】【国粤双语】【 佘诗曼/黄宗泽】【剧情/悬疑】【附第一季】描述：　　半年间，SNK剧变，总监余英飞离职、门外汉古肇华空降。张家妍虽掌权却难服众。刘艳的公开平台崛起，动摇传统媒体地位，连已入官场的许诗晴亦被卷入新旧媒体的角力。文慧心于此时复出，昭告世人：新闻女王的地位永远不可撼动！ https://pan.baidu.com/s/1yrA4BS0V63ZprAC_lq_ZmA?pwd=8os3
2025-11-21 13:30:07 [INFO] app.modules.filter.services.regex_target_link_filter:50 - 匹配成功: link_title="新闻女王2 (2025)更至20集 [4K][国语&粤语][佘诗曼/黄宗泽]/ 新闻女王 第二季描述：半年间，SNK剧变，总监余英飞离职、门外汉古肇华空降。张家妍虽掌权却难服众。刘艳的公开平台崛起，动摇传统媒体地位，连已入官场的许诗晴亦被卷入新旧媒体的角力。文慧心于此时复出，昭告世人：新闻女王的地位永远不可撼动！" movie_title_season="新闻女王2" pattern="^新闻女王2.*"
2025-11-21 13:30:07 [INFO] app.modules.filter.services.target_episode_filter_service:137 - 开始处理链接：--- 新闻女王2 (2025)更至20集 [4K][国语&粤语][佘诗曼/黄宗泽]/ 新闻女王 第二季描述：半年间，SNK剧变，总监余英飞离职、门外汉古肇华空降。张家妍虽掌权却难服众。刘艳的公开平台崛起，动摇传统媒体地位，连已入官场的许诗晴亦被卷入新旧媒体的角力。文慧心于此时复出，昭告世人：新闻女王的地位永远不可撼动！ https://pan.quark.cn/s/978026e62684
2025-11-21 13:30:07 [INFO] app.modules.filter.services.regex_target_link_filter:50 - 匹配成功: link_title="新闻女王2 新聞女王Ⅱ (2025) [WEB-4K] [国粤双语] [内嵌简中] [更至20集]描述：半年间，SNK剧变，总监余英飞离职、门外汉古肇华空降。张家妍虽掌权却难服众。刘艳的公开平台崛起，动摇传统媒体地位，连已入官场的许诗晴亦被卷入新旧媒体的角力。文慧心于此时复出，昭告世人：新闻女王的地位永远不可撼动！" movie_title_season="新闻女王2" pattern="^新闻女王2.*"
2025-11-21 13:30:07 [INFO] app.modules.filter.services.target_episode_filter_service:137 - 开始处理链接：--- 新闻女王2 新聞女王Ⅱ (2025) [WEB-4K] [国粤双语] [内嵌简中] [更至20集]描述：半年间，SNK剧变，总监余英飞离职、门外汉古肇华空降。张家妍虽掌权却难服众。刘艳的公开平台崛起，动摇传统媒体地位，连已入官场的许诗晴亦被卷入新旧媒体的角力。文慧心于此时复出，昭告世人：新闻女王的地位永远不可撼动！ https://pan.quark.cn/s/78671d8397f3
2025-11-21 13:30:08 [INFO] app.modules.filter.services.target_episode_filter_service:128 - 最终选择 20 个文件来覆盖新剧集: ['XWNWSSM2-20.mkv', 'XWNWSSM2-19.mkv', 'XWNWSSM2-18.mkv', 'XWNWSSM2-17.mkv', 'XWNWSSM2-16.mkv', 'XWNWSSM2-15.mkv', 'XWNWSSM2-14.mkv', 'XWNWSSM2-13.mkv', 'XWNWSSM2-12.mkv', 'XWNWSSM2-11.mkv', 'XWNWSSM2-10.mkv', 'XWNWSSM2-09.mkv', 'XWNWSSM2-08.mkv', 'XWNWSSM2-07.mkv', 'XWNWSSM2-06.mkv', 'XWNWSSM2-05.mkv', 'XWNWSSM2-04.mkv', 'XWNWSSM2-03.mkv', 'XWNWSSM2-02.mkv', 'XWNWSSM2-01.mkv']
2025-11-21 13:30:08 [INFO] app.modules.filter.services.target_episode_filter_service:141 - 获取到目标剧集组合，来自链接：https://pan.quark.cn/s/78671d8397f3
2025-11-21 13:30:08 [INFO] app.modules.filter.flow:138 - 新闻女王2 | https://pan.quark.cn/s/78671d8397f3 跳过（更新至 20，比备选https://pan.quark.cn/s/6ceeb5cc2bf5 | 20 更少）
2025-11-21 13:30:08 [INFO] app.modules.filter.services.regex_target_link_filter:50 - 匹配成功: link_title="新闻女王2 / 新闻女王 第二季 (2025) 4K SDR 60帧 国粤双语【更新EP20】描述：半年间，SNK剧变，总监余英飞离职、门外汉古肇华空降。张家妍虽掌权却难服众。刘艳的公开平台崛起，动摇传统媒体地位，连已入官场的许诗晴亦被卷入新旧媒体的角力。文慧心于此时复出，昭告世人：新闻女王的地位永远不可撼动！夸克：" movie_title_season="新闻女王2" pattern="^新闻女王2.*"
2025-11-21 13:30:08 [INFO] app.modules.filter.services.target_episode_filter_service:137 - 开始处理链接：--- 新闻女王2 / 新闻女王 第二季 (2025) 4K SDR 60帧 国粤双语【更新EP20】描述：半年间，SNK剧变，总监余英飞离职、门外汉古肇华空降。张家妍虽掌权却难服众。刘艳的公开平台崛起，动摇传统媒体地位，连已入官场的许诗晴亦被卷入新旧媒体的角力。文慧心于此时复出，昭告世人：新闻女王的地位永远不可撼动！夸克： https://pan.quark.cn/s/3b0b7e405cdb
2025-11-21 13:30:08 [INFO] app.modules.filter.services.target_episode_filter_service:128 - 最终选择 46 个文件来覆盖新剧集: ['S01E26.mp4', 'S01E25.mp4', 'S01E24.mp4', 'S01E23.mp4', 'S01E22.mp4', 'S01E21.mp4', 'S01E20.mp4', 'S01E19.mp4', 'S01E18.mp4', 'S01E17.mp4', 'S01E16.mp4', 'S01E15.mp4', 'S01E14.mp4', 'S01E13.mp4', 'S01E12.mp4', 'S01E11.mp4', 'S01E10.mp4', 'S01E09.mp4', 'S01E08.mp4', 'S01E07.mp4', 'S01E06.mp4', 'S01E05.mp4', 'S01E04.mp4', 'S01E03.mp4', 'S01E02.mp4', 'S01E01.mp4', 'S01E20.2025.2160p.60fps.WEB-DL.H265.AAC.2Audios.mkv', 'S01E19.2025.2160p.60fps.WEB-DL.H265.AAC.2Audios.mp4', 'S01E18.2025.2160p.60fps.WEB-DL.H265.AAC.2Audio.mkv', 'S01E17.2025.2160p.60fps.WEB-DL.H265.AAC.2Audios.mp4', 'S01E16.2025.2160p.60fps.WEB-DL.H265.AAC.2Audios.mp4', 'S01E15.2025.2160p.60fps.WEB-DL.H265.AAC.2Audios.mp4', 'S01E14.2025.2160p.60fps.WEB-DL.H265.AAC.2Audios.mkv', 'S01E13.2025.2160p.60fps.WEB-DL.H265.AAC.2Audios.mkv', 'S01E12.2025.2160p.60fps.WEB-DL.H265.AAC.2Audios.mkv', 'S01E11.2025.2160p.60fps.WEB-DL.H265.AAC.2Audios.mkv', 'S01E10.2025.2160p.60fps.WEB-DL.H265.AAC.2Audios.mkv', 'S01E09.2025.2160p.60fps.WEB-DL.H265.AAC.2Audios.mkv', 'S01E08.2025.2160p.60fps.WEB-DL.H265.AAC.2Audios.mkv', 'S01E07.2025.2160p.60fps.WEB-DL.H265.AAC.2Audios.mkv', 'S01E06.2025.2160p.60fps.WEB-DL.H265.AAC.2Audios.mkv', 'S01E05.2025.2160p.60fps.WEB-DL.H265.AAC.2Audios.mkv', 'S01E04.2025.2160p.60fps.WEB-DL.H265.AAC.2Audios.mkv', 'S01E03.2025.2160p.60fps.WEB-DL.H265.AAC.2Audios.mkv', 'S01E02.2025.2160p.60fps.WEB-DL.H265.AAC.2Audios.mkv', 'S01E01.2025.2160p.60fps.WEB-DL.H265.AAC.2Audios.mkv']
2025-11-21 13:30:08 [INFO] app.modules.filter.services.target_episode_filter_service:141 - 获取到目标剧集组合，来自链接：https://pan.quark.cn/s/3b0b7e405cdb
2025-11-21 13:30:08 [WARNING] app.modules.filter.flow:110 - 新闻女王2 | https://pan.quark.cn/s/3b0b7e405cdb 更新超出容忍范围,被跳过: 26 > 21 + 2
2025-11-21 13:30:08 [INFO] app.modules.filter.services.regex_target_link_filter:50 - 匹配成功: link_title="资源标题：新闻女王2 (2025)剧情 国粤双语 4KHQ60FPS 更新20集资源描述：半年间，SNK剧变，总监余英飞离职、门外汉古肇华空降。张家妍虽掌权却难服众。刘艳的公开平台崛起，动摇传统媒体地位，连已入官场的许诗晴亦被卷入新旧媒体的角力。文慧心于此时复出，昭告世人：新闻女王的地位永远不可撼动！" movie_title_season="新闻女王2" pattern=".*[:：]新闻女王2.*"
2025-11-21 13:30:08 [INFO] app.modules.filter.services.target_episode_filter_service:137 - 开始处理链接：--- 资源标题：新闻女王2 (2025)剧情 国粤双语 4KHQ60FPS 更新20集资源描述：半年间，SNK剧变，总监余英飞离职、门外汉古肇华空降。张家妍虽掌权却难服众。刘艳的公开平台崛起，动摇传统媒体地位，连已入官场的许诗晴亦被卷入新旧媒体的角力。文慧心于此时复出，昭告世人：新闻女王的地位永远不可撼动！ https://pan.quark.cn/s/0e542c421618
2025-11-21 13:30:09 [INFO] app.modules.filter.services.target_episode_filter_service:128 - 最终选择 69 个文件来覆盖新剧集: ['The QUEEN of News S02E20 - 第 20 集 - 2160p WEB-DL H265 AAC 2Audio.mkv', 'The QUEEN of News S02E19 - 第 19 集 - 2160p WEB-DL H265 AAC 2Audio.mkv', 'The QUEEN of News S02E18 - 第 18 集 - 2160p WEB-DL H265 AAC 2Audio.mkv', 'The QUEEN of News S02E17 - 第 17 集 - 2160p WEB-DL H265 AAC 2Audio.mkv', 'The QUEEN of News S02E16 - 第 16 集 - 2160p WEB-DL H265 AAC 2Audio.mkv', 'The QUEEN of News S02E15 - 第 15 集 - 2160p WEB-DL H265 AAC 2Audio.mkv', 'The QUEEN of News S02E14 - 第 14 集 - 2160p WEB-DL H265 AAC 2Audio.mkv', 'The QUEEN of News S02E13 - 第 13 集 - 2160p WEB-DL H265 AAC 2Audio.mkv', 'The QUEEN of News S02E12 - 第 12 集 - 2160p WEB-DL H265 AAC 2Audio.mkv', 'The QUEEN of News S02E11 - 第 11 集 - 2160p WEB-DL H265 AAC 2Audio.mkv', 'The QUEEN of News S02E10 - 第 10 集 - 2160p WEB-DL H265 AAC 2Audio.mkv', 'The QUEEN of News S02E09 - 第 9 集 - 2160p WEB-DL H265 AAC 2Audio.mkv', 'The QUEEN of News S02E08 - 第 8 集 - 2160p WEB-DL H265 AAC 2Audio.mkv', 'The QUEEN of News S02E07 - 第 7 集 - 2160p WEB-DL H265 AAC 2Audio.mkv', 'The QUEEN of News S02E06 - 第 6 集 - 2160p WEB-DL H265 AAC 2Audio.mkv', 'The QUEEN of News S02E05 - 第 5 集 - 2160p WEB-DL H265 AAC 2Audio.mkv', 'The QUEEN of News S02E04 - 第 4 集 - 2160p WEB-DL H265 AAC 2Audio.mkv', 'The QUEEN of News S02E03 - 第 3 集 - 2160p WEB-DL H265 AAC 2Audio.mkv', 'The QUEEN of News S02E02 - 第 2 集 - 2160p WEB-DL H265 AAC 2Audio.mkv', 'The QUEEN of News S02E01 - 第 1 集 - 2160p WEB-DL H265 AAC 2Audio.mkv', 'The QUEEN of News S02E20 - 第 20 集 - 2160p WEB-DL DV HQ H265 AAC 2Audio.mkv', 'The QUEEN of News S02E19 - 第 19 集 - 2160p WEB-DL DV HQ H265 AAC 2Audio.mkv', 'The QUEEN of News S02E18 - 第 18 集 - 2160p WEB-DL DV HQ H265 AAC 2Audio.mkv', 'The QUEEN of News S02E17 - 第 17 集 - 2160p WEB-DL DV HQ H265 AAC 2Audio.mkv', 'The QUEEN of News S02E16 - 第 16 集 - 2160p WEB-DL DV HQ H265 AAC 2Audio.mkv', 'The QUEEN of News S02E15 - 第 15 集 - 2160p WEB-DL DV HQ H265 AAC 2Audio.mkv', 'The QUEEN of News S02E14 - 第 14 集 - 2160p WEB-DL DV HQ H265 AAC 2Audio.mkv', 'The QUEEN of News S02E13 - 第 13 集 - 2160p WEB-DL DV HQ H265 AAC 2Audio.mkv', 'The QUEEN of News S02E12 - 第 12 集 - 2160p WEB-DL DV HQ H265 AAC 2Audio.mkv', 'The QUEEN of News S02E11 - 第 11 集 - 2160p WEB-DL DV HQ H265 AAC 2Audio.mkv', 'The QUEEN of News S02E10 - 第 10 集 - 2160p WEB-DL DV HQ H265 AAC 2Audio.mkv', 'The QUEEN of News S02E09 - 第 9 集 - 2160p WEB-DL DV HQ H265 AAC 2Audio.mkv', 'The QUEEN of News S02E08 - 第 8 集 - 2160p WEB-DL DV HQ H265 AAC 2Audio.mkv', 'The QUEEN of News S02E07 - 第 7 集 - 2160p WEB-DL DV HQ H265 AAC 2Audio.mkv', 'The QUEEN of News S02E06 - 第 6 集 - 2160p WEB-DL DV HQ H265 AAC 2Audio.mkv', 'The QUEEN of News S02E05 - 第 5 集 - 2160p WEB-DL DV HQ H265 AAC 2Audio.mkv', 'The QUEEN of News S02E04 - 第 4 集 - 2160p WEB-DL DV HQ H265 AAC 2Audio.mkv', 'The QUEEN of News S02E03 - 第 3 集 - 2160p WEB-DL DV HQ H265 AAC 2Audio.mkv', 'The QUEEN of News S02E02 - 第 2 集 - 2160p WEB-DL DV HQ H265 AAC 2Audio.mkv', 'The QUEEN of News S02E01 - 第 1 集 - 2160p WEB-DL DV HQ H265 AAC 2Audio.zh.srt', 'The QUEEN of News S02E01 - 第 1 集 - 2160p WEB-DL DV HQ H265 AAC 2Audio.mkv', 'The QUEEN of News S01E26 - 第 26 集 - 2160p WEB-DL HQ H265 10bit AAC.mp4', 'The QUEEN of News S01E25 - 第 25 集 - 2160p WEB-DL HQ H265 10bit AAC.mp4', 'The QUEEN of News S01E24 - 第 24 集 - 2160p WEB-DL HQ H265 10bit AAC.mp4', 'The QUEEN of News S01E23 - 第 23 集 - 2160p WEB-DL HQ H265 10bit AAC.mp4', 'The QUEEN of News S01E22 - 第 22 集 - 2160p WEB-DL HQ H265 10bit AAC.mp4', 'The QUEEN of News S01E21 - 第 21 集 - 2160p WEB-DL HQ H265 10bit AAC.mp4', 'The QUEEN of News S01E20 - 第 20 集 - 2160p WEB-DL HQ H265 10bit AAC.mp4', 'The QUEEN of News S01E19 - 第 19 集 - 2160p WEB-DL HQ H265 10bit AAC.mp4', 'The QUEEN of News S01E18 - 第 18 集 - 2160p WEB-DL HQ H265 10bit AAC.mp4', 'The QUEEN of News S01E17 - 第 17 集 - 2160p WEB-DL HQ H265 10bit AAC.mp4', 'The QUEEN of News S01E16 - 第 16 集 - 2160p WEB-DL HQ H265 10bit AAC.mp4', 'The QUEEN of News S01E15 - 第 15 集 - 2160p WEB-DL HQ H265 10bit AAC.mp4', 'The QUEEN of News S01E14 - 第 14 集 - 2160p WEB-DL HQ H265 10bit AAC.mp4', 'The QUEEN of News S01E13 - 第 13 集 - 2160p WEB-DL HQ H265 10bit AAC.mp4', 'The QUEEN of News S01E12 - 第 12 集 - 2160p WEB-DL HQ H265 10bit AAC.mp4', 'The QUEEN of News S01E11 - 第 11 集 - 2160p WEB-DL HQ H265 10bit AAC.mp4', 'The QUEEN of News S01E10 - 第 10 集 - 2160p WEB-DL HQ H265 10bit AAC.mp4', 'The QUEEN of News S01E09 - 第 9 集 - 2160p WEB-DL HQ H265 10bit AAC.mp4', 'The QUEEN of News S01E08 - 第 8 集 - 2160p WEB-DL HQ H265 10bit AAC.mp4', 'The QUEEN of News S01E07 - 第 7 集 - 2160p WEB-DL HQ H265 10bit AAC.mp4', 'The QUEEN of News S01E06 - 第 6 集 - 2160p WEB-DL HQ H265 10bit AAC.mp4', 'The QUEEN of News S01E05 - 第 5 集 - 2160p WEB-DL HQ H265 10bit AAC.mp4', 'The QUEEN of News S01E04 - 第 4 集 - 2160p WEB-DL HQ H265 10bit AAC.mp4', 'The QUEEN of News S01E03 - 第 3 集 - 2160p WEB-DL HQ H265 10bit AAC.mp4', 'The QUEEN of News S01E02 - 第 2 集 - 2160p WEB-DL HQ H265 10bit AAC.mp4', 'The QUEEN of News S01E01 - 第 1 集 - 2160p WEB-DL HQ H265 10bit AAC.mp4', 'season02-poster.jpg', 'season01-poster.jpg']
2025-11-21 13:30:09 [INFO] app.modules.filter.services.target_episode_filter_service:141 - 获取到目标剧集组合，来自链接：https://pan.baidu.com/s/1yrA4BS0V63ZprAC_lq_ZmA?pwd=8os3
2025-11-21 13:30:09 [WARNING] app.modules.filter.flow:110 - 新闻女王2 | https://pan.baidu.com/s/1yrA4BS0V63ZprAC_lq_ZmA?pwd=8os3 更新超出容忍范围,被跳过: 26 > 21 + 2
2025-11-21 13:30:09 [INFO] app.modules.filter.services.target_episode_filter_service:128 - 最终选择 40 个文件来覆盖新剧集: ['X.W.N.W.2.2025.S02E20.2160p.HQ.60fps.WEB-DL.H265.10bit.HDR10.AAC-GyWEB.mp4', 'X.W.N.W.2.2025.S02E19.2160p.HQ.60fps.WEB-DL.H265.10bit.HDR10.AAC-GyWEB.mp4', 'X.W.N.W.2.2025.S02E18.2160p.HQ.60fps.WEB-DL.H265.10bit.HDR10.AAC-GyWEB.mp4', 'X.W.N.W.2.2025.S02E17.2160p.HQ.60fps.WEB-DL.H265.10bit.HDR10.AAC-GyWEB.mp4', 'X.W.N.W.2.2025.S02E16.2160p.HQ.60fps.WEB-DL.H265.10bit.HDR10.AAC-GyWEB.mp4', 'X.W.N.W.2.2025.S02E15.2160p.HQ.60fps.WEB-DL.H265.10bit.HDR10.AAC-GyWEB.mp4', 'X.W.N.W.2.2025.S02E14.2160p.HQ.60fps.WEB-DL.H265.10bit.HDR10.AAC-GyWEB.mp4', 'X.W.N.W.2.2025.S02E13.2160p.HQ.60fps.WEB-DL.H265.10bit.HDR10.AAC-GyWEB.mp4', 'X.W.N.W.2.2025.S02E12.2160p.HQ.60fps.WEB-DL.H265.10bit.HDR10.AAC-GyWEB.mp4', 'X.W.N.W.2.2025.S02E11.2160p.HQ.60fps.WEB-DL.H265.10bit.HDR10.AAC-GyWEB.mp4', 'X.W.N.W.2.2025.S02E10.2160p.HQ.60fps.WEB-DL.H265.10bit.HDR10.AAC-GyWEB.mp4', 'X.W.N.W.2.2025.S02E09.2160p.HQ.60fps.WEB-DL.H265.10bit.HDR10.AAC-GyWEB.mp4', 'X.W.N.W.2.2025.S02E08.2160p.HQ.60fps.WEB-DL.H265.10bit.HDR10.AAC-GyWEB.mp4', 'X.W.N.W.2.2025.S02E07.2160p.HQ.60fps.WEB-DL.H265.10bit.HDR10.AAC-GyWEB.mp4', 'X.W.N.W.2.2025.S02E06.2160p.HQ.60fps.WEB-DL.H265.10bit.HDR10.AAC-GyWEB.mp4', 'X.W.N.W.2.2025.S02E05.2160p.HQ.60fps.WEB-DL.H265.10bit.HDR10.AAC-GyWEB.mp4', 'X.W.N.W.2.2025.S02E04.2160p.HQ.60fps.WEB-DL.H265.10bit.HDR10.AAC-GyWEB.mp4', 'X.W.N.W.2.2025.S02E03.2160p.HQ.60fps.WEB-DL.H265.10bit.HDR10.AAC-GyWEB.mp4', 'X.W.N.W.2.2025.S02E02.2160p.HQ.60fps.WEB-DL.H265.10bit.HDR10.AAC-GyWEB.mp4', 'X.W.N.W.2.2025.S02E01.2160p.HQ.60fps.WEB-DL.H265.10bit.HDR10.AAC-GyWEB.mp4', 'X.W.N.W.2.2025.S02E20.2160p.60fps.WEB-DL.H265.10bit.AAC-GyWEB.mp4', 'X.W.N.W.2.2025.S02E19.2160p.60fps.WEB-DL.H265.10bit.AAC-GyWEB.mp4', 'X.W.N.W.2.2025.S02E18.2160p.60fps.WEB-DL.H265.10bit.AAC-GyWEB.mp4', 'X.W.N.W.2.2025.S02E17.2160p.60fps.WEB-DL.H265.10bit.AAC-GyWEB.mp4', 'X.W.N.W.2.2025.S02E16.2160p.60fps.WEB-DL.H265.10bit.AAC-GyWEB.mp4', 'X.W.N.W.2.2025.S02E15.2160p.60fps.WEB-DL.H265.10bit.AAC-GyWEB.mp4', 'X.W.N.W.2.2025.S02E14.2160p.60fps.WEB-DL.H265.10bit.AAC-GyWEB.mp4', 'X.W.N.W.2.2025.S02E13.2160p.60fps.WEB-DL.H265.10bit.AAC-GyWEB.mp4', 'X.W.N.W.2.2025.S02E12.2160p.60fps.WEB-DL.H265.10bit.AAC-GyWEB.mp4', 'X.W.N.W.2.2025.S02E11.2160p.60fps.WEB-DL.H265.10bit.AAC-GyWEB.mp4', 'X.W.N.W.2.2025.S02E10.2160p.60fps.WEB-DL.H265.10bit.AAC-GyWEB.mp4', 'X.W.N.W.2.2025.S02E09.2160p.60fps.WEB-DL.H265.10bit.AAC-GyWEB.mp4', 'X.W.N.W.2.2025.S02E08.2160p.60fps.WEB-DL.H265.10bit.AAC-GyWEB.mp4', 'X.W.N.W.2.2025.S02E07.2160p.60fps.WEB-DL.H265.10bit.AAC-GyWEB.mp4', 'X.W.N.W.2.2025.S02E06.2160p.60fps.WEB-DL.H265.10bit.AAC-GyWEB.mp4', 'X.W.N.W.2.2025.S02E05.2160p.60fps.WEB-DL.H265.10bit.AAC-GyWEB.mp4', 'X.W.N.W.2.2025.S02E04.2160p.60fps.WEB-DL.H265.10bit.AAC-GyWEB.mp4', 'X.W.N.W.2.2025.S02E03.2160p.60fps.WEB-DL.H265.10bit.AAC-GyWEB.mp4', 'X.W.N.W.2.2025.S02E02.2160p.60fps.WEB-DL.H265.10bit.AAC-GyWEB.mp4', 'X.W.N.W.2.2025.S02E01.2160p.60fps.WEB-DL.H265.10bit.AAC-GyWEB.mp4']
2025-11-21 13:30:09 [INFO] app.modules.filter.services.target_episode_filter_service:141 - 获取到目标剧集组合，来自链接：https://pan.quark.cn/s/0e542c421618
2025-11-21 13:30:09 [INFO] app.modules.filter.flow:138 - 新闻女王2 | https://pan.quark.cn/s/0e542c421618 跳过（更新至 20，比备选https://pan.quark.cn/s/6ceeb5cc2bf5 | 20 更少）
2025-11-21 13:30:09 [INFO] app.modules.filter.flow:158 - 新闻女王2分享链接遍历完成，无可用分享链接
2025-11-21 13:30:09 [INFO] app.modules.storage_operations.services.save_episodes_to_cloud:44 - 未筛选到适合['mkv', 'mp4', 'avi', 'mov', 'm4v', 'wmv', 'flv', 'torrent', 'srt', 'ass', 'sub', 'mp3', 'aac', 'zip']的链接
2025-11-21 13:30:09 [INFO] app.modules.storage_operations.services.save_episodes_to_cloud:44 - 未筛选到适合['mkv', 'mp4', 'avi', 'mov', 'm4v', 'wmv', 'flv', 'torrent', 'srt', 'ass', 'sub', 'mp3', 'aac', 'zip']的链接
2025-11-21 13:30:10 [INFO] app.modules.filter.services.regex_target_link_filter:50 - 匹配成功: link_title="新闻女王2 新聞女王Ⅱ /新闻女王 第二季(2025) 【佘诗曼/黄宗泽/剧情】【4K国粤双语 更新EP20】【附第一季】描述：　又名: 新闻女王 第二季 / 新闻女王 续篇 / The Queen of NEWS Ⅱ 　半年间，SNK剧变，总监余英飞离职、门外汉古肇华空降。张家妍虽掌权却难服众。刘艳的公开平台崛起，动摇传统媒体地位，连已入官场的许诗晴亦被卷入新旧媒体的角力。文慧心于此时复出，昭告世人：新闻女王的地位永远不可撼动！" movie_title_season="新闻女王2" pattern="^新闻女王2.*"
2025-11-21 13:30:10 [INFO] app.modules.filter.services.target_episode_filter_service:137 - 开始处理链接：--- 新闻女王2 新聞女王Ⅱ /新闻女王 第二季(2025) 【佘诗曼/黄宗泽/剧情】【4K国粤双语 更新EP20】【附第一季】描述：　又名: 新闻女王 第二季 / 新闻女王 续篇 / The Queen of NEWS Ⅱ 　半年间，SNK剧变，总监余英飞离职、门外汉古肇华空降。张家妍虽掌权却难服众。刘艳的公开平台崛起，动摇传统媒体地位，连已入官场的许诗晴亦被卷入新旧媒体的角力。文慧心于此时复出，昭告世人：新闻女王的地位永远不可撼动！ https://pan.baidu.com/s/1Vcdm__K4NEgXQpU-4Xhj5A?pwd=8888
2025-11-21 13:30:12 [INFO] app.modules.filter.services.regex_target_link_filter:50 - 匹配成功: link_title="🗄 新闻女王/新闻女王2(2025)【更20集】【4K.普码】【国粤双语】【内嵌简中】【附第一季】" movie_title_season="新闻女王2" pattern=".*新闻女王2[(（]20\d{2}[）)]"
2025-11-21 13:30:12 [INFO] app.modules.filter.services.target_episode_filter_service:137 - 开始处理链接：--- 🗄 新闻女王/新闻女王2(2025)【更20集】【4K.普码】【国粤双语】【内嵌简中】【附第一季】 https://pan.baidu.com/s/1NaKehOngqlT5iBvENHI2rw?pwd=Yu66
2025-11-21 13:30:14 [INFO] app.modules.filter.services.target_episode_filter_service:128 - 最终选择 48 个文件来覆盖新剧集: ['The QUEEN of News S02E20 - 第 20 集 - 2160p WEB-DL H265 AAC 2Audio.mkv', 'The QUEEN of News S02E19 - 第 19 集 - 2160p WEB-DL H265 AAC 2Audio.mkv', 'The QUEEN of News S02E18 - 第 18 集 - 2160p WEB-DL H265 AAC 2Audio.mkv', 'The QUEEN of News S02E17 - 第 17 集 - 2160p WEB-DL H265 AAC 2Audio.mkv', 'The QUEEN of News S02E16 - 第 16 集 - 2160p WEB-DL H265 AAC 2Audio.mkv', 'The QUEEN of News S02E15 - 第 15 集 - 2160p WEB-DL H265 AAC 2Audio.mkv', 'The QUEEN of News S02E14 - 第 14 集 - 2160p WEB-DL H265 AAC 2Audio.mkv', 'The QUEEN of News S02E13 - 第 13 集 - 2160p WEB-DL H265 AAC 2Audio.mkv', 'The QUEEN of News S02E12 - 第 12 集 - 2160p WEB-DL H265 AAC 2Audio.mkv', 'The QUEEN of News S02E11 - 第 11 集 - 2160p WEB-DL H265 AAC 2Audio.mkv', 'The QUEEN of News S02E10 - 第 10 集 - 2160p WEB-DL H265 AAC 2Audio.mkv', 'The QUEEN of News S02E09 - 第 9 集 - 2160p WEB-DL H265 AAC 2Audio.mkv', 'The QUEEN of News S02E08 - 第 8 集 - 2160p WEB-DL H265 AAC 2Audio.mkv', 'The QUEEN of News S02E07 - 第 7 集 - 2160p WEB-DL H265 AAC 2Audio.mkv', 'The QUEEN of News S02E06 - 第 6 集 - 2160p WEB-DL H265 AAC 2Audio.mkv', 'The QUEEN of News S02E05 - 第 5 集 - 2160p WEB-DL H265 AAC 2Audio.mkv', 'The QUEEN of News S02E04 - 第 4 集 - 2160p WEB-DL H265 AAC 2Audio.mkv', 'The QUEEN of News S02E03 - 第 3 集 - 2160p WEB-DL H265 AAC 2Audio.mkv', 'The QUEEN of News S02E02 - 第 2 集 - 2160p WEB-DL H265 AAC 2Audio.mkv', 'The QUEEN of News S02E01 - 第 1 集 - 2160p WEB-DL H265 AAC 2Audio.mkv', 'The QUEEN of News S01E26 - 第 26 集 - 2160p WEB-DL HQ H265 10bit AAC.mp4', 'The QUEEN of News S01E25 - 第 25 集 - 2160p WEB-DL HQ H265 10bit AAC.mp4', 'The QUEEN of News S01E24 - 第 24 集 - 2160p WEB-DL HQ H265 10bit AAC.mp4', 'The QUEEN of News S01E23 - 第 23 集 - 2160p WEB-DL HQ H265 10bit AAC.mp4', 'The QUEEN of News S01E22 - 第 22 集 - 2160p WEB-DL HQ H265 10bit AAC.mp4', 'The QUEEN of News S01E21 - 第 21 集 - 2160p WEB-DL HQ H265 10bit AAC.mp4', 'The QUEEN of News S01E20 - 第 20 集 - 2160p WEB-DL HQ H265 10bit AAC.mp4', 'The QUEEN of News S01E19 - 第 19 集 - 2160p WEB-DL HQ H265 10bit AAC.mp4', 'The QUEEN of News S01E18 - 第 18 集 - 2160p WEB-DL HQ H265 10bit AAC.mp4', 'The QUEEN of News S01E17 - 第 17 集 - 2160p WEB-DL HQ H265 10bit AAC.mp4', 'The QUEEN of News S01E16 - 第 16 集 - 2160p WEB-DL HQ H265 10bit AAC.mp4', 'The QUEEN of News S01E15 - 第 15 集 - 2160p WEB-DL HQ H265 10bit AAC.mp4', 'The QUEEN of News S01E14 - 第 14 集 - 2160p WEB-DL HQ H265 10bit AAC.mp4', 'The QUEEN of News S01E13 - 第 13 集 - 2160p WEB-DL HQ H265 10bit AAC.mp4', 'The QUEEN of News S01E12 - 第 12 集 - 2160p WEB-DL HQ H265 10bit AAC.mp4', 'The QUEEN of News S01E11 - 第 11 集 - 2160p WEB-DL HQ H265 10bit AAC.mp4', 'The QUEEN of News S01E10 - 第 10 集 - 2160p WEB-DL HQ H265 10bit AAC.mp4', 'The QUEEN of News S01E09 - 第 9 集 - 2160p WEB-DL HQ H265 10bit AAC.mp4', 'The QUEEN of News S01E08 - 第 8 集 - 2160p WEB-DL HQ H265 10bit AAC.mp4', 'The QUEEN of News S01E07 - 第 7 集 - 2160p WEB-DL HQ H265 10bit AAC.mp4', 'The QUEEN of News S01E06 - 第 6 集 - 2160p WEB-DL HQ H265 10bit AAC.mp4', 'The QUEEN of News S01E05 - 第 5 集 - 2160p WEB-DL HQ H265 10bit AAC.mp4', 'The QUEEN of News S01E04 - 第 4 集 - 2160p WEB-DL HQ H265 10bit AAC.mp4', 'The QUEEN of News S01E03 - 第 3 集 - 2160p WEB-DL HQ H265 10bit AAC.mp4', 'The QUEEN of News S01E02 - 第 2 集 - 2160p WEB-DL HQ H265 10bit AAC.mp4', 'The QUEEN of News S01E01 - 第 1 集 - 2160p WEB-DL HQ H265 10bit AAC.mp4', 'season02-poster.jpg', 'season01-poster.jpg']
2025-11-21 13:30:14 [INFO] app.modules.filter.services.target_episode_filter_service:141 - 获取到目标剧集组合，来自链接：https://pan.baidu.com/s/1NaKehOngqlT5iBvENHI2rw?pwd=Yu66
2025-11-21 13:30:14 [WARNING] app.modules.filter.flow:110 - 新闻女王2 | https://pan.baidu.com/s/1NaKehOngqlT5iBvENHI2rw?pwd=Yu66 更新超出容忍范围,被跳过: 26 > 21 + 2
2025-11-21 13:30:14 [INFO] app.modules.filter.services.regex_target_link_filter:50 - 匹配成功: link_title="新闻女王2 更新至20集 4K SDR 60帧 高码率" movie_title_season="新闻女王2" pattern="^新闻女王2.*"
2025-11-21 13:30:14 [INFO] app.modules.filter.services.target_episode_filter_service:137 - 开始处理链接：--- 新闻女王2 更新至20集 4K SDR 60帧 高码率 https://pan.baidu.com/s/1eVAyoS6DVjaKO0Ng_XrO-A?pwd=4v7b
2025-11-21 13:30:15 [INFO] app.modules.filter.services.target_episode_filter_service:128 - 最终选择 20 个文件来覆盖新剧集: ['The.Queen.of.NEWS.S02E20.2025.2160p.HQ.WEB-DL.60fps.H.265.AAC.2Audio.mp4', 'The.Queen.of.NEWS.S02E19.2025.2160p.HQ.WEB-DL.60fps.H.265.AAC.2Audio.mp4', 'The.Queen.of.NEWS.S02E18.2025.2160p.HQ.WEB-DL.60fps.H.265.AAC.2Audio.mp4', 'The.Queen.of.NEWS.S02E17.2025.2160p.HQ.WEB-DL.60fps.H.265.AAC.2Audio.mp4', 'The.Queen.of.NEWS.S02E16.2025.2160p.HQ.WEB-DL.60fps.H.265.AAC.2Audio.mp4', 'The.Queen.of.NEWS.S02E15.2025.2160p.HQ.WEB-DL.60fps.H.265.AAC.2Audio.mp4', 'The.Queen.of.NEWS.S02E14.2025.2160p.HQ.WEB-DL.60fps.H.265.AAC.2Audio.mp4', 'The.Queen.of.NEWS.S02E13.2025.2160p.HQ.WEB-DL.60fps.H.265.AAC.2Audio.mp4', 'The.Queen.of.NEWS.S02E12.2025.2160p.HQ.WEB-DL.60fps.H.265.AAC.2Audio.mp4', 'The.Queen.of.NEWS.S02E11.2025.2160p.HQ.WEB-DL.60fps.H.265.AAC.2Audio.mp4', 'The.Queen.of.NEWS.S02E10.2025.2160p.HQ.WEB-DL.60fps.H.265.AAC.2Audio.mp4', 'The.Queen.of.NEWS.S02E09.2025.2160p.HQ.WEB-DL.60fps.H.265.AAC.2Audio.mp4', 'The.Queen.of.NEWS.S02E08.2025.2160p.HQ.WEB-DL.60fps.H.265.AAC.2Audio.mp4', 'The.Queen.of.NEWS.S02E07.2025.2160p.HQ.WEB-DL.60fps.H.265.AAC.2Audio.mp4', 'The.Queen.of.NEWS.S02E06.2025.2160p.HQ.WEB-DL.60fps.H.265.AAC.2Audio.mp4', 'The.Queen.of.NEWS.S02E05.2025.2160p.HQ.WEB-DL.60fps.H.265.AAC.2Audio.mp4', 'The.Queen.of.NEWS.S02E04.2025.2160p.HQ.WEB-DL.60fps.H.265.AAC.2Audio.mp4', 'The.Queen.of.NEWS.S02E03.2025.2160p.HQ.WEB-DL.60fps.H.265.AAC.2Audio.mp4', 'The.Queen.of.NEWS.S02E02.2025.2160p.HQ.WEB-DL.60fps.H.265.AAC.2Audio.mp4', 'The.Queen.of.NEWS.S02E01.2025.2160p.HQ.WEB-DL.60fps.H.265.AAC.2Audio.mp4']
2025-11-21 13:30:15 [INFO] app.modules.filter.services.target_episode_filter_service:141 - 获取到目标剧集组合，来自链接：https://pan.baidu.com/s/1eVAyoS6DVjaKO0Ng_XrO-A?pwd=4v7b
2025-11-21 13:30:15 [INFO] app.modules.filter.flow:128 - 新闻女王2 | https://pan.baidu.com/s/1eVAyoS6DVjaKO0Ng_XrO-A?pwd=4v7b 作为备选（更新至 20/21）
2025-11-21 13:30:16 [INFO] app.modules.filter.services.regex_target_link_filter:50 - 匹配成功: link_title="新闻女王2 (2025) 第1-20集【4K/60fps 国粤双语音频 无广告无台标 佘诗曼/黄宗泽】描述：半年间，SNK剧变，总监余英飞离职、门外汉古肇华空降。张家妍虽掌权却难服众。刘艳的公开平台崛起，动摇传统媒体地位，连已入官场的许诗晴亦被卷入新旧媒体的角力。文慧心于此时复出，昭告世人：新闻女王的地位永远不可撼动！" movie_title_season="新闻女王2" pattern="^新闻女王2.*"
2025-11-21 13:30:16 [INFO] app.modules.filter.services.target_episode_filter_service:137 - 开始处理链接：--- 新闻女王2 (2025) 第1-20集【4K/60fps 国粤双语音频 无广告无台标 佘诗曼/黄宗泽】描述：半年间，SNK剧变，总监余英飞离职、门外汉古肇华空降。张家妍虽掌权却难服众。刘艳的公开平台崛起，动摇传统媒体地位，连已入官场的许诗晴亦被卷入新旧媒体的角力。文慧心于此时复出，昭告世人：新闻女王的地位永远不可撼动！ https://pan.baidu.com/s/1ofJfRMJx1ZO_SZXe-EO_TA?pwd=gff3
2025-11-21 13:30:18 [INFO] app.modules.filter.services.regex_target_link_filter:50 - 匹配成功: link_title="新闻女王2 新聞女王Ⅱ (2025) [WEB-4K] [国粤双语] [内嵌简中] [更至20集]" movie_title_season="新闻女王2" pattern="^新闻女王2.*"
2025-11-21 13:30:18 [INFO] app.modules.filter.services.target_episode_filter_service:137 - 开始处理链接：--- 新闻女王2 新聞女王Ⅱ (2025) [WEB-4K] [国粤双语] [内嵌简中] [更至20集] https://pan.baidu.com/s/16DhKxxMY51_SOWgdkw6z3Q?pwd=1111
2025-11-21 13:30:20 [INFO] app.modules.filter.services.target_episode_filter_service:128 - 最终选择 20 个文件来覆盖新剧集: ['XWNWSSM2-20.mkv', 'XWNWSSM2-19.mkv', 'XWNWSSM2-18.mkv', 'XWNWSSM2-17.mkv', 'XWNWSSM2-16.mkv', 'XWNWSSM2-15.mkv', 'XWNWSSM2-14.mkv', 'XWNWSSM2-13.mkv', 'XWNWSSM2-12.mkv', 'XWNWSSM2-11.mkv', 'XWNWSSM2-10.mkv', 'XWNWSSM2-09.mkv', 'XWNWSSM2-08.mkv', 'XWNWSSM2-07.mkv', 'XWNWSSM2-06.mkv', 'XWNWSSM2-05.mkv', 'XWNWSSM2-04.mkv', 'XWNWSSM2-03.mkv', 'XWNWSSM2-02.mkv', 'XWNWSSM2-01.mkv']
2025-11-21 13:30:20 [INFO] app.modules.filter.services.target_episode_filter_service:141 - 获取到目标剧集组合，来自链接：https://pan.baidu.com/s/16DhKxxMY51_SOWgdkw6z3Q?pwd=1111
2025-11-21 13:30:20 [INFO] app.modules.filter.flow:138 - 新闻女王2 | https://pan.baidu.com/s/16DhKxxMY51_SOWgdkw6z3Q?pwd=1111 跳过（更新至 20，比备选https://pan.baidu.com/s/1eVAyoS6DVjaKO0Ng_XrO-A?pwd=4v7b | 20 更少）
2025-11-21 13:30:20 [INFO] app.modules.filter.services.regex_target_link_filter:50 - 匹配成功: link_title="新闻女王2 / 新闻女王 第二季 (2025) 4K SDR 60帧 国粤双语【更新EP20】" movie_title_season="新闻女王2" pattern="^新闻女王2.*"
2025-11-21 13:30:20 [INFO] app.modules.filter.services.target_episode_filter_service:137 - 开始处理链接：--- 新闻女王2 / 新闻女王 第二季 (2025) 4K SDR 60帧 国粤双语【更新EP20】 https://pan.baidu.com/s/1fUg32YaLBafMwPYeCmIB7g?pwd=yyds
2025-11-21 13:30:21 [INFO] telethon.client.updates:443 - Got difference for channel 2600169516 updates
2025-11-21 13:30:21 [INFO] telethon.client.updates:443 - Got difference for channel 1850014529 updates
2025-11-21 13:30:22 [INFO] app.modules.filter.services.target_episode_filter_service:128 - 最终选择 46 个文件来覆盖新剧集: ['S01E26.mp4', 'S01E25.mp4', 'S01E24.mp4', 'S01E23.mp4', 'S01E22.mp4', 'S01E21.mp4', 'S01E20.mp4', 'S01E19.mp4', 'S01E18.mp4', 'S01E17.mp4', 'S01E16.mp4', 'S01E15.mp4', 'S01E14.mp4', 'S01E13.mp4', 'S01E12.mp4', 'S01E11.mp4', 'S01E10.mp4', 'S01E09.mp4', 'S01E08.mp4', 'S01E07.mp4', 'S01E06.mp4', 'S01E05.mp4', 'S01E04.mp4', 'S01E03.mp4', 'S01E02.mp4', 'S01E01.mp4', 'S02E08.2025.2160p.WEB-DL.AAC.H.265.mkv', 'S02E07.2025.2160p.WEB-DL.AAC.H.265.mkv', 'S01E20.2025.2160p.60fps.WEB-DL.H265.AAC.2Audios.mkv', 'S01E19.2025.2160p.60fps.WEB-DL.H265.AAC.2Audio.mp4', 'S01E18.2025.2160p.60fps.WEB-DL.H265.AAC.2Audio.mkv', 'S01E17.2025.2160p.60fps.WEB-DL.H265.AAC.2Audios.mp4', 'S01E16.2025.2160p.60fps.WEB-DL.H265.AAC.2Audios.mp4', 'S01E15.2025.2160p.60fps.WEB-DL.H265.AAC.2Audios.mp4', 'S01E14.2025.2160p.60fps.WEB-DL.H265.AAC.2Audios.mkv', 'S01E13.2025.2160p.60fps.WEB-DL.H265.AAC.2Audios.mkv', 'S01E12.2025.2160p.60fps.WEB-DL.H265.AAC.2Audios.mkv', 'S01E11.2025.2160p.60fps.WEB-DL.H265.AAC.2Audios.mkv', 'S01E10.2025.2160p.60fps.WEB-DL.H265.AAC.2Audios.mkv', 'S01E09.2025.2160p.60fps.WEB-DL.H265.AAC.2Audios.mkv', 'S01E06.2025.2160p.60fps.WEB-DL.H265.AAC.2Audios.mkv', 'S01E05.2025.2160p.60fps.WEB-DL.H265.AAC.2Audios.mkv', 'S01E04.2025.2160p.60fps.WEB-DL.H265.AAC.2Audios.mkv', 'S01E03.2025.2160p.60fps.WEB-DL.H265.AAC.2Audios.mkv', 'S01E02.2025.2160p.60fps.WEB-DL.H265.AAC.2Audios.mkv', 'S01E01.2025.2160p.60fps.WEB-DL.H265.AAC.2Audios.mkv']
2025-11-21 13:30:22 [INFO] app.modules.filter.services.target_episode_filter_service:141 - 获取到目标剧集组合，来自链接：https://pan.baidu.com/s/1fUg32YaLBafMwPYeCmIB7g?pwd=yyds
2025-11-21 13:30:22 [WARNING] app.modules.filter.flow:110 - 新闻女王2 | https://pan.baidu.com/s/1fUg32YaLBafMwPYeCmIB7g?pwd=yyds 更新超出容忍范围,被跳过: 26 > 21 + 2
2025-11-21 13:30:22 [INFO] telethon.client.updates:443 - Got difference for channel 1617621330 updates
2025-11-21 13:30:22 [INFO] telethon.client.updates:443 - Got difference for channel 1084638970 updates
2025-11-21 13:30:22 [INFO] telethon.client.updates:443 - Got difference for channel 1688099294 updates
2025-11-21 13:30:22 [INFO] telethon.client.updates:443 - Got difference for channel 1280467440 updates
2025-11-21 13:30:22 [INFO] app.modules.filter.services.regex_target_link_filter:50 - 匹配成功: link_title="资源标题：新闻女王2 (2025)剧情 国粤双语 4KHQ60FPS 更新20集" movie_title_season="新闻女王2" pattern=".*[:：]新闻女王2.*"
2025-11-21 13:30:22 [INFO] app.modules.filter.services.target_episode_filter_service:137 - 开始处理链接：--- 资源标题：新闻女王2 (2025)剧情 国粤双语 4KHQ60FPS 更新20集 https://pan.baidu.com/s/1BJ8alZy-5bD9IaoIWPXppw?pwd=6666
2025-11-21 13:30:22 [INFO] telethon.client.updates:443 - Got difference for channel 2105390266 updates
2025-11-21 13:30:24 [INFO] app.modules.filter.services.target_episode_filter_service:128 - 最终选择 40 个文件来覆盖新剧集: ['X.W.N.W.2.2025.S02E20.2160p.HQ.60fps.WEB-DL.H265.10bit.HDR10.AAC-GyWEB.mp4', 'X.W.N.W.2.2025.S02E19.2160p.HQ.60fps.WEB-DL.H265.10bit.HDR10.AAC-GyWEB.mp4', 'X.W.N.W.2.2025.S02E18.2160p.HQ.60fps.WEB-DL.H265.10bit.HDR10.AAC-GyWEB.mp4', 'X.W.N.W.2.2025.S02E17.2160p.HQ.60fps.WEB-DL.H265.10bit.HDR10.AAC-GyWEB.mp4', 'X.W.N.W.2.2025.S02E16.2160p.HQ.60fps.WEB-DL.H265.10bit.HDR10.AAC-GyWEB.mp4', 'X.W.N.W.2.2025.S02E15.2160p.HQ.60fps.WEB-DL.H265.10bit.HDR10.AAC-GyWEB.mp4', 'X.W.N.W.2.2025.S02E14.2160p.HQ.60fps.WEB-DL.H265.10bit.HDR10.AAC-GyWEB.mp4', 'X.W.N.W.2.2025.S02E13.2160p.HQ.60fps.WEB-DL.H265.10bit.HDR10.AAC-GyWEB.mp4', 'X.W.N.W.2.2025.S02E12.2160p.HQ.60fps.WEB-DL.H265.10bit.HDR10.AAC-GyWEB.mp4', 'X.W.N.W.2.2025.S02E11.2160p.HQ.60fps.WEB-DL.H265.10bit.HDR10.AAC-GyWEB.mp4', 'X.W.N.W.2.2025.S02E10.2160p.HQ.60fps.WEB-DL.H265.10bit.HDR10.AAC-GyWEB.mp4', 'X.W.N.W.2.2025.S02E09.2160p.HQ.60fps.WEB-DL.H265.10bit.HDR10.AAC-GyWEB.mp4', 'X.W.N.W.2.2025.S02E08.2160p.HQ.60fps.WEB-DL.H265.10bit.HDR10.AAC-GyWEB.mp4', 'X.W.N.W.2.2025.S02E07.2160p.HQ.60fps.WEB-DL.H265.10bit.HDR10.AAC-GyWEB.mp4', 'X.W.N.W.2.2025.S02E06.2160p.HQ.60fps.WEB-DL.H265.10bit.HDR10.AAC-GyWEB.mp4', 'X.W.N.W.2.2025.S02E05.2160p.HQ.60fps.WEB-DL.H265.10bit.HDR10.AAC-GyWEB.mp4', 'X.W.N.W.2.2025.S02E04.2160p.HQ.60fps.WEB-DL.H265.10bit.HDR10.AAC-GyWEB.mp4', 'X.W.N.W.2.2025.S02E03.2160p.HQ.60fps.WEB-DL.H265.10bit.HDR10.AAC-GyWEB.mp4', 'X.W.N.W.2.2025.S02E02.2160p.HQ.60fps.WEB-DL.H265.10bit.HDR10.AAC-GyWEB.mp4', 'X.W.N.W.2.2025.S02E01.2160p.HQ.60fps.WEB-DL.H265.10bit.HDR10.AAC-GyWEB.mp4', 'X.W.N.W.2.2025.S02E20.2160p.60fps.WEB-DL.H265.10bit.AAC-GyWEB.mp4', 'X.W.N.W.2.2025.S02E19.2160p.60fps.WEB-DL.H265.10bit.AAC-GyWEB.mp4', 'X.W.N.W.2.2025.S02E18.2160p.60fps.WEB-DL.H265.10bit.AAC-GyWEB.mp4', 'X.W.N.W.2.2025.S02E17.2160p.60fps.WEB-DL.H265.10bit.AAC-GyWEB.mp4', 'X.W.N.W.2.2025.S02E16.2160p.60fps.WEB-DL.H265.10bit.AAC-GyWEB.mp4', 'X.W.N.W.2.2025.S02E15.2160p.60fps.WEB-DL.H265.10bit.AAC-GyWEB.mp4', 'X.W.N.W.2.2025.S02E14.2160p.60fps.WEB-DL.H265.10bit.AAC-GyWEB.mp4', 'X.W.N.W.2.2025.S02E13.2160p.60fps.WEB-DL.H265.10bit.AAC-GyWEB.mp4', 'X.W.N.W.2.2025.S02E12.2160p.60fps.WEB-DL.H265.10bit.AAC-GyWEB.mp4', 'X.W.N.W.2.2025.S02E11.2160p.60fps.WEB-DL.H265.10bit.AAC-GyWEB.mp4', 'X.W.N.W.2.2025.S02E10.2160p.60fps.WEB-DL.H265.10bit.AAC-GyWEB.mp4', 'X.W.N.W.2.2025.S02E09.2160p.60fps.WEB-DL.H265.10bit.AAC-GyWEB.mp4', 'X.W.N.W.2.2025.S02E08.2160p.60fps.WEB-DL.H265.10bit.AAC-GyWEB.mp4', 'X.W.N.W.2.2025.S02E07.2160p.60fps.WEB-DL.H265.10bit.AAC-GyWEB.mp4', 'X.W.N.W.2.2025.S02E06.2160p.60fps.WEB-DL.H265.10bit.AAC-GyWEB.mp4', 'X.W.N.W.2.2025.S02E05.2160p.60fps.WEB-DL.H265.10bit.AAC-GyWEB.mp4', 'X.W.N.W.2.2025.S02E04.2160p.60fps.WEB-DL.H265.10bit.AAC-GyWEB.mp4', 'X.W.N.W.2.2025.S02E03.2160p.60fps.WEB-DL.H265.10bit.AAC-GyWEB.mp4', 'X.W.N.W.2.2025.S02E02.2160p.60fps.WEB-DL.H265.10bit.AAC-GyWEB.mp4', 'X.W.N.W.2.2025.S02E01.2160p.60fps.WEB-DL.H265.10bit.AAC-GyWEB.mp4']
2025-11-21 13:30:24 [INFO] app.modules.filter.services.target_episode_filter_service:141 - 获取到目标剧集组合，来自链接：https://pan.baidu.com/s/1BJ8alZy-5bD9IaoIWPXppw?pwd=6666
2025-11-21 13:30:24 [INFO] app.modules.filter.flow:138 - 新闻女王2 | https://pan.baidu.com/s/1BJ8alZy-5bD9IaoIWPXppw?pwd=6666 跳过（更新至 20，比备选https://pan.baidu.com/s/1eVAyoS6DVjaKO0Ng_XrO-A?pwd=4v7b | 20 更少）
2025-11-21 13:30:25 [INFO] app.modules.filter.services.regex_target_link_filter:50 - 匹配成功: link_title="新闻女王2 / 新闻女王 第二季 (2025) 4K HQ DV 60FPS 高码率 [SDR.60fps] [国粤双语] [更新20集]" movie_title_season="新闻女王2" pattern="^新闻女王2.*"
2025-11-21 13:30:25 [INFO] app.modules.filter.services.target_episode_filter_service:137 - 开始处理链接：--- 新闻女王2 / 新闻女王 第二季 (2025) 4K HQ DV 60FPS 高码率 [SDR.60fps] [国粤双语] [更新20集] https://pan.baidu.com/s/15y6XJHJ7OvJWtp66ezeefA?pwd=2kp3
2025-11-21 13:30:27 [INFO] app.modules.filter.services.target_episode_filter_service:128 - 最终选择 25 个文件来覆盖新剧集: ['S02E20.2160p.HQ.WEB-DL.DV.60fps.H.265.10bit.AAC.2Audios.mkv', 'S02E19.2160p.HQ.WEB-DL.DV.60fps.H.265.10bit.AAC.2Audios.mkv', 'S02E18.2160p.HQ.WEB-DL.DV.60fps.H.265.10bit.AAC.2Audios.mkv', 'S02E17.2160p.HQ.WEB-DL.DV.60fps.H.265.10bit.AAC.2Audios.mkv', 'S02E16.2160p.HQ.WEB-DL.DV.60fps.H.265.10bit.AAC.2Audios.mkv', 'S02E20.2025.2160p.60fps.WEB-DL.H.265.10bit.AAC.2Audios.mp4', 'S02E19.2025.2160p.60fps.WEB-DL.H.265.10bit.AAC.2Audios.mp4', 'S02E18.2025.2160p.60fps.WEB-DL.H.265.10bit.AAC.2Audios.mp4', 'S02E17.2025.2160p.60fps.WEB-DL.H.265.10bit.AAC.2Audios.mp4', 'S02E16.2025.2160p.60fps.WEB-DL.H.265.10bit.AAC.2Audios.mp4', 'S02E15.2025.2160p.60fps.WEB-DL.H.265.10bit.AAC.2Audios.mp4', 'S02E14.2025.2160p.60fps.WEB-DL.H.265.10bit.AAC.2Audios.mp4', 'S02E13.2025.2160p.60fps.WEB-DL.H.265.10bit.AAC.2Audios.mp4', 'S02E12.2025.2160p.60fps.WEB-DL.H.265.10bit.AAC.2Audios.mp4', 'S02E11.2025.2160p.60fps.WEB-DL.H.265.10bit.AAC.2Audios.mp4', 'S02E10.2025.2160p.60fps.WEB-DL.H.265.10bit.AAC.2Audios.mp4', 'S02E09.2025.2160p.60fps.WEB-DL.H.265.10bit.AAC.2Audios.mp4', 'S02E08.2025.2160p.60fps.WEB-DL.H.265.10bit.AAC.2Audios.mp4', 'S02E07.2025.2160p.60fps.WEB-DL.H.265.10bit.AAC.2Audios.mp4', 'S02E06.2025.2160p.60fps.WEB-DL.H.265.10bit.AAC.2Audios.mp4', 'S02E05.2025.2160p.60fps.WEB-DL.H.265.10bit.AAC.2Audios.mp4', 'S02E04.2025.2160p.60fps.WEB-DL.H.265.10bit.AAC.2Audios.mp4', 'S02E03.2025.2160p.60fps.WEB-DL.H.265.10bit.AAC.2Audios.mp4', 'S02E02.2025.2160p.60fps.WEB-DL.H.265.10bit.AAC.2Audios.mp4', 'S02E01.2025.2160p.60fps.WEB-DL.H.265.10bit.AAC.2Audios.mp4']
2025-11-21 13:30:27 [INFO] app.modules.filter.services.target_episode_filter_service:141 - 获取到目标剧集组合，来自链接：https://pan.baidu.com/s/15y6XJHJ7OvJWtp66ezeefA?pwd=2kp3
2025-11-21 13:30:27 [INFO] app.modules.filter.flow:138 - 新闻女王2 | https://pan.baidu.com/s/15y6XJHJ7OvJWtp66ezeefA?pwd=2kp3 跳过（更新至 20，比备选https://pan.baidu.com/s/1eVAyoS6DVjaKO0Ng_XrO-A?pwd=4v7b | 20 更少）
2025-11-21 13:30:27 [INFO] app.modules.filter.flow:158 - 新闻女王2分享链接遍历完成，无可用分享链接
2025-11-21 13:30:27 [INFO] app.modules.storage_operations.services.save_episodes_to_cloud:44 - 未筛选到适合['mkv', 'mp4', 'avi', 'mov', 'm4v', 'wmv', 'flv', 'torrent', 'srt', 'ass', 'sub', 'mp3', 'aac', 'zip']的链接
2025-11-21 13:30:31 [INFO] app.modules.filter.services.regex_target_link_filter:50 - 匹配成功: link_title="勿扰飞升 4K[臻彩]" movie_title_season="勿扰飞升" pattern="^勿扰飞升.*"
2025-11-21 13:30:31 [INFO] app.modules.filter.services.target_episode_filter_service:137 - 开始处理链接：--- 勿扰飞升 4K[臻彩] https://pan.quark.cn/s/c95b84316aeb
2025-11-21 13:30:31 [INFO] app.modules.filter.services.regex_target_link_filter:50 - 匹配成功: link_title="勿扰飞升" movie_title_season="勿扰飞升" pattern="^勿扰飞升.*"
2025-11-21 13:30:31 [INFO] app.modules.filter.services.target_episode_filter_service:137 - 开始处理链接：--- 勿扰飞升 https://pan.quark.cn/s/c44537b7846d
2025-11-21 13:30:32 [INFO] app.modules.filter.services.target_episode_filter_service:128 - 最终选择 12 个文件来覆盖新剧集: ['12-4K.高码率.mkv', '11-4K.高码率.mkv', '10-4K.高码率.mkv', '09-4K.高码率.mkv', '08-4K.高码率.mkv', '07-4K.高码率.mkv', '06-4K.高码率.mkv', '05-4K.高码率.mkv', '04-4K.高码率.mkv', '03-4K.高码率.mkv', '02-4K.高码率.mkv', '01-4K.高码率.mkv']
2025-11-21 13:30:32 [INFO] app.modules.filter.services.target_episode_filter_service:141 - 获取到目标剧集组合，来自链接：https://pan.quark.cn/s/c44537b7846d
2025-11-21 13:30:32 [INFO] app.modules.filter.flow:128 - 勿扰飞升 | https://pan.quark.cn/s/c44537b7846d 作为备选（更新至 12/19）
2025-11-21 13:30:32 [INFO] app.modules.filter.services.regex_target_link_filter:50 - 匹配成功: link_title="勿扰飞升" movie_title_season="勿扰飞升" pattern="^勿扰飞升.*"
2025-11-21 13:30:32 [INFO] app.modules.filter.services.target_episode_filter_service:137 - 开始处理链接：--- 勿扰飞升 https://pan.quark.cn/s/ac810cf770ef
2025-11-21 13:30:32 [INFO] app.modules.filter.services.target_episode_filter_service:128 - 最终选择 32 个文件来覆盖新剧集: ['S01E16.2025.2160p.WEB-DL.H265.10bit.60fps.HIFI2.0.&AAC5.1.4Audios.mkv', 'S01E15.2025.2160p.WEB-DL.H265.10bit.60fps.HIFI2.0.&AAC5.1.4Audios.mkv', 'S01E14.2025.2160p.WEB-DL.H265.10bit.60fps.HIFI2.0.&AAC5.1.4Audios.mkv', 'S01E13.2025.2160p.WEB-DL.H265.10bit.60fps.HIFI2.0.&AAC5.1.4Audios.mkv', 'S01E12.2025.2160p.WEB-DL.H265.10bit.60fps.HIFI2.0.&AAC5.1.4Audios.mkv', 'S01E11.2025.2160p.WEB-DL.H265.10bit.60fps.HIFI2.0.&AAC5.1.4Audios.mkv', 'S01E10.2025.2160p.WEB-DL.H265.10bit.60fps.HIFI2.0.&AAC5.1.4Audios.mkv', 'S01E09.2025.2160p.WEB-DL.H265.10bit.60fps.HIFI2.0.&AAC5.1.4Audios.mkv', 'S01E08.2025.2160p.WEB-DL.H265.10bit.60fps.HIFI2.0.&AAC5.1.4Audios.mkv', 'S01E07.2025.2160p.WEB-DL.H265.10bit.60fps.HIFI2.0.&AAC5.1.4Audios.mkv', 'S01E06.2025.2160p.WEB-DL.H265.10bit.60fps.HIFI2.0.&AAC5.1.4Audios.mkv', 'S01E05.2025.2160p.WEB-DL.H265.10bit.60fps.HIFI2.0.&AAC5.1.4Audios.mkv', 'S01E04.2025.2160p.WEB-DL.H265.10bit.60fps.HIFI2.0.&AAC5.1.4Audios.mkv', 'S01E03.2025.2160p.WEB-DL.H265.10bit.60fps.HIFI2.0.&AAC5.1.4Audios.mkv', 'S01E02.2025.2160p.WEB-DL.H265.10bit.60fps.HIFI2.0.&AAC5.1.4Audios.mkv', 'S01E01.2025.2160p.WEB-DL.H265.10bit.60fps.HIFI2.0.&AAC5.1.4Audios.mkv', 'S01E16.2025.2160p.60fps.WEB-DL.H265.10bit.AAC.mp4', 'S01E15.2025.2160p.60fps.WEB-DL.H265.10bit.AAC.mp4', 'S01E14.2025.2160p.60fps.WEB-DL.H265.10bit.AAC.mp4', 'S01E13.2025.2160p.60fps.WEB-DL.H265.10bit.AAC.mp4', 'S01E12.2025.2160p.60fps.WEB-DL.H265.10bit.AAC.mp4', 'S01E11.2025.2160p.60fps.WEB-DL.H265.10bit.AAC.mp4', 'S01E10.2025.2160p.60fps.WEB-DL.H265.10bit.AAC.mp4', 'S01E09.2025.2160p.60fps.WEB-DL.H265.10bit.AAC.mp4', 'S01E08.2025.2160p.60fps.WEB-DL.H265.10bit.AAC.mp4', 'S01E07.2025.2160p.60fps.WEB-DL.H265.10bit.AAC.mp4', 'S01E06.2025.2160p.60fps.WEB-DL.H265.10bit.AAC.mp4', 'S01E05.2025.2160p.60fps.WEB-DL.H265.10bit.AAC.mp4', 'S01E04.2025.2160p.60fps.WEB-DL.H265.10bit.AAC.mp4', 'S01E03.2025.2160p.60fps.WEB-DL.H265.10bit.AAC.mp4', 'S01E02.2025.2160p.60fps.WEB-DL.H265.10bit.AAC.mp4', 'S01E01.2025.2160p.60fps.WEB-DL.H265.10bit.AAC.mp4']
2025-11-21 13:30:32 [INFO] app.modules.filter.services.target_episode_filter_service:141 - 获取到目标剧集组合，来自链接：https://pan.quark.cn/s/ac810cf770ef
2025-11-21 13:30:32 [INFO] app.modules.filter.flow:128 - 勿扰飞升 | https://pan.quark.cn/s/ac810cf770ef 作为备选（更新至 16/19）
2025-11-21 13:30:32 [INFO] app.modules.filter.services.regex_target_link_filter:50 - 匹配成功: link_title="勿扰飞升‎ (2025) 4K HDR 高码率 60帧 杜比音效&立体全景声 中文字幕【4.7GB/集】更14集.描述： 改编自月下蝶影小说《勿扰飞升》 一位在凡尘界备受冷遇的亡国公主箜篌，因机缘巧合意外进入修仙世界，开启全员宠女主模式，从师傅师兄到隔壁门派，整个修仙界都对女主宠爱有加，为了吃苦头，磨练心智，箜篌主动走出舒适圈，要求下山闯荡，偶遇了病弱男子桓宗一起升级打怪闯荡修仙界，没想到桓宗竟然就是自己一直痴迷的修仙话本的大大，也是传说中的修仙界天才，箜篌顺利把作者大大拐回了门派当女婿，两人也在一次次的历练中克服了心魔，突破修为，双双成为了一代宗师。." movie_title_season="勿扰飞升" pattern="^勿扰飞升.*"
2025-11-21 13:30:32 [INFO] app.modules.filter.services.target_episode_filter_service:137 - 开始处理链接：--- 勿扰飞升‎ (2025) 4K HDR 高码率 60帧 杜比音效&立体全景声 中文字幕【4.7GB/集】更14集.描述： 改编自月下蝶影小说《勿扰飞升》 一位在凡尘界备受冷遇的亡国公主箜篌，因机缘巧合意外进入修仙世界，开启全员宠女主模式，从师傅师兄到隔壁门派，整个修仙界都对女主宠爱有加，为了吃苦头，磨练心智，箜篌主动走出舒适圈，要求下山闯荡，偶遇了病弱男子桓宗一起升级打怪闯荡修仙界，没想到桓宗竟然就是自己一直痴迷的修仙话本的大大，也是传说中的修仙界天才，箜篌顺利把作者大大拐回了门派当女婿，两人也在一次次的历练中克服了心魔，突破修为，双双成为了一代宗师。. https://pan.quark.cn/s/8ea3b9618153
2025-11-21 13:30:33 [INFO] app.modules.filter.services.regex_target_link_filter:50 - 匹配成功: link_title="勿扰飞升（又名: Flying Without Disturb）【2025国剧】（主演: 李宏毅 / 陆婷玉 ）更新至 第16集 4K SDR 60帧 高码率 [杜比音效&HIFI声&立体环绕声]【单集4G,共72G】纯净版" movie_title_season="勿扰飞升" pattern="^勿扰飞升.*"
2025-11-21 13:30:33 [INFO] app.modules.filter.services.target_episode_filter_service:137 - 开始处理链接：--- 勿扰飞升（又名: Flying Without Disturb）【2025国剧】（主演: 李宏毅 / 陆婷玉 ）更新至 第16集 4K SDR 60帧 高码率 [杜比音效&HIFI声&立体环绕声]【单集4G,共72G】纯净版 https://pan.quark.cn/s/834cbec6d41b
2025-11-21 13:30:33 [INFO] app.modules.filter.services.target_episode_filter_service:128 - 最终选择 16 个文件来覆盖新剧集: ['S01E16.2025.2160p.WEB-DL.H265.10bit.60fps.HIFI2.0.&AAC5.1.4Audios.mkv', 'S01E15.2025.2160p.WEB-DL.H265.10bit.60fps.HIFI2.0.&AAC5.1.4Audios.mkv', 'S01E14.2025.2160p.WEB-DL.H265.10bit.60fps.HIFI2.0.&AAC5.1.4Audios.mkv', 'S01E13.2025.2160p.WEB-DL.H265.10bit.60fps.HIFI2.0.&AAC5.1.4Audios.mkv', 'S01E12.2025.2160p.WEB-DL.H265.10bit.60fps.HIFI2.0.&AAC5.1.4Audios.mkv', 'S01E11.2025.2160p.WEB-DL.H265.10bit.60fps.HIFI2.0.&AAC5.1.4Audios.mkv', 'S01E10.2025.2160p.WEB-DL.H265.10bit.60fps.HIFI2.0.&AAC5.1.4Audios.mkv', 'S01E09.2025.2160p.WEB-DL.H265.10bit.60fps.HIFI2.0.&AAC5.1.4Audios.mkv', 'S01E08.2025.2160p.WEB-DL.H265.10bit.60fps.HIFI2.0.&AAC5.1.4Audios.mkv', 'S01E07.2025.2160p.WEB-DL.H265.10bit.60fps.HIFI2.0.&AAC5.1.4Audios.mkv', 'S01E06.2025.2160p.WEB-DL.H265.10bit.60fps.HIFI2.0.&AAC5.1.4Audios.mkv', 'S01E05.2025.2160p.WEB-DL.H265.10bit.60fps.HIFI2.0.&AAC5.1.4Audios.mkv', 'S01E04.2025.2160p.WEB-DL.H265.10bit.60fps.HIFI2.0.&AAC5.1.4Audios.mkv', 'S01E03.2025.2160p.WEB-DL.H265.10bit.60fps.HIFI2.0.&AAC5.1.4Audios.mkv', 'S01E02.2025.2160p.WEB-DL.H265.10bit.60fps.HIFI2.0.&AAC5.1.4Audios.mkv', 'S01E01.2025.2160p.WEB-DL.H265.10bit.60fps.HIFI2.0.&AAC5.1.4Audios.mkv']
2025-11-21 13:30:33 [INFO] app.modules.filter.services.target_episode_filter_service:141 - 获取到目标剧集组合，来自链接：https://pan.quark.cn/s/834cbec6d41b
2025-11-21 13:30:33 [INFO] app.modules.filter.flow:138 - 勿扰飞升 | https://pan.quark.cn/s/834cbec6d41b 跳过（更新至 16，比备选https://pan.quark.cn/s/ac810cf770ef | 16 更少）
2025-11-21 13:30:33 [INFO] app.modules.filter.services.regex_target_link_filter:50 - 匹配成功: link_title="勿扰飞升 (2025) 4K 臻彩MAX [HDR.Vivid.60fps] [更新16集]描述：改编自月下蝶影小说《勿扰飞升》 一位在凡尘界备受冷遇的亡国公主箜篌，因机缘巧合意外进入修仙世界，开启全员宠女主模式，从师傅师兄到隔壁门派，整个修仙界都对女主宠爱有加，为了吃苦头，磨练心智，箜篌主动走出舒适圈，要求下山闯荡，偶遇了病弱男子桓宗一起升级打怪闯荡修仙界，没想到桓宗竟然就是自己一直痴迷的修仙话本的大大，也是传说中的修仙界天才，箜篌顺利把作者大大拐回了门派当女婿，两人也在一次次的历练中克服了心魔，突破修为，双双成为了一代宗师。夸克：" movie_title_season="勿扰飞升" pattern="^勿扰飞升.*"
2025-11-21 13:30:33 [INFO] app.modules.filter.services.target_episode_filter_service:137 - 开始处理链接：--- 勿扰飞升 (2025) 4K 臻彩MAX [HDR.Vivid.60fps] [更新16集]描述：改编自月下蝶影小说《勿扰飞升》 一位在凡尘界备受冷遇的亡国公主箜篌，因机缘巧合意外进入修仙世界，开启全员宠女主模式，从师傅师兄到隔壁门派，整个修仙界都对女主宠爱有加，为了吃苦头，磨练心智，箜篌主动走出舒适圈，要求下山闯荡，偶遇了病弱男子桓宗一起升级打怪闯荡修仙界，没想到桓宗竟然就是自己一直痴迷的修仙话本的大大，也是传说中的修仙界天才，箜篌顺利把作者大大拐回了门派当女婿，两人也在一次次的历练中克服了心魔，突破修为，双双成为了一代宗师。夸克： https://pan.quark.cn/s/14b05fefd4a8
2025-11-21 13:30:33 [INFO] app.modules.filter.services.target_episode_filter_service:128 - 最终选择 16 个文件来覆盖新剧集: ['S01E16.2025.2160p.60fps.WEB-DL.HDR.Vivid.H.265.10bit.AAC.mp4', 'S01E15.2025.2160p.60fps.WEB-DL.HDR.Vivid.H.265.10bit.AAC.mp4', 'S01E14.2025.2160p.60fps.WEB-DL.HDR.Vivid.H.265.10bit.AAC.mp4', 'S01E13.2025.2160p.60fps.WEB-DL.HDR.Vivid.H.265.10bit.AAC.mp4', 'S01E12.2025.2160p.60fps.WEB-DL.HDR.Vivid.H.265.10bit.AAC.mp4', 'S01E11.2025.2160p.60fps.WEB-DL.HDR.Vivid.H.265.10bit.AAC.mp4', 'S01E10.2025.2160p.60fps.WEB-DL.HDR.Vivid.H.265.10bit.AAC.mp4', 'S01E09.2025.2160p.60fps.WEB-DL.HDR.Vivid.H.265.10bit.AAC.mp4', 'S01E08.2025.2160p.60fps.WEB-DL.HDR.Vivid.H.265.10bit.AAC.mp4', 'S01E07.2025.2160p.60fps.WEB-DL.HDR.Vivid.H.265.10bit.AAC.mp4', 'S01E06.2025.2160p.60fps.WEB-DL.HDR.Vivid.H.265.10bit.AAC.mp4', 'S01E05.2025.2160p.60fps.WEB-DL.HDR.Vivid.H.265.10bit.AAC.mp4', 'S01E04.2025.2160p.60fps.WEB-DL.HDR.Vivid.H.265.10bit.AAC.mp4', 'S01E03.2025.2160p.60fps.WEB-DL.HDR.Vivid.H.265.10bit.AAC.mp4', 'S01E02.2025.2160p.60fps.WEB-DL.HDR.Vivid.H.265.10bit.AAC.mp4', 'S01E01.2025.2160p.60fps.WEB-DL.HDR.Vivid.H.265.10bit.AAC.mp4']
2025-11-21 13:30:33 [INFO] app.modules.filter.services.target_episode_filter_service:141 - 获取到目标剧集组合，来自链接：https://pan.quark.cn/s/14b05fefd4a8
2025-11-21 13:30:33 [INFO] app.modules.filter.flow:138 - 勿扰飞升 | https://pan.quark.cn/s/14b05fefd4a8 跳过（更新至 16，比备选https://pan.quark.cn/s/ac810cf770ef | 16 更少）
2025-11-21 13:30:33 [INFO] app.modules.filter.services.regex_target_link_filter:50 - 匹配成功: link_title="勿扰飞升(2025)【更16集】【4K.HDR】【高码率】【内嵌简中】描述：改编自月下蝶影小说《勿扰飞升》 一位在凡尘界备受冷遇的亡国公主箜篌，因机缘巧合意外进入修仙世界，开启全员宠女主模式，从师傅师兄到隔壁门派" movie_title_season="勿扰飞升" pattern="^勿扰飞升.*"
2025-11-21 13:30:33 [INFO] app.modules.filter.services.target_episode_filter_service:137 - 开始处理链接：--- 勿扰飞升(2025)【更16集】【4K.HDR】【高码率】【内嵌简中】描述：改编自月下蝶影小说《勿扰飞升》 一位在凡尘界备受冷遇的亡国公主箜篌，因机缘巧合意外进入修仙世界，开启全员宠女主模式，从师傅师兄到隔壁门派 https://pan.quark.cn/s/7628a2df4376
2025-11-21 13:30:34 [INFO] app.modules.filter.services.target_episode_filter_service:128 - 最终选择 17 个文件来覆盖新剧集: ['Flying Up Without Disturb S01E16 - 第 16 集 - 2160p WEB-DL HDR H265 AAC.mkv', 'Flying Up Without Disturb S01E15 - 第 15 集 - 2160p WEB-DL HDR H265 AAC.mkv', 'Flying Up Without Disturb S01E14 - 第 14 集 - 2160p WEB-DL HDR H265 AAC.mkv', 'Flying Up Without Disturb S01E13 - 第 13 集 - 2160p WEB-DL HDR H265 AAC.mkv', 'Flying Up Without Disturb S01E12 - 第 12 集 - 2160p WEB-DL HDR H265 AAC.mkv', 'Flying Up Without Disturb S01E11 - 第 11 集 - 2160p WEB-DL HDR H265 AAC.mkv', 'Flying Up Without Disturb S01E10 - 第 10 集 - 2160p WEB-DL HDR H265 AAC.mkv', 'Flying Up Without Disturb S01E09 - 第 9 集 - 2160p WEB-DL HDR H265 AAC.mkv', 'Flying Up Without Disturb S01E09 - 第 9 集 - 2160p WEB-DL H265 10bit AAC.mp4', 'Flying Up Without Disturb S01E08 - 第 8 集 - 2160p WEB-DL HDR H265 AAC.mkv', 'Flying Up Without Disturb S01E07 - 第 7 集 - 2160p WEB-DL HDR H265 AAC.mkv', 'Flying Up Without Disturb S01E06 - 第 6 集 - 2160p WEB-DL HDR H265 AAC.mkv', 'Flying Up Without Disturb S01E05 - 第 5 集 - 2160p WEB-DL HDR H265 AAC.mkv', 'Flying Up Without Disturb S01E04 - 第 4 集 - 2160p WEB-DL HDR H265 AAC.mkv', 'Flying Up Without Disturb S01E03 - 第 3 集 - 2160p WEB-DL HDR H265 AAC.mkv', 'Flying Up Without Disturb S01E02 - 第 2 集 - 2160p WEB-DL HDR H265 AAC.mkv', 'Flying Up Without Disturb S01E01 - 第 1 集 - 2160p WEB-DL HDR H265 AAC.mkv']
2025-11-21 13:30:34 [INFO] app.modules.filter.services.target_episode_filter_service:141 - 获取到目标剧集组合，来自链接：https://pan.quark.cn/s/7628a2df4376
2025-11-21 13:30:34 [INFO] app.modules.filter.flow:138 - 勿扰飞升 | https://pan.quark.cn/s/7628a2df4376 跳过（更新至 16，比备选https://pan.quark.cn/s/ac810cf770ef | 16 更少）
2025-11-21 13:30:34 [INFO] app.modules.filter.services.regex_target_link_filter:50 - 匹配成功: link_title="勿扰飞升（2025）【4K.HDR.60fps】【更12集】【剧情】【李宏毅/陆婷玉】描述：改编自月下蝶影小说《勿扰飞升》 一位在凡尘界备受冷遇的亡国公主箜篌，因机缘巧合意外进入修仙世界，开启全员宠女主模式，从师傅师兄到隔壁门派，整个修仙界都对女主宠爱有加，为了吃苦头，磨练心智，箜篌主动走出舒适圈，要求下山闯荡，偶遇了病弱男子桓宗一起升级打怪闯荡修仙界，没想到桓宗竟然就是自己一直痴迷的修仙话本的大大，也是传说中的修仙界天才，箜篌顺利把作者大大拐回了门派当女婿，两人也在一次次的历练中克服了心魔，突破修为，双双成为了一代宗师。" movie_title_season="勿扰飞升" pattern="^勿扰飞升.*"
2025-11-21 13:30:34 [INFO] app.modules.filter.services.target_episode_filter_service:137 - 开始处理链接：--- 勿扰飞升（2025）【4K.HDR.60fps】【更12集】【剧情】【李宏毅/陆婷玉】描述：改编自月下蝶影小说《勿扰飞升》 一位在凡尘界备受冷遇的亡国公主箜篌，因机缘巧合意外进入修仙世界，开启全员宠女主模式，从师傅师兄到隔壁门派，整个修仙界都对女主宠爱有加，为了吃苦头，磨练心智，箜篌主动走出舒适圈，要求下山闯荡，偶遇了病弱男子桓宗一起升级打怪闯荡修仙界，没想到桓宗竟然就是自己一直痴迷的修仙话本的大大，也是传说中的修仙界天才，箜篌顺利把作者大大拐回了门派当女婿，两人也在一次次的历练中克服了心魔，突破修为，双双成为了一代宗师。 https://pan.quark.cn/s/325a8a49d23e
2025-11-21 13:30:34 [INFO] app.modules.filter.services.regex_target_link_filter:50 - 匹配成功: link_title="勿扰飞升 (2025) 【4K.HDR】【60帧率】【国语中字】【李宏毅/陆婷玉】【古装/剧情】【更新14集】描述：　　改编自月下蝶影小说《勿扰飞升》一位在凡尘界备受冷遇的亡国公主箜篌，因机缘巧合意外进入修仙世界，开启全员宠女主模式，从师傅师兄到隔壁门派，整个修仙界都对女主宠爱有加，为了吃苦头，磨练心智，箜篌主动走出舒适圈，要求下山闯荡，偶遇了病弱男子桓宗一起升级打怪闯荡修仙界，没想到桓宗竟然就是自己一直痴迷的修仙话本的大大，也是传说中的修仙界天才，箜篌顺利把作者大大拐回了门派当女婿，两人也在一次次的历练中克服了心魔，突破修为，双双成为了一代宗" movie_title_season="勿扰飞升" pattern="^勿扰飞升.*"
2025-11-21 13:30:34 [INFO] app.modules.filter.services.target_episode_filter_service:137 - 开始处理链接：--- 勿扰飞升 (2025) 【4K.HDR】【60帧率】【国语中字】【李宏毅/陆婷玉】【古装/剧情】【更新14集】描述：　　改编自月下蝶影小说《勿扰飞升》一位在凡尘界备受冷遇的亡国公主箜篌，因机缘巧合意外进入修仙世界，开启全员宠女主模式，从师傅师兄到隔壁门派，整个修仙界都对女主宠爱有加，为了吃苦头，磨练心智，箜篌主动走出舒适圈，要求下山闯荡，偶遇了病弱男子桓宗一起升级打怪闯荡修仙界，没想到桓宗竟然就是自己一直痴迷的修仙话本的大大，也是传说中的修仙界天才，箜篌顺利把作者大大拐回了门派当女婿，两人也在一次次的历练中克服了心魔，突破修为，双双成为了一代宗 https://pan.quark.cn/s/ac4a79848ff9
2025-11-21 13:30:34 [INFO] app.modules.filter.services.target_episode_filter_service:128 - 最终选择 16 个文件来覆盖新剧集: ['S01E16.2025.2160p.60fps.WEB-DL.AAC5.1.HDR.Vivid.10bits.H.265.mp4', 'S01E15.2025.2160p.60fps.WEB-DL.AAC5.1.HDR.Vivid.10bits.H.265.mp4', 'S01E14.2025.2160p.60fps.WEB-DL.AAC5.1.HDR.Vivid.10bits.H.265.mp4', 'S01E13.2025.2160p.60fps.WEB-DL.AAC5.1.HDR.Vivid.10bits.H.265.mp4', 'S01E12.2025.2160p.60fps.WEB-DL.AAC5.1.HDR.Vivid.10bits.H.265.mp4', 'S01E11.2025.2160p.60fps.WEB-DL.AAC5.1.HDR.Vivid.10bits.H.265.mp4', 'S01E10.2025.2160p.60fps.WEB-DL.AAC5.1.HDR.Vivid.10bits.H.265.mp4', 'S01E09.2025.2160p.60fps.WEB-DL.AAC5.1.HDR.Vivid.10bits.H.265.mp4', 'S01E08.2025.2160p.60fps.WEB-DL.AAC5.1.HDR.Vivid.10bits.H.265.mp4', 'S01E07.2025.2160p.60fps.WEB-DL.AAC5.1.HDR.Vivid.10bits.H.265.mp4', 'S01E06.2025.2160p.60fps.WEB-DL.AAC5.1.HDR.Vivid.10bits.H.265.mp4', 'S01E05.2025.2160p.60fps.WEB-DL.AAC5.1.HDR.Vivid.10bits.H.265.mp4', 'S01E04.2025.2160p.60fps.WEB-DL.AAC5.1.HDR.Vivid.10bits.H.265.mp4', 'S01E03.2025.2160p.60fps.WEB-DL.AAC5.1.HDR.Vivid.10bits.H.265.mp4', 'S01E02.2025.2160p.60fps.WEB-DL.AAC5.1.HDR.Vivid.10bits.H.265.mp4', 'S01E01.2025.2160p.60fps.WEB-DL.AAC5.1.HDR.Vivid.10bits.H.265.mp4']
2025-11-21 13:30:34 [INFO] app.modules.filter.services.target_episode_filter_service:141 - 获取到目标剧集组合，来自链接：https://pan.quark.cn/s/ac4a79848ff9
2025-11-21 13:30:34 [INFO] app.modules.filter.flow:138 - 勿扰飞升 | https://pan.quark.cn/s/ac4a79848ff9 跳过（更新至 16，比备选https://pan.quark.cn/s/ac810cf770ef | 16 更少）
2025-11-21 13:30:35 [INFO] app.modules.filter.services.regex_target_link_filter:50 - 匹配成功: link_title="勿扰飞升 2025 4K HDR 60FPS 更新至16集描述： 一位在凡尘界备受冷遇的亡国公主箜篌，因机缘巧合意外进入修仙世界，为磨练心智，主动下山闯荡，偶遇了病弱男子桓宗一起升级打怪闯荡修仙界并发展出深厚的感情的故事。夸克：" movie_title_season="勿扰飞升" pattern="^勿扰飞升.*"
2025-11-21 13:30:35 [INFO] app.modules.filter.services.target_episode_filter_service:137 - 开始处理链接：--- 勿扰飞升 2025 4K HDR 60FPS 更新至16集描述： 一位在凡尘界备受冷遇的亡国公主箜篌，因机缘巧合意外进入修仙世界，为磨练心智，主动下山闯荡，偶遇了病弱男子桓宗一起升级打怪闯荡修仙界并发展出深厚的感情的故事。夸克： https://pan.quark.cn/s/2871616277d7
2025-11-21 13:30:35 [INFO] app.modules.filter.services.target_episode_filter_service:128 - 最终选择 16 个文件来覆盖新剧集: ['S01E16.mkv', 'S01E15.mkv', 'S01E14.mkv', 'S01E13.mkv', 'S01E12.mp4', 'S01E11.mp4', 'S01E10.mp4', 'S01E09.mp4', 'S01E08.mp4', 'S01E07.mp4', 'S01E06.mkv', 'S01E05.mkv', 'S01E04.mkv', 'S01E03.mkv', 'S01E02.mkv', 'S01E01.mkv']
2025-11-21 13:30:35 [INFO] app.modules.filter.services.target_episode_filter_service:141 - 获取到目标剧集组合，来自链接：https://pan.quark.cn/s/2871616277d7
2025-11-21 13:30:35 [INFO] app.modules.filter.flow:138 - 勿扰飞升 | https://pan.quark.cn/s/2871616277d7 跳过（更新至 16，比备选https://pan.quark.cn/s/ac810cf770ef | 16 更少）
2025-11-21 13:30:35 [INFO] app.modules.filter.flow:158 - 勿扰飞升分享链接遍历完成，无可用分享链接
2025-11-21 13:30:35 [INFO] app.modules.storage_operations.services.save_episodes_to_cloud:44 - 未筛选到适合['mkv', 'mp4', 'avi', 'mov', 'm4v', 'wmv', 'flv', 'torrent', 'srt', 'ass', 'sub', 'mp3', 'aac', 'zip']的链接
2025-11-21 13:30:35 [INFO] app.modules.storage_operations.services.save_episodes_to_cloud:44 - 未筛选到适合['mkv', 'mp4', 'avi', 'mov', 'm4v', 'wmv', 'flv', 'torrent', 'srt', 'ass', 'sub', 'mp3', 'aac', 'zip']的链接
2025-11-21 13:31:21 [INFO] telethon.client.updates:443 - Got difference for channel 1580372425 updates
2025-11-21 13:31:21 [INFO] telethon.client.updates:443 - Got difference for channel 1688099294 updates
2025-11-21 13:31:22 [INFO] telethon.client.updates:443 - Got difference for channel 2269063013 updates
2025-11-21 13:31:22 [INFO] telethon.client.updates:443 - Got difference for channel 1280467440 updates
2025-11-21 13:32:21 [INFO] telethon.client.updates:443 - Got difference for channel 1669747816 updates
2025-11-21 13:32:22 [INFO] telethon.client.updates:443 - Got difference for channel 1934088126 updates
2025-11-21 13:32:22 [INFO] telethon.client.updates:443 - Got difference for channel 1617621330 updates
2025-11-21 13:32:22 [INFO] telethon.client.updates:443 - Got difference for channel 1280467440 updates
2025-11-21 13:33:21 [INFO] telethon.client.updates:443 - Got difference for channel 2209378593 updates
2025-11-21 13:33:22 [INFO] telethon.client.updates:443 - Got difference for channel 1617621330 updates
2025-11-21 13:33:22 [INFO] telethon.client.updates:443 - Got difference for channel 1688099294 updates
2025-11-21 13:33:22 [INFO] telethon.client.updates:443 - Got difference for channel 1280467440 updates
2025-11-21 13:34:21 [INFO] telethon.client.updates:443 - Got difference for channel 2209378593 updates
2025-11-21 13:34:22 [INFO] telethon.client.updates:443 - Got difference for channel 1580372425 updates
2025-11-21 13:34:22 [INFO] telethon.client.updates:443 - Got difference for channel 2193554291 updates
2025-11-21 13:35:00 [INFO] app.core.scheduler:480 - Dispatching scheduled job f8e4963f2a92414589a557957998c0a7 -> 将所有网盘已更新到最新进度的movie推送到平台
2025-11-21 13:35:00 [INFO] app.core.scheduler:506 - Scheduled job f8e4963f2a92414589a557957998c0a7 dispatched to task_manager
2025-11-21 13:35:00 [INFO] root:162 - [task 1318a93311294bd9a6f202e30bcd87f7] log handler attached for capture
2025-11-21 13:35:00 [INFO] app.flow.sync_new_movie_flow:327 - 将['赴山海', '欢乐家长群2', '暴风圈', '照镜辞', '漫威丧尸', '弥留之国的爱丽丝 第三季', '行骗天下KR', '健力士王朝', '犯罪现场 Zero', '科斯缇娜酒店', '入青云', '回魂计', '水龙吟', '锦月令', '棕眼之谜', '三人行', '黑盒子', '大厨小婿']发布至平台
2025-11-21 13:35:21 [INFO] telethon.client.updates:443 - Got difference for channel 1401724496 updates
2025-11-21 13:35:22 [INFO] telethon.client.updates:443 - Got difference for channel 2269063013 updates
2025-11-21 13:35:22 [INFO] telethon.client.updates:443 - Got difference for channel 2209378593 updates
2025-11-21 13:36:22 [INFO] telethon.client.updates:443 - Got difference for channel 2209378593 updates
2025-11-21 13:36:22 [INFO] telethon.client.updates:443 - Got difference for channel 1580372425 updates
2025-11-21 13:36:22 [INFO] telethon.client.updates:443 - Got difference for channel 2158983339 updates
2025-11-21 13:36:22 [INFO] telethon.client.updates:443 - Got difference for channel 2600169516 updates
2025-11-21 13:36:22 [INFO] telethon.client.updates:443 - Got difference for channel 1401724496 updates
2025-11-21 13:36:23 [INFO] telethon.client.updates:443 - Got difference for channel 1280467440 updates
2025-11-21 13:36:23 [INFO] telethon.client.updates:443 - Got difference for channel 1084638970 updates
2025-11-21 13:36:23 [INFO] telethon.client.updates:443 - Got difference for channel 2193554291 updates
2025-11-21 13:37:20 [INFO] telethon.client.updates:344 - Got difference for account updates
2025-11-21 13:37:20 [INFO] telethon.client.updates:443 - Got difference for channel 1290825027 updates
2025-11-21 13:37:20 [INFO] telethon.client.updates:443 - Got difference for channel 1780401093 updates
2025-11-21 13:37:20 [INFO] telethon.client.updates:443 - Got difference for channel 2158983339 updates
2025-11-21 13:37:20 [INFO] telethon.client.updates:443 - Got difference for channel 1280467440 updates
2025-11-21 13:37:21 [INFO] telethon.client.updates:443 - Got difference for channel 1730305106 updates
2025-11-21 13:37:21 [INFO] telethon.client.updates:443 - Got difference for channel 1617621330 updates
2025-11-21 13:37:21 [INFO] telethon.client.updates:443 - Got difference for channel 1401724496 updates
2025-11-21 13:37:21 [INFO] telethon.client.updates:443 - Got difference for channel 2073046329 updates
2025-11-21 13:37:22 [INFO] telethon.client.updates:443 - Got difference for channel 1084638970 updates
2025-11-21 13:37:22 [INFO] telethon.client.updates:443 - Got difference for channel 1831403495 updates
2025-11-21 13:37:23 [INFO] telethon.client.updates:443 - Got difference for channel 1657667314 updates
2025-11-21 13:37:24 [INFO] telethon.client.updates:443 - Got difference for channel 2158983339 updates
2025-11-21 13:38:21 [INFO] telethon.client.updates:443 - Got difference for channel 2209378593 updates
2025-11-21 13:38:22 [INFO] telethon.client.updates:443 - Got difference for channel 2158983339 updates
2025-11-21 13:38:22 [INFO] telethon.client.updates:443 - Got difference for channel 1373840858 updates
2025-11-21 13:38:22 [INFO] telethon.client.updates:443 - Got difference for channel 2016939647 updates
2025-11-21 13:38:23 [INFO] telethon.client.updates:443 - Got difference for channel 1280467440 updates
2025-11-21 13:39:21 [INFO] telethon.client.updates:443 - Got difference for channel 2158983339 updates
2025-11-21 13:39:22 [INFO] telethon.client.updates:443 - Got difference for channel 2193554291 updates
2025-11-21 13:40:00 [INFO] app.core.scheduler:480 - Dispatching scheduled job f8e4963f2a92414589a557957998c0a7 -> 将所有网盘已更新到最新进度的movie推送到平台
2025-11-21 13:40:00 [INFO] app.core.scheduler:506 - Scheduled job f8e4963f2a92414589a557957998c0a7 dispatched to task_manager
2025-11-21 13:40:00 [INFO] root:162 - [task 7f27424352d3489e9c34d4fcf5f438a7] log handler attached for capture
2025-11-21 13:40:00 [INFO] app.flow.sync_new_movie_flow:327 - 将['赴山海', '欢乐家长群2', '暴风圈', '照镜辞', '漫威丧尸', '弥留之国的爱丽丝 第三季', '行骗天下KR', '健力士王朝', '犯罪现场 Zero', '科斯缇娜酒店', '入青云', '回魂计', '水龙吟', '锦月令', '棕眼之谜', '三人行', '黑盒子', '大厨小婿']发布至平台
2025-11-21 13:40:21 [INFO] telethon.client.updates:443 - Got difference for channel 1580372425 updates
2025-11-21 13:40:22 [INFO] telethon.client.updates:443 - Got difference for channel 1617621330 updates
2025-11-21 13:40:22 [INFO] telethon.client.updates:443 - Got difference for channel 1688099294 updates
2025-11-21 13:40:22 [INFO] telethon.client.updates:443 - Got difference for channel 2158983339 updates
2025-11-21 13:40:22 [INFO] telethon.client.updates:443 - Got difference for channel 1280467440 updates
2025-11-21 13:41:21 [INFO] telethon.client.updates:443 - Got difference for channel 1401724496 updates
2025-11-21 13:41:22 [INFO] telethon.client.updates:443 - Got difference for channel 2193554291 updates
2025-11-21 13:41:22 [INFO] telethon.client.updates:443 - Got difference for channel 1561455638 updates
2025-11-21 13:41:22 [INFO] telethon.client.updates:443 - Got difference for channel 2209378593 updates
2025-11-21 13:41:22 [INFO] telethon.client.updates:443 - Got difference for channel 1280467440 updates
2025-11-21 13:42:22 [INFO] telethon.client.updates:443 - Got difference for channel 1280467440 updates
2025-11-21 13:42:22 [INFO] telethon.client.updates:443 - Got difference for channel 1688099294 updates
2025-11-21 13:43:05 [INFO] telethon.client.updates:443 - Got difference for channel 2209378593 updates
2025-11-21 13:43:05 [INFO] telethon.client.updates:443 - Got difference for channel 2269063013 updates
2025-11-21 13:43:05 [INFO] telethon.client.updates:443 - Got difference for channel 2600169516 updates
2025-11-21 13:43:22 [INFO] telethon.client.updates:443 - Got difference for channel 2016939647 updates
2025-11-21 13:44:22 [INFO] telethon.client.updates:443 - Got difference for channel 2193554291 updates
2025-11-21 13:44:22 [INFO] telethon.client.updates:443 - Got difference for channel 2016939647 updates
2025-11-21 13:44:22 [INFO] telethon.client.updates:443 - Got difference for channel 2014194320 updates
2025-11-21 13:45:00 [INFO] app.core.scheduler:480 - Dispatching scheduled job 6f853106834c42dbb500a627c0aa1bbc -> 同步今日可更新影视资源到网盘
2025-11-21 13:45:00 [INFO] app.core.scheduler:506 - Scheduled job 6f853106834c42dbb500a627c0aa1bbc dispatched to task_manager
2025-11-21 13:45:00 [INFO] app.core.scheduler:480 - Dispatching scheduled job f8e4963f2a92414589a557957998c0a7 -> 将所有网盘已更新到最新进度的movie推送到平台
2025-11-21 13:45:00 [INFO] app.core.scheduler:506 - Scheduled job f8e4963f2a92414589a557957998c0a7 dispatched to task_manager
2025-11-21 13:45:00 [INFO] root:162 - [task 94a0e7f6941c474385c5c901eeb20f5c] log handler attached for capture
2025-11-21 13:45:00 [INFO] root:162 - [task 01318f489e6145babbed1b1be75b3366] log handler attached for capture
2025-11-21 13:45:00 [INFO] app.flow.sync_new_movie_flow:181 - 今日已到更新时间点的movie:['新闻女王2', '勿扰飞升']
2025-11-21 13:45:00 [WARNING] app.flow.sync_new_movie_flow:186 - 这些movie由于tmdb_info为空无法同步：[]
2025-11-21 13:45:00 [INFO] app.flow.sync_new_movie_flow:327 - 将['赴山海', '欢乐家长群2', '暴风圈', '照镜辞', '漫威丧尸', '弥留之国的爱丽丝 第三季', '行骗天下KR', '健力士王朝', '犯罪现场 Zero', '科斯缇娜酒店', '入青云', '回魂计', '水龙吟', '锦月令', '棕眼之谜', '三人行', '黑盒子', '大厨小婿']发布至平台
2025-11-21 13:45:04 [INFO] app.modules.filter.services.regex_target_link_filter:50 - 匹配成功: link_title="新闻女王2国语" movie_title_season="新闻女王2" pattern="^新闻女王2.*"
2025-11-21 13:45:04 [INFO] app.modules.filter.services.target_episode_filter_service:137 - 开始处理链接：--- 新闻女王2国语 https://pan.quark.cn/s/f7b29837da99
2025-11-21 13:45:04 [INFO] app.modules.filter.services.target_episode_filter_service:128 - 最终选择 46 个文件来覆盖新剧集: ['The.Queen.of.NEWS.S01E26.2023.2160p.WEB-DL.H265.AAC-DDHDTV.mkv', 'The.Queen.of.NEWS.S01E25.2023.2160p.WEB-DL.H265.AAC-DDHDTV.mkv', 'The.Queen.of.NEWS.S01E24.2023.2160p.WEB-DL.H265.AAC-DDHDTV.mkv', 'The.Queen.of.NEWS.S01E23.2023.2160p.WEB-DL.H265.AAC-DDHDTV.mkv', 'The.Queen.of.NEWS.S01E22.2023.2160p.WEB-DL.H265.AAC-DDHDTV.mkv', 'The.Queen.of.NEWS.S01E21.2023.2160p.WEB-DL.H265.AAC-DDHDTV.mkv', 'The.Queen.of.NEWS.S01E20.2023.2160p.WEB-DL.H265.AAC-DDHDTV.mkv', 'The.Queen.of.NEWS.S01E19.2023.2160p.WEB-DL.H265.AAC-DDHDTV.mkv', 'The.Queen.of.NEWS.S01E18.2023.2160p.WEB-DL.H265.AAC-DDHDTV.mkv', 'The.Queen.of.NEWS.S01E17.2023.2160p.WEB-DL.H265.AAC-DDHDTV.mkv', 'The.Queen.of.NEWS.S01E16.2023.2160p.WEB-DL.H265.AAC-DDHDTV.mkv', 'The.Queen.of.NEWS.S01E15.2023.2160p.WEB-DL.H265.AAC-DDHDTV.mkv', 'The.Queen.of.NEWS.S01E14.2023.2160p.WEB-DL.H265.AAC-DDHDTV.mkv', 'The.Queen.of.NEWS.S01E13.2023.2160p.WEB-DL.H265.AAC-DDHDTV.mkv', 'The.Queen.of.NEWS.S01E12.2023.2160p.WEB-DL.H265.AAC-DDHDTV.mkv', 'The.Queen.of.NEWS.S01E11.2023.2160p.WEB-DL.H265.AAC-DDHDTV.mkv', 'The.Queen.of.NEWS.S01E10.2023.2160p.WEB-DL.H265.AAC-DDHDTV.mkv', 'The.Queen.of.NEWS.S01E09.2023.2160p.WEB-DL.H265.AAC-DDHDTV.mkv', 'The.Queen.of.NEWS.S01E08.2023.2160p.WEB-DL.H265.AAC-DDHDTV.mkv', 'The.Queen.of.NEWS.S01E07.2023.2160p.WEB-DL.H265.AAC-DDHDTV.mkv', 'The.Queen.of.NEWS.S01E06.2023.2160p.WEB-DL.H265.AAC-DDHDTV.mkv', 'The.Queen.of.NEWS.S01E05.2023.2160p.WEB-DL.H265.AAC-DDHDTV.mkv', 'The.Queen.of.NEWS.S01E04.2023.2160p.WEB-DL.H265.AAC-DDHDTV.mkv', 'The.Queen.of.NEWS.S01E03.2023.2160p.WEB-DL.H265.AAC-DDHDTV.mkv', 'The.Queen.of.NEWS.S01E02.2023.2160p.WEB-DL.H265.AAC-DDHDTV.mkv', 'The.Queen.of.NEWS.S01E01.2023.2160p.WEB-DL.H265.AAC-DDHDTV.mkv', 'S01E20.2025.2160p.60fps.WEB-DL.H265.AAC.2Audios.mkv', 'S01E19.2025.2160p.60fps.WEB-DL.H265.AAC.2Audios.mkv', 'S01E18.2025.2160p.60fps.WEB-DL.H265.AAC.2Audios.mkv', 'S01E17.2025.2160p.60fps.WEB-DL.H265.AAC.2Audios.mkv', 'S01E16.2025.2160p.60fps.WEB-DL.H265.AAC.2Audios.mkv', 'S01E15.2025.2160p.60fps.WEB-DL.H265.AAC.2Audios.mkv', 'S01E14.2025.2160p.60fps.WEB-DL.H265.AAC.2Audios.mkv', 'S01E13.2025.2160p.60fps.WEB-DL.H265.AAC.2Audios.mkv', 'S01E12.2025.2160p.60fps.WEB-DL.H265.AAC.2Audios.mkv', 'S01E11.2025.2160p.60fps.WEB-DL.H265.AAC.2Audios.mkv', 'S01E10.2025.2160p.60fps.WEB-DL.H265.AAC.2Audios.mkv', 'S01E09.2025.2160p.60fps.WEB-DL.H265.AAC.2Audios.mkv', 'S01E08.2025.2160p.60fps.WEB-DL.H265.AAC.2Audios.mkv', 'S01E07.2025.2160p.60fps.WEB-DL.H265.AAC.2Audios.mkv', 'S01E06.2025.2160p.60fps.WEB-DL.H265.AAC.2Audios.mkv', 'S01E05.2025.2160p.60fps.WEB-DL.H265.AAC.2Audios.mkv', 'S01E04.2025.2160p.60fps.WEB-DL.H265.AAC.2Audios.mkv', 'S01E03.2025.2160p.60fps.WEB-DL.H265.AAC.2Audios.mkv', 'S01E02.2025.2160p.60fps.WEB-DL.H265.AAC.2Audios.mkv', 'S01E01.2025.2160p.60fps.WEB-DL.H265.AAC.2Audios.mkv']
2025-11-21 13:45:04 [INFO] app.modules.filter.services.target_episode_filter_service:141 - 获取到目标剧集组合，来自链接：https://pan.quark.cn/s/f7b29837da99
2025-11-21 13:45:04 [INFO] app.modules.filter.flow:128 - 新闻女王2 | https://pan.quark.cn/s/f7b29837da99 作为备选（更新至 20/21）
2025-11-21 13:45:04 [INFO] app.modules.filter.services.regex_target_link_filter:50 - 匹配成功: link_title="新闻女王2国语版" movie_title_season="新闻女王2" pattern="^新闻女王2.*"
2025-11-21 13:45:04 [INFO] app.modules.filter.services.target_episode_filter_service:137 - 开始处理链接：--- 新闻女王2国语版 https://pan.quark.cn/s/6ceeb5cc2bf5
2025-11-21 13:45:05 [INFO] app.modules.filter.services.regex_target_link_filter:50 - 匹配成功: link_title="新闻女王2国语版" movie_title_season="新闻女王2" pattern="^新闻女王2.*"
2025-11-21 13:45:05 [INFO] app.modules.filter.services.target_episode_filter_service:137 - 开始处理链接：--- 新闻女王2国语版 https://pan.baidu.com/s/1cHrCu7Z7J_KyihwpUCENRg?pwd=8888
2025-11-21 13:45:05 [INFO] app.modules.filter.services.target_episode_filter_service:128 - 最终选择 18 个文件来覆盖新剧集: ['20 4K.mkv', '19 4K.mkv', '17 4K.mkv', '16 4K.mkv', '15 4K.mkv', '14 4K【国粤双语】.mkv', '12 4K.mkv', '11 4K.mp4', '10 4K【国粤双语】.mkv', '09 4K【国粤双语】.mkv', '08 4K.mkv', '07 4K.mkv', '06 4K.mkv', '05 4K.mkv', '04 4K.mp4', '03 4K.mkv', '02 4K.mkv', '01 4K.mkv']
2025-11-21 13:45:05 [INFO] app.modules.filter.services.target_episode_filter_service:141 - 获取到目标剧集组合，来自链接：https://pan.quark.cn/s/6ceeb5cc2bf5
2025-11-21 13:45:05 [INFO] app.modules.filter.flow:138 - 新闻女王2 | https://pan.quark.cn/s/6ceeb5cc2bf5 跳过（更新至 20，比备选https://pan.quark.cn/s/f7b29837da99 | 20 更少）
2025-11-21 13:45:05 [INFO] app.modules.filter.services.regex_target_link_filter:50 - 匹配成功: link_title="新闻女王2 4K[臻彩]" movie_title_season="新闻女王2" pattern="^新闻女王2.*"
2025-11-21 13:45:05 [INFO] app.modules.filter.services.target_episode_filter_service:137 - 开始处理链接：--- 新闻女王2 4K[臻彩] https://pan.quark.cn/s/b72f6131127c
2025-11-21 13:45:05 [INFO] app.modules.filter.services.regex_target_link_filter:50 - 匹配成功: link_title="新闻女王/新闻女王2(2025)【更20集】【4K.普码】【国粤双语】【内嵌简中】【附第一季】描述：半年间，SNK剧变，总监余英飞离职、门外汉古肇华空降。张家妍虽掌权却难服众。刘艳的公开平台崛起，动摇传统媒体地位，连已入官场的许诗晴亦被卷入新旧媒体的角力。文慧心于此时复出，昭告世人：新闻女王的地位永远不可撼动！" movie_title_season="新闻女王2" pattern=".*新闻女王2[(（]20\d{2}[）)]"
2025-11-21 13:45:05 [INFO] app.modules.filter.services.target_episode_filter_service:137 - 开始处理链接：--- 新闻女王/新闻女王2(2025)【更20集】【4K.普码】【国粤双语】【内嵌简中】【附第一季】描述：半年间，SNK剧变，总监余英飞离职、门外汉古肇华空降。张家妍虽掌权却难服众。刘艳的公开平台崛起，动摇传统媒体地位，连已入官场的许诗晴亦被卷入新旧媒体的角力。文慧心于此时复出，昭告世人：新闻女王的地位永远不可撼动！ https://pan.quark.cn/s/e13c88c7a09c
2025-11-21 13:45:06 [INFO] app.modules.filter.services.target_episode_filter_service:128 - 最终选择 12 个文件来覆盖新剧集: ['06.4k.粤语.mp4', '05.4k.粤语.mp4', '04.4k.粤语.mp4', '03.4k.粤语.mp4', '02.4k.粤语.mp4', '01.4k.粤语.mp4', '06.4k.国语.mp4', '05.4k.国语..mp4', '04.4k.国语.mp4', '03.4k.国语.mp4', '02.4k.国语.mp4', '01.4k.国语.mp4']
2025-11-21 13:45:06 [INFO] app.modules.filter.services.target_episode_filter_service:141 - 获取到目标剧集组合，来自链接：https://pan.baidu.com/s/1cHrCu7Z7J_KyihwpUCENRg?pwd=8888
2025-11-21 13:45:06 [INFO] app.modules.filter.flow:128 - 新闻女王2 | https://pan.baidu.com/s/1cHrCu7Z7J_KyihwpUCENRg?pwd=8888 作为备选（更新至 6/21）
2025-11-21 13:45:06 [INFO] app.modules.filter.services.target_episode_filter_service:128 - 最终选择 48 个文件来覆盖新剧集: ['The QUEEN of News S02E20 - 第 20 集 - 2160p WEB-DL H265 AAC 2Audio.mkv', 'The QUEEN of News S02E19 - 第 19 集 - 2160p WEB-DL H265 AAC 2Audio.mkv', 'The QUEEN of News S02E18 - 第 18 集 - 2160p WEB-DL H265 AAC 2Audio.mkv', 'The QUEEN of News S02E17 - 第 17 集 - 2160p WEB-DL H265 AAC 2Audio.mkv', 'The QUEEN of News S02E16 - 第 16 集 - 2160p WEB-DL H265 AAC 2Audio.mkv', 'The QUEEN of News S02E15 - 第 15 集 - 2160p WEB-DL H265 AAC 2Audio.mkv', 'The QUEEN of News S02E14 - 第 14 集 - 2160p WEB-DL H265 AAC 2Audio.mkv', 'The QUEEN of News S02E13 - 第 13 集 - 2160p WEB-DL H265 AAC 2Audio.mkv', 'The QUEEN of News S02E12 - 第 12 集 - 2160p WEB-DL H265 AAC 2Audio.mkv', 'The QUEEN of News S02E11 - 第 11 集 - 2160p WEB-DL H265 AAC 2Audio.mkv', 'The QUEEN of News S02E10 - 第 10 集 - 2160p WEB-DL H265 AAC 2Audio.mkv', 'The QUEEN of News S02E09 - 第 9 集 - 2160p WEB-DL H265 AAC 2Audio.mkv', 'The QUEEN of News S02E08 - 第 8 集 - 2160p WEB-DL H265 AAC 2Audio.mkv', 'The QUEEN of News S02E07 - 第 7 集 - 2160p WEB-DL H265 AAC 2Audio.mkv', 'The QUEEN of News S02E06 - 第 6 集 - 2160p WEB-DL H265 AAC 2Audio.mkv', 'The QUEEN of News S02E05 - 第 5 集 - 2160p WEB-DL H265 AAC 2Audio.mkv', 'The QUEEN of News S02E04 - 第 4 集 - 2160p WEB-DL H265 AAC 2Audio.mkv', 'The QUEEN of News S02E03 - 第 3 集 - 2160p WEB-DL H265 AAC 2Audio.mkv', 'The QUEEN of News S02E02 - 第 2 集 - 2160p WEB-DL H265 AAC 2Audio.mkv', 'The QUEEN of News S02E01 - 第 1 集 - 2160p WEB-DL H265 AAC 2Audio.mkv', 'The QUEEN of News S01E26 - 第 26 集 - 2160p WEB-DL HQ H265 10bit AAC.mp4', 'The QUEEN of News S01E25 - 第 25 集 - 2160p WEB-DL HQ H265 10bit AAC.mp4', 'The QUEEN of News S01E24 - 第 24 集 - 2160p WEB-DL HQ H265 10bit AAC.mp4', 'The QUEEN of News S01E23 - 第 23 集 - 2160p WEB-DL HQ H265 10bit AAC.mp4', 'The QUEEN of News S01E22 - 第 22 集 - 2160p WEB-DL HQ H265 10bit AAC.mp4', 'The QUEEN of News S01E21 - 第 21 集 - 2160p WEB-DL HQ H265 10bit AAC.mp4', 'The QUEEN of News S01E20 - 第 20 集 - 2160p WEB-DL HQ H265 10bit AAC.mp4', 'The QUEEN of News S01E19 - 第 19 集 - 2160p WEB-DL HQ H265 10bit AAC.mp4', 'The QUEEN of News S01E18 - 第 18 集 - 2160p WEB-DL HQ H265 10bit AAC.mp4', 'The QUEEN of News S01E17 - 第 17 集 - 2160p WEB-DL HQ H265 10bit AAC.mp4', 'The QUEEN of News S01E16 - 第 16 集 - 2160p WEB-DL HQ H265 10bit AAC.mp4', 'The QUEEN of News S01E15 - 第 15 集 - 2160p WEB-DL HQ H265 10bit AAC.mp4', 'The QUEEN of News S01E14 - 第 14 集 - 2160p WEB-DL HQ H265 10bit AAC.mp4', 'The QUEEN of News S01E13 - 第 13 集 - 2160p WEB-DL HQ H265 10bit AAC.mp4', 'The QUEEN of News S01E12 - 第 12 集 - 2160p WEB-DL HQ H265 10bit AAC.mp4', 'The QUEEN of News S01E11 - 第 11 集 - 2160p WEB-DL HQ H265 10bit AAC.mp4', 'The QUEEN of News S01E10 - 第 10 集 - 2160p WEB-DL HQ H265 10bit AAC.mp4', 'The QUEEN of News S01E09 - 第 9 集 - 2160p WEB-DL HQ H265 10bit AAC.mp4', 'The QUEEN of News S01E08 - 第 8 集 - 2160p WEB-DL HQ H265 10bit AAC.mp4', 'The QUEEN of News S01E07 - 第 7 集 - 2160p WEB-DL HQ H265 10bit AAC.mp4', 'The QUEEN of News S01E06 - 第 6 集 - 2160p WEB-DL HQ H265 10bit AAC.mp4', 'The QUEEN of News S01E05 - 第 5 集 - 2160p WEB-DL HQ H265 10bit AAC.mp4', 'The QUEEN of News S01E04 - 第 4 集 - 2160p WEB-DL HQ H265 10bit AAC.mp4', 'The QUEEN of News S01E03 - 第 3 集 - 2160p WEB-DL HQ H265 10bit AAC.mp4', 'The QUEEN of News S01E02 - 第 2 集 - 2160p WEB-DL HQ H265 10bit AAC.mp4', 'The QUEEN of News S01E01 - 第 1 集 - 2160p WEB-DL HQ H265 10bit AAC.mp4', 'season02-poster.jpg', 'season01-poster.jpg']
2025-11-21 13:45:06 [INFO] app.modules.filter.services.target_episode_filter_service:141 - 获取到目标剧集组合，来自链接：https://pan.quark.cn/s/e13c88c7a09c
2025-11-21 13:45:06 [WARNING] app.modules.filter.flow:110 - 新闻女王2 | https://pan.quark.cn/s/e13c88c7a09c 更新超出容忍范围,被跳过: 26 > 21 + 2
2025-11-21 13:45:06 [WARNING] app.modules.filter.services.regex_target_link_filter:58 - 未匹配: link_title="[4K][国粤双轨][内嵌简中][附第一季]（新闻女王2；第二季）新聞女王Ⅱ(2025)[更至20／25集]香港 剧情佘诗曼 黄宗泽 李施嬅 高海宁 王敏奕夸克网盘：" movie_title_season="新闻女王2" patterns=['^新闻女王2.*', '.*【新闻女王2】.*', '.*新闻女王2.*1080p.*', '.*新闻女王2.*S\\d{2}E\\d{2}', '.*《新闻女王2》.*', '.*「新闻女王2」.*', '.*[:：]新闻女王2.*', '.*新闻女王2[(（]20\\d{2}[）)]']
2025-11-21 13:45:06 [INFO] app.modules.filter.services.regex_target_link_filter:50 - 匹配成功: link_title="新闻女王 第二季 新闻女王2（2025）【4K.60fps】【国粤双语】【内封简中】【更20集】【剧情】【佘诗曼/黄宗泽】【附第一季】.描述：半年间，SNK剧变，总监余英飞离职、门外汉古肇华空降。张家妍虽掌权却难服众。刘艳的公开平台崛起，动摇传统媒体地位，连已入官场的许诗晴亦被卷入新旧媒体的角力。文慧心于此时复出，昭告世人：新闻女王的地位永远不可撼动！." movie_title_season="新闻女王2" pattern=".*新闻女王2[(（]20\d{2}[）)]"
2025-11-21 13:45:06 [INFO] app.modules.filter.services.target_episode_filter_service:137 - 开始处理链接：--- 新闻女王 第二季 新闻女王2（2025）【4K.60fps】【国粤双语】【内封简中】【更20集】【剧情】【佘诗曼/黄宗泽】【附第一季】.描述：半年间，SNK剧变，总监余英飞离职、门外汉古肇华空降。张家妍虽掌权却难服众。刘艳的公开平台崛起，动摇传统媒体地位，连已入官场的许诗晴亦被卷入新旧媒体的角力。文慧心于此时复出，昭告世人：新闻女王的地位永远不可撼动！. https://pan.quark.cn/s/5dd3198d9a4e
2025-11-21 13:45:06 [INFO] app.modules.filter.services.regex_target_link_filter:50 - 匹配成功: link_title="🗄 新闻女王/新闻女王2(2025)【更20集】【4K.普码】【国粤双语】【内嵌简中】【附第一季】" movie_title_season="新闻女王2" pattern=".*新闻女王2[(（]20\d{2}[）)]"
2025-11-21 13:45:06 [INFO] app.modules.filter.services.target_episode_filter_service:137 - 开始处理链接：--- 🗄 新闻女王/新闻女王2(2025)【更20集】【4K.普码】【国粤双语】【内嵌简中】【附第一季】 https://pan.baidu.com/s/1NaKehOngqlT5iBvENHI2rw?pwd=Yu66
2025-11-21 13:45:07 [INFO] app.modules.filter.services.regex_target_link_filter:50 - 匹配成功: link_title="新闻女王2 更新至20集 4K SDR 60帧 高码率https://pan.baidu.com/s/1eVAyoS6DVjaKO0Ng_XrO-A?pwd=4v7b" movie_title_season="新闻女王2" pattern="^新闻女王2.*"
2025-11-21 13:45:07 [INFO] app.modules.filter.services.target_episode_filter_service:137 - 开始处理链接：--- 新闻女王2 更新至20集 4K SDR 60帧 高码率https://pan.baidu.com/s/1eVAyoS6DVjaKO0Ng_XrO-A?pwd=4v7b https://pan.quark.cn/s/e5a2d001f7c3
2025-11-21 13:45:07 [INFO] app.modules.filter.services.target_episode_filter_service:128 - 最终选择 20 个文件来覆盖新剧集: ['The.Queen.of.NEWS.S02E20.2025.2160p.HQ.WEB-DL.60fps.H.265.AAC.2Audio.mp4', 'The.Queen.of.NEWS.S02E19.2025.2160p.HQ.WEB-DL.60fps.H.265.AAC.2Audio.mp4', 'The.Queen.of.NEWS.S02E18.2025.2160p.HQ.WEB-DL.60fps.H.265.AAC.2Audio.mp4', 'The.Queen.of.NEWS.S02E17.2025.2160p.HQ.WEB-DL.60fps.H.265.AAC.2Audio.mp4', 'The.Queen.of.NEWS.S02E16.2025.2160p.HQ.WEB-DL.60fps.H.265.AAC.2Audio.mp4', 'The.Queen.of.NEWS.S02E15.2025.2160p.HQ.WEB-DL.60fps.H.265.AAC.2Audio.mp4', 'The.Queen.of.NEWS.S02E14.2025.2160p.HQ.WEB-DL.60fps.H.265.AAC.2Audio.mp4', 'The.Queen.of.NEWS.S02E13.2025.2160p.HQ.WEB-DL.60fps.H.265.AAC.2Audio.mp4', 'The.Queen.of.NEWS.S02E12.2025.2160p.HQ.WEB-DL.60fps.H.265.AAC.2Audio.mp4', 'The.Queen.of.NEWS.S02E11.2025.2160p.HQ.WEB-DL.60fps.H.265.AAC.2Audio.mp4', 'The.Queen.of.NEWS.S02E10.2025.2160p.HQ.WEB-DL.60fps.H.265.AAC.2Audio.mp4', 'The.Queen.of.NEWS.S02E09.2025.2160p.HQ.WEB-DL.60fps.H.265.AAC.2Audio.mp4', 'The.Queen.of.NEWS.S02E08.2025.2160p.HQ.WEB-DL.60fps.H.265.AAC.2Audio.mp4', 'The.Queen.of.NEWS.S02E07.2025.2160p.HQ.WEB-DL.60fps.H.265.AAC.2Audio.mp4', 'The.Queen.of.NEWS.S02E06.2025.2160p.HQ.WEB-DL.60fps.H.265.AAC.2Audio.mp4', 'The.Queen.of.NEWS.S02E05.2025.2160p.HQ.WEB-DL.60fps.H.265.AAC.2Audio.mp4', 'The.Queen.of.NEWS.S02E04.2025.2160p.HQ.WEB-DL.60fps.H.265.AAC.2Audio.mp4', 'The.Queen.of.NEWS.S02E03.2025.2160p.HQ.WEB-DL.60fps.H.265.AAC.2Audio.mp4', 'The.Queen.of.NEWS.S02E02.2025.2160p.HQ.WEB-DL.60fps.H.265.AAC.2Audio.mp4', 'The.Queen.of.NEWS.S02E01.2025.2160p.HQ.WEB-DL.60fps.H.265.AAC.2Audio.mp4']
2025-11-21 13:45:07 [INFO] app.modules.filter.services.target_episode_filter_service:141 - 获取到目标剧集组合，来自链接：https://pan.quark.cn/s/e5a2d001f7c3
2025-11-21 13:45:07 [INFO] app.modules.filter.flow:138 - 新闻女王2 | https://pan.quark.cn/s/e5a2d001f7c3 跳过（更新至 20，比备选https://pan.quark.cn/s/f7b29837da99 | 20 更少）
2025-11-21 13:45:07 [INFO] app.modules.filter.services.regex_target_link_filter:50 - 匹配成功: link_title="新闻女王2 新聞女王Ⅱ (2025) [WEB-4K] [国粤双语] [内嵌简中] [更至20集]描述：半年间，SNK剧变，总监余英飞离职、门外汉古肇华空降。张家妍虽掌权却难服众。刘艳的公开平台崛起，动摇传统媒体地位，连已入官场的许诗晴亦被卷入新旧媒体的角力。文慧心于此时复出，昭告世人：新闻女王的地位永远不可撼动！" movie_title_season="新闻女王2" pattern="^新闻女王2.*"
2025-11-21 13:45:07 [INFO] app.modules.filter.services.target_episode_filter_service:137 - 开始处理链接：--- 新闻女王2 新聞女王Ⅱ (2025) [WEB-4K] [国粤双语] [内嵌简中] [更至20集]描述：半年间，SNK剧变，总监余英飞离职、门外汉古肇华空降。张家妍虽掌权却难服众。刘艳的公开平台崛起，动摇传统媒体地位，连已入官场的许诗晴亦被卷入新旧媒体的角力。文慧心于此时复出，昭告世人：新闻女王的地位永远不可撼动！ https://pan.quark.cn/s/78671d8397f3
2025-11-21 13:45:07 [INFO] app.modules.filter.services.target_episode_filter_service:128 - 最终选择 20 个文件来覆盖新剧集: ['XWNWSSM2-20.mkv', 'XWNWSSM2-19.mkv', 'XWNWSSM2-18.mkv', 'XWNWSSM2-17.mkv', 'XWNWSSM2-16.mkv', 'XWNWSSM2-15.mkv', 'XWNWSSM2-14.mkv', 'XWNWSSM2-13.mkv', 'XWNWSSM2-12.mkv', 'XWNWSSM2-11.mkv', 'XWNWSSM2-10.mkv', 'XWNWSSM2-09.mkv', 'XWNWSSM2-08.mkv', 'XWNWSSM2-07.mkv', 'XWNWSSM2-06.mkv', 'XWNWSSM2-05.mkv', 'XWNWSSM2-04.mkv', 'XWNWSSM2-03.mkv', 'XWNWSSM2-02.mkv', 'XWNWSSM2-01.mkv']
2025-11-21 13:45:07 [INFO] app.modules.filter.services.target_episode_filter_service:141 - 获取到目标剧集组合，来自链接：https://pan.quark.cn/s/78671d8397f3
2025-11-21 13:45:07 [INFO] app.modules.filter.flow:138 - 新闻女王2 | https://pan.quark.cn/s/78671d8397f3 跳过（更新至 20，比备选https://pan.quark.cn/s/f7b29837da99 | 20 更少）
2025-11-21 13:45:07 [INFO] app.modules.filter.services.regex_target_link_filter:50 - 匹配成功: link_title="新闻女王2 (2025)更至20集 [4K][国语&粤语][佘诗曼/黄宗泽]/ 新闻女王 第二季描述：半年间，SNK剧变，总监余英飞离职、门外汉古肇华空降。张家妍虽掌权却难服众。刘艳的公开平台崛起，动摇传统媒体地位，连已入官场的许诗晴亦被卷入新旧媒体的角力。文慧心于此时复出，昭告世人：新闻女王的地位永远不可撼动！" movie_title_season="新闻女王2" pattern="^新闻女王2.*"
2025-11-21 13:45:07 [INFO] app.modules.filter.services.target_episode_filter_service:137 - 开始处理链接：--- 新闻女王2 (2025)更至20集 [4K][国语&粤语][佘诗曼/黄宗泽]/ 新闻女王 第二季描述：半年间，SNK剧变，总监余英飞离职、门外汉古肇华空降。张家妍虽掌权却难服众。刘艳的公开平台崛起，动摇传统媒体地位，连已入官场的许诗晴亦被卷入新旧媒体的角力。文慧心于此时复出，昭告世人：新闻女王的地位永远不可撼动！ https://pan.quark.cn/s/978026e62684
2025-11-21 13:45:08 [INFO] app.modules.filter.services.regex_target_link_filter:50 - 匹配成功: link_title="新闻女王2 / 新闻女王 第二季 (2025) 4K SDR 60帧 国粤双语【更新EP20】描述：半年间，SNK剧变，总监余英飞离职、门外汉古肇华空降。张家妍虽掌权却难服众。刘艳的公开平台崛起，动摇传统媒体地位，连已入官场的许诗晴亦被卷入新旧媒体的角力。文慧心于此时复出，昭告世人：新闻女王的地位永远不可撼动！夸克：" movie_title_season="新闻女王2" pattern="^新闻女王2.*"
2025-11-21 13:45:08 [INFO] app.modules.filter.services.target_episode_filter_service:137 - 开始处理链接：--- 新闻女王2 / 新闻女王 第二季 (2025) 4K SDR 60帧 国粤双语【更新EP20】描述：半年间，SNK剧变，总监余英飞离职、门外汉古肇华空降。张家妍虽掌权却难服众。刘艳的公开平台崛起，动摇传统媒体地位，连已入官场的许诗晴亦被卷入新旧媒体的角力。文慧心于此时复出，昭告世人：新闻女王的地位永远不可撼动！夸克： https://pan.quark.cn/s/3b0b7e405cdb
2025-11-21 13:45:08 [INFO] app.modules.filter.services.target_episode_filter_service:128 - 最终选择 46 个文件来覆盖新剧集: ['S01E26.mp4', 'S01E25.mp4', 'S01E24.mp4', 'S01E23.mp4', 'S01E22.mp4', 'S01E21.mp4', 'S01E20.mp4', 'S01E19.mp4', 'S01E18.mp4', 'S01E17.mp4', 'S01E16.mp4', 'S01E15.mp4', 'S01E14.mp4', 'S01E13.mp4', 'S01E12.mp4', 'S01E11.mp4', 'S01E10.mp4', 'S01E09.mp4', 'S01E08.mp4', 'S01E07.mp4', 'S01E06.mp4', 'S01E05.mp4', 'S01E04.mp4', 'S01E03.mp4', 'S01E02.mp4', 'S01E01.mp4', 'S01E20.2025.2160p.60fps.WEB-DL.H265.AAC.2Audios.mkv', 'S01E19.2025.2160p.60fps.WEB-DL.H265.AAC.2Audios.mp4', 'S01E18.2025.2160p.60fps.WEB-DL.H265.AAC.2Audio.mkv', 'S01E17.2025.2160p.60fps.WEB-DL.H265.AAC.2Audios.mp4', 'S01E16.2025.2160p.60fps.WEB-DL.H265.AAC.2Audios.mp4', 'S01E15.2025.2160p.60fps.WEB-DL.H265.AAC.2Audios.mp4', 'S01E14.2025.2160p.60fps.WEB-DL.H265.AAC.2Audios.mkv', 'S01E13.2025.2160p.60fps.WEB-DL.H265.AAC.2Audios.mkv', 'S01E12.2025.2160p.60fps.WEB-DL.H265.AAC.2Audios.mkv', 'S01E11.2025.2160p.60fps.WEB-DL.H265.AAC.2Audios.mkv', 'S01E10.2025.2160p.60fps.WEB-DL.H265.AAC.2Audios.mkv', 'S01E09.2025.2160p.60fps.WEB-DL.H265.AAC.2Audios.mkv', 'S01E08.2025.2160p.60fps.WEB-DL.H265.AAC.2Audios.mkv', 'S01E07.2025.2160p.60fps.WEB-DL.H265.AAC.2Audios.mkv', 'S01E06.2025.2160p.60fps.WEB-DL.H265.AAC.2Audios.mkv', 'S01E05.2025.2160p.60fps.WEB-DL.H265.AAC.2Audios.mkv', 'S01E04.2025.2160p.60fps.WEB-DL.H265.AAC.2Audios.mkv', 'S01E03.2025.2160p.60fps.WEB-DL.H265.AAC.2Audios.mkv', 'S01E02.2025.2160p.60fps.WEB-DL.H265.AAC.2Audios.mkv', 'S01E01.2025.2160p.60fps.WEB-DL.H265.AAC.2Audios.mkv']
2025-11-21 13:45:08 [INFO] app.modules.filter.services.target_episode_filter_service:141 - 获取到目标剧集组合，来自链接：https://pan.quark.cn/s/3b0b7e405cdb
2025-11-21 13:45:08 [WARNING] app.modules.filter.flow:110 - 新闻女王2 | https://pan.quark.cn/s/3b0b7e405cdb 更新超出容忍范围,被跳过: 26 > 21 + 2
2025-11-21 13:45:08 [INFO] app.modules.filter.flow:158 - 新闻女王2分享链接遍历完成，无可用分享链接
2025-11-21 13:45:08 [INFO] app.modules.storage_operations.services.save_episodes_to_cloud:44 - 未筛选到适合['mkv', 'mp4', 'avi', 'mov', 'm4v', 'wmv', 'flv', 'torrent', 'srt', 'ass', 'sub', 'mp3', 'aac', 'zip']的链接
2025-11-21 13:45:08 [INFO] app.modules.storage_operations.services.save_episodes_to_cloud:44 - 未筛选到适合['mkv', 'mp4', 'avi', 'mov', 'm4v', 'wmv', 'flv', 'torrent', 'srt', 'ass', 'sub', 'mp3', 'aac', 'zip']的链接
2025-11-21 13:45:09 [INFO] app.modules.filter.services.target_episode_filter_service:128 - 最终选择 48 个文件来覆盖新剧集: ['The QUEEN of News S02E20 - 第 20 集 - 2160p WEB-DL H265 AAC 2Audio.mkv', 'The QUEEN of News S02E19 - 第 19 集 - 2160p WEB-DL H265 AAC 2Audio.mkv', 'The QUEEN of News S02E18 - 第 18 集 - 2160p WEB-DL H265 AAC 2Audio.mkv', 'The QUEEN of News S02E17 - 第 17 集 - 2160p WEB-DL H265 AAC 2Audio.mkv', 'The QUEEN of News S02E16 - 第 16 集 - 2160p WEB-DL H265 AAC 2Audio.mkv', 'The QUEEN of News S02E15 - 第 15 集 - 2160p WEB-DL H265 AAC 2Audio.mkv', 'The QUEEN of News S02E14 - 第 14 集 - 2160p WEB-DL H265 AAC 2Audio.mkv', 'The QUEEN of News S02E13 - 第 13 集 - 2160p WEB-DL H265 AAC 2Audio.mkv', 'The QUEEN of News S02E12 - 第 12 集 - 2160p WEB-DL H265 AAC 2Audio.mkv', 'The QUEEN of News S02E11 - 第 11 集 - 2160p WEB-DL H265 AAC 2Audio.mkv', 'The QUEEN of News S02E10 - 第 10 集 - 2160p WEB-DL H265 AAC 2Audio.mkv', 'The QUEEN of News S02E09 - 第 9 集 - 2160p WEB-DL H265 AAC 2Audio.mkv', 'The QUEEN of News S02E08 - 第 8 集 - 2160p WEB-DL H265 AAC 2Audio.mkv', 'The QUEEN of News S02E07 - 第 7 集 - 2160p WEB-DL H265 AAC 2Audio.mkv', 'The QUEEN of News S02E06 - 第 6 集 - 2160p WEB-DL H265 AAC 2Audio.mkv', 'The QUEEN of News S02E05 - 第 5 集 - 2160p WEB-DL H265 AAC 2Audio.mkv', 'The QUEEN of News S02E04 - 第 4 集 - 2160p WEB-DL H265 AAC 2Audio.mkv', 'The QUEEN of News S02E03 - 第 3 集 - 2160p WEB-DL H265 AAC 2Audio.mkv', 'The QUEEN of News S02E02 - 第 2 集 - 2160p WEB-DL H265 AAC 2Audio.mkv', 'The QUEEN of News S02E01 - 第 1 集 - 2160p WEB-DL H265 AAC 2Audio.mkv', 'The QUEEN of News S01E26 - 第 26 集 - 2160p WEB-DL HQ H265 10bit AAC.mp4', 'The QUEEN of News S01E25 - 第 25 集 - 2160p WEB-DL HQ H265 10bit AAC.mp4', 'The QUEEN of News S01E24 - 第 24 集 - 2160p WEB-DL HQ H265 10bit AAC.mp4', 'The QUEEN of News S01E23 - 第 23 集 - 2160p WEB-DL HQ H265 10bit AAC.mp4', 'The QUEEN of News S01E22 - 第 22 集 - 2160p WEB-DL HQ H265 10bit AAC.mp4', 'The QUEEN of News S01E21 - 第 21 集 - 2160p WEB-DL HQ H265 10bit AAC.mp4', 'The QUEEN of News S01E20 - 第 20 集 - 2160p WEB-DL HQ H265 10bit AAC.mp4', 'The QUEEN of News S01E19 - 第 19 集 - 2160p WEB-DL HQ H265 10bit AAC.mp4', 'The QUEEN of News S01E18 - 第 18 集 - 2160p WEB-DL HQ H265 10bit AAC.mp4', 'The QUEEN of News S01E17 - 第 17 集 - 2160p WEB-DL HQ H265 10bit AAC.mp4', 'The QUEEN of News S01E16 - 第 16 集 - 2160p WEB-DL HQ H265 10bit AAC.mp4', 'The QUEEN of News S01E15 - 第 15 集 - 2160p WEB-DL HQ H265 10bit AAC.mp4', 'The QUEEN of News S01E14 - 第 14 集 - 2160p WEB-DL HQ H265 10bit AAC.mp4', 'The QUEEN of News S01E13 - 第 13 集 - 2160p WEB-DL HQ H265 10bit AAC.mp4', 'The QUEEN of News S01E12 - 第 12 集 - 2160p WEB-DL HQ H265 10bit AAC.mp4', 'The QUEEN of News S01E11 - 第 11 集 - 2160p WEB-DL HQ H265 10bit AAC.mp4', 'The QUEEN of News S01E10 - 第 10 集 - 2160p WEB-DL HQ H265 10bit AAC.mp4', 'The QUEEN of News S01E09 - 第 9 集 - 2160p WEB-DL HQ H265 10bit AAC.mp4', 'The QUEEN of News S01E08 - 第 8 集 - 2160p WEB-DL HQ H265 10bit AAC.mp4', 'The QUEEN of News S01E07 - 第 7 集 - 2160p WEB-DL HQ H265 10bit AAC.mp4', 'The QUEEN of News S01E06 - 第 6 集 - 2160p WEB-DL HQ H265 10bit AAC.mp4', 'The QUEEN of News S01E05 - 第 5 集 - 2160p WEB-DL HQ H265 10bit AAC.mp4', 'The QUEEN of News S01E04 - 第 4 集 - 2160p WEB-DL HQ H265 10bit AAC.mp4', 'The QUEEN of News S01E03 - 第 3 集 - 2160p WEB-DL HQ H265 10bit AAC.mp4', 'The QUEEN of News S01E02 - 第 2 集 - 2160p WEB-DL HQ H265 10bit AAC.mp4', 'The QUEEN of News S01E01 - 第 1 集 - 2160p WEB-DL HQ H265 10bit AAC.mp4', 'season02-poster.jpg', 'season01-poster.jpg']
2025-11-21 13:45:09 [INFO] app.modules.filter.services.target_episode_filter_service:141 - 获取到目标剧集组合，来自链接：https://pan.baidu.com/s/1NaKehOngqlT5iBvENHI2rw?pwd=Yu66
2025-11-21 13:45:09 [WARNING] app.modules.filter.flow:110 - 新闻女王2 | https://pan.baidu.com/s/1NaKehOngqlT5iBvENHI2rw?pwd=Yu66 更新超出容忍范围,被跳过: 26 > 21 + 2
2025-11-21 13:45:10 [INFO] app.modules.filter.services.regex_target_link_filter:50 - 匹配成功: link_title="新闻女王2 ｜ 新闻女王 第二季 (2025) 【更20集】【4K.普码&杜比视界双版本】【国粤双语】【 佘诗曼/黄宗泽】【剧情/悬疑】【附第一季】描述：　　半年间，SNK剧变，总监余英飞离职、门外汉古肇华空降。张家妍虽掌权却难服众。刘艳的公开平台崛起，动摇传统媒体地位，连已入官场的许诗晴亦被卷入新旧媒体的角力。文慧心于此时复出，昭告世人：新闻女王的地位永远不可撼动！" movie_title_season="新闻女王2" pattern="^新闻女王2.*"
2025-11-21 13:45:10 [INFO] app.modules.filter.services.target_episode_filter_service:137 - 开始处理链接：--- 新闻女王2 ｜ 新闻女王 第二季 (2025) 【更20集】【4K.普码&杜比视界双版本】【国粤双语】【 佘诗曼/黄宗泽】【剧情/悬疑】【附第一季】描述：　　半年间，SNK剧变，总监余英飞离职、门外汉古肇华空降。张家妍虽掌权却难服众。刘艳的公开平台崛起，动摇传统媒体地位，连已入官场的许诗晴亦被卷入新旧媒体的角力。文慧心于此时复出，昭告世人：新闻女王的地位永远不可撼动！ https://pan.baidu.com/s/1yrA4BS0V63ZprAC_lq_ZmA?pwd=8os3
2025-11-21 13:45:13 [INFO] app.modules.filter.services.target_episode_filter_service:128 - 最终选择 69 个文件来覆盖新剧集: ['The QUEEN of News S02E20 - 第 20 集 - 2160p WEB-DL H265 AAC 2Audio.mkv', 'The QUEEN of News S02E19 - 第 19 集 - 2160p WEB-DL H265 AAC 2Audio.mkv', 'The QUEEN of News S02E18 - 第 18 集 - 2160p WEB-DL H265 AAC 2Audio.mkv', 'The QUEEN of News S02E17 - 第 17 集 - 2160p WEB-DL H265 AAC 2Audio.mkv', 'The QUEEN of News S02E16 - 第 16 集 - 2160p WEB-DL H265 AAC 2Audio.mkv', 'The QUEEN of News S02E15 - 第 15 集 - 2160p WEB-DL H265 AAC 2Audio.mkv', 'The QUEEN of News S02E14 - 第 14 集 - 2160p WEB-DL H265 AAC 2Audio.mkv', 'The QUEEN of News S02E13 - 第 13 集 - 2160p WEB-DL H265 AAC 2Audio.mkv', 'The QUEEN of News S02E12 - 第 12 集 - 2160p WEB-DL H265 AAC 2Audio.mkv', 'The QUEEN of News S02E11 - 第 11 集 - 2160p WEB-DL H265 AAC 2Audio.mkv', 'The QUEEN of News S02E10 - 第 10 集 - 2160p WEB-DL H265 AAC 2Audio.mkv', 'The QUEEN of News S02E09 - 第 9 集 - 2160p WEB-DL H265 AAC 2Audio.mkv', 'The QUEEN of News S02E08 - 第 8 集 - 2160p WEB-DL H265 AAC 2Audio.mkv', 'The QUEEN of News S02E07 - 第 7 集 - 2160p WEB-DL H265 AAC 2Audio.mkv', 'The QUEEN of News S02E06 - 第 6 集 - 2160p WEB-DL H265 AAC 2Audio.mkv', 'The QUEEN of News S02E05 - 第 5 集 - 2160p WEB-DL H265 AAC 2Audio.mkv', 'The QUEEN of News S02E04 - 第 4 集 - 2160p WEB-DL H265 AAC 2Audio.mkv', 'The QUEEN of News S02E03 - 第 3 集 - 2160p WEB-DL H265 AAC 2Audio.mkv', 'The QUEEN of News S02E02 - 第 2 集 - 2160p WEB-DL H265 AAC 2Audio.mkv', 'The QUEEN of News S02E01 - 第 1 集 - 2160p WEB-DL H265 AAC 2Audio.mkv', 'The QUEEN of News S02E20 - 第 20 集 - 2160p WEB-DL DV HQ H265 AAC 2Audio.mkv', 'The QUEEN of News S02E19 - 第 19 集 - 2160p WEB-DL DV HQ H265 AAC 2Audio.mkv', 'The QUEEN of News S02E18 - 第 18 集 - 2160p WEB-DL DV HQ H265 AAC 2Audio.mkv', 'The QUEEN of News S02E17 - 第 17 集 - 2160p WEB-DL DV HQ H265 AAC 2Audio.mkv', 'The QUEEN of News S02E16 - 第 16 集 - 2160p WEB-DL DV HQ H265 AAC 2Audio.mkv', 'The QUEEN of News S02E15 - 第 15 集 - 2160p WEB-DL DV HQ H265 AAC 2Audio.mkv', 'The QUEEN of News S02E14 - 第 14 集 - 2160p WEB-DL DV HQ H265 AAC 2Audio.mkv', 'The QUEEN of News S02E13 - 第 13 集 - 2160p WEB-DL DV HQ H265 AAC 2Audio.mkv', 'The QUEEN of News S02E12 - 第 12 集 - 2160p WEB-DL DV HQ H265 AAC 2Audio.mkv', 'The QUEEN of News S02E11 - 第 11 集 - 2160p WEB-DL DV HQ H265 AAC 2Audio.mkv', 'The QUEEN of News S02E10 - 第 10 集 - 2160p WEB-DL DV HQ H265 AAC 2Audio.mkv', 'The QUEEN of News S02E09 - 第 9 集 - 2160p WEB-DL DV HQ H265 AAC 2Audio.mkv', 'The QUEEN of News S02E08 - 第 8 集 - 2160p WEB-DL DV HQ H265 AAC 2Audio.mkv', 'The QUEEN of News S02E07 - 第 7 集 - 2160p WEB-DL DV HQ H265 AAC 2Audio.mkv', 'The QUEEN of News S02E06 - 第 6 集 - 2160p WEB-DL DV HQ H265 AAC 2Audio.mkv', 'The QUEEN of News S02E05 - 第 5 集 - 2160p WEB-DL DV HQ H265 AAC 2Audio.mkv', 'The QUEEN of News S02E04 - 第 4 集 - 2160p WEB-DL DV HQ H265 AAC 2Audio.mkv', 'The QUEEN of News S02E03 - 第 3 集 - 2160p WEB-DL DV HQ H265 AAC 2Audio.mkv', 'The QUEEN of News S02E02 - 第 2 集 - 2160p WEB-DL DV HQ H265 AAC 2Audio.mkv', 'The QUEEN of News S02E01 - 第 1 集 - 2160p WEB-DL DV HQ H265 AAC 2Audio.zh.srt', 'The QUEEN of News S02E01 - 第 1 集 - 2160p WEB-DL DV HQ H265 AAC 2Audio.mkv', 'The QUEEN of News S01E26 - 第 26 集 - 2160p WEB-DL HQ H265 10bit AAC.mp4', 'The QUEEN of News S01E25 - 第 25 集 - 2160p WEB-DL HQ H265 10bit AAC.mp4', 'The QUEEN of News S01E24 - 第 24 集 - 2160p WEB-DL HQ H265 10bit AAC.mp4', 'The QUEEN of News S01E23 - 第 23 集 - 2160p WEB-DL HQ H265 10bit AAC.mp4', 'The QUEEN of News S01E22 - 第 22 集 - 2160p WEB-DL HQ H265 10bit AAC.mp4', 'The QUEEN of News S01E21 - 第 21 集 - 2160p WEB-DL HQ H265 10bit AAC.mp4', 'The QUEEN of News S01E20 - 第 20 集 - 2160p WEB-DL HQ H265 10bit AAC.mp4', 'The QUEEN of News S01E19 - 第 19 集 - 2160p WEB-DL HQ H265 10bit AAC.mp4', 'The QUEEN of News S01E18 - 第 18 集 - 2160p WEB-DL HQ H265 10bit AAC.mp4', 'The QUEEN of News S01E17 - 第 17 集 - 2160p WEB-DL HQ H265 10bit AAC.mp4', 'The QUEEN of News S01E16 - 第 16 集 - 2160p WEB-DL HQ H265 10bit AAC.mp4', 'The QUEEN of News S01E15 - 第 15 集 - 2160p WEB-DL HQ H265 10bit AAC.mp4', 'The QUEEN of News S01E14 - 第 14 集 - 2160p WEB-DL HQ H265 10bit AAC.mp4', 'The QUEEN of News S01E13 - 第 13 集 - 2160p WEB-DL HQ H265 10bit AAC.mp4', 'The QUEEN of News S01E12 - 第 12 集 - 2160p WEB-DL HQ H265 10bit AAC.mp4', 'The QUEEN of News S01E11 - 第 11 集 - 2160p WEB-DL HQ H265 10bit AAC.mp4', 'The QUEEN of News S01E10 - 第 10 集 - 2160p WEB-DL HQ H265 10bit AAC.mp4', 'The QUEEN of News S01E09 - 第 9 集 - 2160p WEB-DL HQ H265 10bit AAC.mp4', 'The QUEEN of News S01E08 - 第 8 集 - 2160p WEB-DL HQ H265 10bit AAC.mp4', 'The QUEEN of News S01E07 - 第 7 集 - 2160p WEB-DL HQ H265 10bit AAC.mp4', 'The QUEEN of News S01E06 - 第 6 集 - 2160p WEB-DL HQ H265 10bit AAC.mp4', 'The QUEEN of News S01E05 - 第 5 集 - 2160p WEB-DL HQ H265 10bit AAC.mp4', 'The QUEEN of News S01E04 - 第 4 集 - 2160p WEB-DL HQ H265 10bit AAC.mp4', 'The QUEEN of News S01E03 - 第 3 集 - 2160p WEB-DL HQ H265 10bit AAC.mp4', 'The QUEEN of News S01E02 - 第 2 集 - 2160p WEB-DL HQ H265 10bit AAC.mp4', 'The QUEEN of News S01E01 - 第 1 集 - 2160p WEB-DL HQ H265 10bit AAC.mp4', 'season02-poster.jpg', 'season01-poster.jpg']
2025-11-21 13:45:13 [INFO] app.modules.filter.services.target_episode_filter_service:141 - 获取到目标剧集组合，来自链接：https://pan.baidu.com/s/1yrA4BS0V63ZprAC_lq_ZmA?pwd=8os3
2025-11-21 13:45:13 [WARNING] app.modules.filter.flow:110 - 新闻女王2 | https://pan.baidu.com/s/1yrA4BS0V63ZprAC_lq_ZmA?pwd=8os3 更新超出容忍范围,被跳过: 26 > 21 + 2
2025-11-21 13:45:13 [INFO] app.modules.filter.services.regex_target_link_filter:50 - 匹配成功: link_title="新闻女王2 新聞女王Ⅱ /新闻女王 第二季(2025) 【佘诗曼/黄宗泽/剧情】【4K国粤双语 更新EP20】【附第一季】描述：　又名: 新闻女王 第二季 / 新闻女王 续篇 / The Queen of NEWS Ⅱ 　半年间，SNK剧变，总监余英飞离职、门外汉古肇华空降。张家妍虽掌权却难服众。刘艳的公开平台崛起，动摇传统媒体地位，连已入官场的许诗晴亦被卷入新旧媒体的角力。文慧心于此时复出，昭告世人：新闻女王的地位永远不可撼动！" movie_title_season="新闻女王2" pattern="^新闻女王2.*"
2025-11-21 13:45:13 [INFO] app.modules.filter.services.target_episode_filter_service:137 - 开始处理链接：--- 新闻女王2 新聞女王Ⅱ /新闻女王 第二季(2025) 【佘诗曼/黄宗泽/剧情】【4K国粤双语 更新EP20】【附第一季】描述：　又名: 新闻女王 第二季 / 新闻女王 续篇 / The Queen of NEWS Ⅱ 　半年间，SNK剧变，总监余英飞离职、门外汉古肇华空降。张家妍虽掌权却难服众。刘艳的公开平台崛起，动摇传统媒体地位，连已入官场的许诗晴亦被卷入新旧媒体的角力。文慧心于此时复出，昭告世人：新闻女王的地位永远不可撼动！ https://pan.baidu.com/s/1Vcdm__K4NEgXQpU-4Xhj5A?pwd=8888
2025-11-21 13:45:15 [INFO] app.modules.filter.services.regex_target_link_filter:50 - 匹配成功: link_title="新闻女王2 新聞女王Ⅱ (2025) [WEB-4K] [国粤双语] [内嵌简中] [更至20集]" movie_title_season="新闻女王2" pattern="^新闻女王2.*"
2025-11-21 13:45:15 [INFO] app.modules.filter.services.target_episode_filter_service:137 - 开始处理链接：--- 新闻女王2 新聞女王Ⅱ (2025) [WEB-4K] [国粤双语] [内嵌简中] [更至20集] https://pan.baidu.com/s/16DhKxxMY51_SOWgdkw6z3Q?pwd=1111
2025-11-21 13:45:16 [INFO] app.modules.filter.services.target_episode_filter_service:128 - 最终选择 20 个文件来覆盖新剧集: ['XWNWSSM2-20.mkv', 'XWNWSSM2-19.mkv', 'XWNWSSM2-18.mkv', 'XWNWSSM2-17.mkv', 'XWNWSSM2-16.mkv', 'XWNWSSM2-15.mkv', 'XWNWSSM2-14.mkv', 'XWNWSSM2-13.mkv', 'XWNWSSM2-12.mkv', 'XWNWSSM2-11.mkv', 'XWNWSSM2-10.mkv', 'XWNWSSM2-09.mkv', 'XWNWSSM2-08.mkv', 'XWNWSSM2-07.mkv', 'XWNWSSM2-06.mkv', 'XWNWSSM2-05.mkv', 'XWNWSSM2-04.mkv', 'XWNWSSM2-03.mkv', 'XWNWSSM2-02.mkv', 'XWNWSSM2-01.mkv']
2025-11-21 13:45:16 [INFO] app.modules.filter.services.target_episode_filter_service:141 - 获取到目标剧集组合，来自链接：https://pan.baidu.com/s/16DhKxxMY51_SOWgdkw6z3Q?pwd=1111
2025-11-21 13:45:16 [INFO] app.modules.filter.flow:128 - 新闻女王2 | https://pan.baidu.com/s/16DhKxxMY51_SOWgdkw6z3Q?pwd=1111 作为备选（更新至 20/21）
2025-11-21 13:45:17 [INFO] app.modules.filter.services.regex_target_link_filter:50 - 匹配成功: link_title="新闻女王2 (2025) 第1-20集【4K/60fps 国粤双语音频 无广告无台标 佘诗曼/黄宗泽】描述：半年间，SNK剧变，总监余英飞离职、门外汉古肇华空降。张家妍虽掌权却难服众。刘艳的公开平台崛起，动摇传统媒体地位，连已入官场的许诗晴亦被卷入新旧媒体的角力。文慧心于此时复出，昭告世人：新闻女王的地位永远不可撼动！" movie_title_season="新闻女王2" pattern="^新闻女王2.*"
2025-11-21 13:45:17 [INFO] app.modules.filter.services.target_episode_filter_service:137 - 开始处理链接：--- 新闻女王2 (2025) 第1-20集【4K/60fps 国粤双语音频 无广告无台标 佘诗曼/黄宗泽】描述：半年间，SNK剧变，总监余英飞离职、门外汉古肇华空降。张家妍虽掌权却难服众。刘艳的公开平台崛起，动摇传统媒体地位，连已入官场的许诗晴亦被卷入新旧媒体的角力。文慧心于此时复出，昭告世人：新闻女王的地位永远不可撼动！ https://pan.baidu.com/s/1ofJfRMJx1ZO_SZXe-EO_TA?pwd=gff3
2025-11-21 13:45:18 [INFO] app.modules.filter.services.regex_target_link_filter:50 - 匹配成功: link_title="新闻女王2 更新至20集 4K SDR 60帧 高码率" movie_title_season="新闻女王2" pattern="^新闻女王2.*"
2025-11-21 13:45:18 [INFO] app.modules.filter.services.target_episode_filter_service:137 - 开始处理链接：--- 新闻女王2 更新至20集 4K SDR 60帧 高码率 https://pan.baidu.com/s/1eVAyoS6DVjaKO0Ng_XrO-A?pwd=4v7b
2025-11-21 13:45:19 [INFO] app.modules.filter.services.target_episode_filter_service:128 - 最终选择 20 个文件来覆盖新剧集: ['The.Queen.of.NEWS.S02E20.2025.2160p.HQ.WEB-DL.60fps.H.265.AAC.2Audio.mp4', 'The.Queen.of.NEWS.S02E19.2025.2160p.HQ.WEB-DL.60fps.H.265.AAC.2Audio.mp4', 'The.Queen.of.NEWS.S02E18.2025.2160p.HQ.WEB-DL.60fps.H.265.AAC.2Audio.mp4', 'The.Queen.of.NEWS.S02E17.2025.2160p.HQ.WEB-DL.60fps.H.265.AAC.2Audio.mp4', 'The.Queen.of.NEWS.S02E16.2025.2160p.HQ.WEB-DL.60fps.H.265.AAC.2Audio.mp4', 'The.Queen.of.NEWS.S02E15.2025.2160p.HQ.WEB-DL.60fps.H.265.AAC.2Audio.mp4', 'The.Queen.of.NEWS.S02E14.2025.2160p.HQ.WEB-DL.60fps.H.265.AAC.2Audio.mp4', 'The.Queen.of.NEWS.S02E13.2025.2160p.HQ.WEB-DL.60fps.H.265.AAC.2Audio.mp4', 'The.Queen.of.NEWS.S02E12.2025.2160p.HQ.WEB-DL.60fps.H.265.AAC.2Audio.mp4', 'The.Queen.of.NEWS.S02E11.2025.2160p.HQ.WEB-DL.60fps.H.265.AAC.2Audio.mp4', 'The.Queen.of.NEWS.S02E10.2025.2160p.HQ.WEB-DL.60fps.H.265.AAC.2Audio.mp4', 'The.Queen.of.NEWS.S02E09.2025.2160p.HQ.WEB-DL.60fps.H.265.AAC.2Audio.mp4', 'The.Queen.of.NEWS.S02E08.2025.2160p.HQ.WEB-DL.60fps.H.265.AAC.2Audio.mp4', 'The.Queen.of.NEWS.S02E07.2025.2160p.HQ.WEB-DL.60fps.H.265.AAC.2Audio.mp4', 'The.Queen.of.NEWS.S02E06.2025.2160p.HQ.WEB-DL.60fps.H.265.AAC.2Audio.mp4', 'The.Queen.of.NEWS.S02E05.2025.2160p.HQ.WEB-DL.60fps.H.265.AAC.2Audio.mp4', 'The.Queen.of.NEWS.S02E04.2025.2160p.HQ.WEB-DL.60fps.H.265.AAC.2Audio.mp4', 'The.Queen.of.NEWS.S02E03.2025.2160p.HQ.WEB-DL.60fps.H.265.AAC.2Audio.mp4', 'The.Queen.of.NEWS.S02E02.2025.2160p.HQ.WEB-DL.60fps.H.265.AAC.2Audio.mp4', 'The.Queen.of.NEWS.S02E01.2025.2160p.HQ.WEB-DL.60fps.H.265.AAC.2Audio.mp4']
2025-11-21 13:45:19 [INFO] app.modules.filter.services.target_episode_filter_service:141 - 获取到目标剧集组合，来自链接：https://pan.baidu.com/s/1eVAyoS6DVjaKO0Ng_XrO-A?pwd=4v7b
2025-11-21 13:45:19 [INFO] app.modules.filter.flow:138 - 新闻女王2 | https://pan.baidu.com/s/1eVAyoS6DVjaKO0Ng_XrO-A?pwd=4v7b 跳过（更新至 20，比备选https://pan.baidu.com/s/16DhKxxMY51_SOWgdkw6z3Q?pwd=1111 | 20 更少）
2025-11-21 13:45:20 [INFO] app.modules.filter.services.regex_target_link_filter:50 - 匹配成功: link_title="新闻女王2 / 新闻女王 第二季 (2025) 4K SDR 60帧 国粤双语【更新EP20】" movie_title_season="新闻女王2" pattern="^新闻女王2.*"
2025-11-21 13:45:20 [INFO] app.modules.filter.services.target_episode_filter_service:137 - 开始处理链接：--- 新闻女王2 / 新闻女王 第二季 (2025) 4K SDR 60帧 国粤双语【更新EP20】 https://pan.baidu.com/s/1fUg32YaLBafMwPYeCmIB7g?pwd=yyds
2025-11-21 13:45:21 [INFO] app.modules.filter.services.target_episode_filter_service:128 - 最终选择 46 个文件来覆盖新剧集: ['S01E26.mp4', 'S01E25.mp4', 'S01E24.mp4', 'S01E23.mp4', 'S01E22.mp4', 'S01E21.mp4', 'S01E20.mp4', 'S01E19.mp4', 'S01E18.mp4', 'S01E17.mp4', 'S01E16.mp4', 'S01E15.mp4', 'S01E14.mp4', 'S01E13.mp4', 'S01E12.mp4', 'S01E11.mp4', 'S01E10.mp4', 'S01E09.mp4', 'S01E08.mp4', 'S01E07.mp4', 'S01E06.mp4', 'S01E05.mp4', 'S01E04.mp4', 'S01E03.mp4', 'S01E02.mp4', 'S01E01.mp4', 'S02E08.2025.2160p.WEB-DL.AAC.H.265.mkv', 'S02E07.2025.2160p.WEB-DL.AAC.H.265.mkv', 'S01E20.2025.2160p.60fps.WEB-DL.H265.AAC.2Audios.mkv', 'S01E19.2025.2160p.60fps.WEB-DL.H265.AAC.2Audio.mp4', 'S01E18.2025.2160p.60fps.WEB-DL.H265.AAC.2Audio.mkv', 'S01E17.2025.2160p.60fps.WEB-DL.H265.AAC.2Audios.mp4', 'S01E16.2025.2160p.60fps.WEB-DL.H265.AAC.2Audios.mp4', 'S01E15.2025.2160p.60fps.WEB-DL.H265.AAC.2Audios.mp4', 'S01E14.2025.2160p.60fps.WEB-DL.H265.AAC.2Audios.mkv', 'S01E13.2025.2160p.60fps.WEB-DL.H265.AAC.2Audios.mkv', 'S01E12.2025.2160p.60fps.WEB-DL.H265.AAC.2Audios.mkv', 'S01E11.2025.2160p.60fps.WEB-DL.H265.AAC.2Audios.mkv', 'S01E10.2025.2160p.60fps.WEB-DL.H265.AAC.2Audios.mkv', 'S01E09.2025.2160p.60fps.WEB-DL.H265.AAC.2Audios.mkv', 'S01E06.2025.2160p.60fps.WEB-DL.H265.AAC.2Audios.mkv', 'S01E05.2025.2160p.60fps.WEB-DL.H265.AAC.2Audios.mkv', 'S01E04.2025.2160p.60fps.WEB-DL.H265.AAC.2Audios.mkv', 'S01E03.2025.2160p.60fps.WEB-DL.H265.AAC.2Audios.mkv', 'S01E02.2025.2160p.60fps.WEB-DL.H265.AAC.2Audios.mkv', 'S01E01.2025.2160p.60fps.WEB-DL.H265.AAC.2Audios.mkv']
2025-11-21 13:45:21 [INFO] app.modules.filter.services.target_episode_filter_service:141 - 获取到目标剧集组合，来自链接：https://pan.baidu.com/s/1fUg32YaLBafMwPYeCmIB7g?pwd=yyds
2025-11-21 13:45:21 [WARNING] app.modules.filter.flow:110 - 新闻女王2 | https://pan.baidu.com/s/1fUg32YaLBafMwPYeCmIB7g?pwd=yyds 更新超出容忍范围,被跳过: 26 > 21 + 2
2025-11-21 13:45:22 [INFO] app.modules.filter.services.regex_target_link_filter:50 - 匹配成功: link_title="资源标题：新闻女王2 (2025)剧情 国粤双语 4KHQ60FPS 更新20集" movie_title_season="新闻女王2" pattern=".*[:：]新闻女王2.*"
2025-11-21 13:45:22 [INFO] app.modules.filter.services.target_episode_filter_service:137 - 开始处理链接：--- 资源标题：新闻女王2 (2025)剧情 国粤双语 4KHQ60FPS 更新20集 https://pan.baidu.com/s/1BJ8alZy-5bD9IaoIWPXppw?pwd=6666
2025-11-21 13:45:22 [INFO] telethon.client.updates:443 - Got difference for channel 1280467440 updates
2025-11-21 13:45:22 [INFO] telethon.client.updates:443 - Got difference for channel 1850014529 updates
2025-11-21 13:45:22 [INFO] telethon.client.updates:443 - Got difference for channel 2269063013 updates
2025-11-21 13:45:22 [INFO] telethon.client.updates:443 - Got difference for channel 1688099294 updates
2025-11-21 13:45:23 [INFO] telethon.client.updates:443 - Got difference for channel 2105390266 updates
2025-11-21 13:45:23 [INFO] app.modules.filter.services.target_episode_filter_service:128 - 最终选择 40 个文件来覆盖新剧集: ['X.W.N.W.2.2025.S02E20.2160p.HQ.60fps.WEB-DL.H265.10bit.HDR10.AAC-GyWEB.mp4', 'X.W.N.W.2.2025.S02E19.2160p.HQ.60fps.WEB-DL.H265.10bit.HDR10.AAC-GyWEB.mp4', 'X.W.N.W.2.2025.S02E18.2160p.HQ.60fps.WEB-DL.H265.10bit.HDR10.AAC-GyWEB.mp4', 'X.W.N.W.2.2025.S02E17.2160p.HQ.60fps.WEB-DL.H265.10bit.HDR10.AAC-GyWEB.mp4', 'X.W.N.W.2.2025.S02E16.2160p.HQ.60fps.WEB-DL.H265.10bit.HDR10.AAC-GyWEB.mp4', 'X.W.N.W.2.2025.S02E15.2160p.HQ.60fps.WEB-DL.H265.10bit.HDR10.AAC-GyWEB.mp4', 'X.W.N.W.2.2025.S02E14.2160p.HQ.60fps.WEB-DL.H265.10bit.HDR10.AAC-GyWEB.mp4', 'X.W.N.W.2.2025.S02E13.2160p.HQ.60fps.WEB-DL.H265.10bit.HDR10.AAC-GyWEB.mp4', 'X.W.N.W.2.2025.S02E12.2160p.HQ.60fps.WEB-DL.H265.10bit.HDR10.AAC-GyWEB.mp4', 'X.W.N.W.2.2025.S02E11.2160p.HQ.60fps.WEB-DL.H265.10bit.HDR10.AAC-GyWEB.mp4', 'X.W.N.W.2.2025.S02E10.2160p.HQ.60fps.WEB-DL.H265.10bit.HDR10.AAC-GyWEB.mp4', 'X.W.N.W.2.2025.S02E09.2160p.HQ.60fps.WEB-DL.H265.10bit.HDR10.AAC-GyWEB.mp4', 'X.W.N.W.2.2025.S02E08.2160p.HQ.60fps.WEB-DL.H265.10bit.HDR10.AAC-GyWEB.mp4', 'X.W.N.W.2.2025.S02E07.2160p.HQ.60fps.WEB-DL.H265.10bit.HDR10.AAC-GyWEB.mp4', 'X.W.N.W.2.2025.S02E06.2160p.HQ.60fps.WEB-DL.H265.10bit.HDR10.AAC-GyWEB.mp4', 'X.W.N.W.2.2025.S02E05.2160p.HQ.60fps.WEB-DL.H265.10bit.HDR10.AAC-GyWEB.mp4', 'X.W.N.W.2.2025.S02E04.2160p.HQ.60fps.WEB-DL.H265.10bit.HDR10.AAC-GyWEB.mp4', 'X.W.N.W.2.2025.S02E03.2160p.HQ.60fps.WEB-DL.H265.10bit.HDR10.AAC-GyWEB.mp4', 'X.W.N.W.2.2025.S02E02.2160p.HQ.60fps.WEB-DL.H265.10bit.HDR10.AAC-GyWEB.mp4', 'X.W.N.W.2.2025.S02E01.2160p.HQ.60fps.WEB-DL.H265.10bit.HDR10.AAC-GyWEB.mp4', 'X.W.N.W.2.2025.S02E20.2160p.60fps.WEB-DL.H265.10bit.AAC-GyWEB.mp4', 'X.W.N.W.2.2025.S02E19.2160p.60fps.WEB-DL.H265.10bit.AAC-GyWEB.mp4', 'X.W.N.W.2.2025.S02E18.2160p.60fps.WEB-DL.H265.10bit.AAC-GyWEB.mp4', 'X.W.N.W.2.2025.S02E17.2160p.60fps.WEB-DL.H265.10bit.AAC-GyWEB.mp4', 'X.W.N.W.2.2025.S02E16.2160p.60fps.WEB-DL.H265.10bit.AAC-GyWEB.mp4', 'X.W.N.W.2.2025.S02E15.2160p.60fps.WEB-DL.H265.10bit.AAC-GyWEB.mp4', 'X.W.N.W.2.2025.S02E14.2160p.60fps.WEB-DL.H265.10bit.AAC-GyWEB.mp4', 'X.W.N.W.2.2025.S02E13.2160p.60fps.WEB-DL.H265.10bit.AAC-GyWEB.mp4', 'X.W.N.W.2.2025.S02E12.2160p.60fps.WEB-DL.H265.10bit.AAC-GyWEB.mp4', 'X.W.N.W.2.2025.S02E11.2160p.60fps.WEB-DL.H265.10bit.AAC-GyWEB.mp4', 'X.W.N.W.2.2025.S02E10.2160p.60fps.WEB-DL.H265.10bit.AAC-GyWEB.mp4', 'X.W.N.W.2.2025.S02E09.2160p.60fps.WEB-DL.H265.10bit.AAC-GyWEB.mp4', 'X.W.N.W.2.2025.S02E08.2160p.60fps.WEB-DL.H265.10bit.AAC-GyWEB.mp4', 'X.W.N.W.2.2025.S02E07.2160p.60fps.WEB-DL.H265.10bit.AAC-GyWEB.mp4', 'X.W.N.W.2.2025.S02E06.2160p.60fps.WEB-DL.H265.10bit.AAC-GyWEB.mp4', 'X.W.N.W.2.2025.S02E05.2160p.60fps.WEB-DL.H265.10bit.AAC-GyWEB.mp4', 'X.W.N.W.2.2025.S02E04.2160p.60fps.WEB-DL.H265.10bit.AAC-GyWEB.mp4', 'X.W.N.W.2.2025.S02E03.2160p.60fps.WEB-DL.H265.10bit.AAC-GyWEB.mp4', 'X.W.N.W.2.2025.S02E02.2160p.60fps.WEB-DL.H265.10bit.AAC-GyWEB.mp4', 'X.W.N.W.2.2025.S02E01.2160p.60fps.WEB-DL.H265.10bit.AAC-GyWEB.mp4']
2025-11-21 13:45:23 [INFO] app.modules.filter.services.target_episode_filter_service:141 - 获取到目标剧集组合，来自链接：https://pan.baidu.com/s/1BJ8alZy-5bD9IaoIWPXppw?pwd=6666
2025-11-21 13:45:23 [INFO] app.modules.filter.flow:138 - 新闻女王2 | https://pan.baidu.com/s/1BJ8alZy-5bD9IaoIWPXppw?pwd=6666 跳过（更新至 20，比备选https://pan.baidu.com/s/16DhKxxMY51_SOWgdkw6z3Q?pwd=1111 | 20 更少）
2025-11-21 13:45:24 [INFO] app.modules.filter.services.regex_target_link_filter:50 - 匹配成功: link_title="新闻女王2 / 新闻女王 第二季 (2025) 4K HQ DV 60FPS 高码率 [SDR.60fps] [国粤双语] [更新20集]" movie_title_season="新闻女王2" pattern="^新闻女王2.*"
2025-11-21 13:45:24 [INFO] app.modules.filter.services.target_episode_filter_service:137 - 开始处理链接：--- 新闻女王2 / 新闻女王 第二季 (2025) 4K HQ DV 60FPS 高码率 [SDR.60fps] [国粤双语] [更新20集] https://pan.baidu.com/s/15y6XJHJ7OvJWtp66ezeefA?pwd=2kp3
2025-11-21 13:45:26 [INFO] app.modules.filter.services.target_episode_filter_service:128 - 最终选择 25 个文件来覆盖新剧集: ['S02E20.2160p.HQ.WEB-DL.DV.60fps.H.265.10bit.AAC.2Audios.mkv', 'S02E19.2160p.HQ.WEB-DL.DV.60fps.H.265.10bit.AAC.2Audios.mkv', 'S02E18.2160p.HQ.WEB-DL.DV.60fps.H.265.10bit.AAC.2Audios.mkv', 'S02E17.2160p.HQ.WEB-DL.DV.60fps.H.265.10bit.AAC.2Audios.mkv', 'S02E16.2160p.HQ.WEB-DL.DV.60fps.H.265.10bit.AAC.2Audios.mkv', 'S02E20.2025.2160p.60fps.WEB-DL.H.265.10bit.AAC.2Audios.mp4', 'S02E19.2025.2160p.60fps.WEB-DL.H.265.10bit.AAC.2Audios.mp4', 'S02E18.2025.2160p.60fps.WEB-DL.H.265.10bit.AAC.2Audios.mp4', 'S02E17.2025.2160p.60fps.WEB-DL.H.265.10bit.AAC.2Audios.mp4', 'S02E16.2025.2160p.60fps.WEB-DL.H.265.10bit.AAC.2Audios.mp4', 'S02E15.2025.2160p.60fps.WEB-DL.H.265.10bit.AAC.2Audios.mp4', 'S02E14.2025.2160p.60fps.WEB-DL.H.265.10bit.AAC.2Audios.mp4', 'S02E13.2025.2160p.60fps.WEB-DL.H.265.10bit.AAC.2Audios.mp4', 'S02E12.2025.2160p.60fps.WEB-DL.H.265.10bit.AAC.2Audios.mp4', 'S02E11.2025.2160p.60fps.WEB-DL.H.265.10bit.AAC.2Audios.mp4', 'S02E10.2025.2160p.60fps.WEB-DL.H.265.10bit.AAC.2Audios.mp4', 'S02E09.2025.2160p.60fps.WEB-DL.H.265.10bit.AAC.2Audios.mp4', 'S02E08.2025.2160p.60fps.WEB-DL.H.265.10bit.AAC.2Audios.mp4', 'S02E07.2025.2160p.60fps.WEB-DL.H.265.10bit.AAC.2Audios.mp4', 'S02E06.2025.2160p.60fps.WEB-DL.H.265.10bit.AAC.2Audios.mp4', 'S02E05.2025.2160p.60fps.WEB-DL.H.265.10bit.AAC.2Audios.mp4', 'S02E04.2025.2160p.60fps.WEB-DL.H.265.10bit.AAC.2Audios.mp4', 'S02E03.2025.2160p.60fps.WEB-DL.H.265.10bit.AAC.2Audios.mp4', 'S02E02.2025.2160p.60fps.WEB-DL.H.265.10bit.AAC.2Audios.mp4', 'S02E01.2025.2160p.60fps.WEB-DL.H.265.10bit.AAC.2Audios.mp4']
2025-11-21 13:45:26 [INFO] app.modules.filter.services.target_episode_filter_service:141 - 获取到目标剧集组合，来自链接：https://pan.baidu.com/s/15y6XJHJ7OvJWtp66ezeefA?pwd=2kp3
2025-11-21 13:45:26 [INFO] app.modules.filter.flow:138 - 新闻女王2 | https://pan.baidu.com/s/15y6XJHJ7OvJWtp66ezeefA?pwd=2kp3 跳过（更新至 20，比备选https://pan.baidu.com/s/16DhKxxMY51_SOWgdkw6z3Q?pwd=1111 | 20 更少）
2025-11-21 13:45:26 [INFO] app.modules.filter.flow:158 - 新闻女王2分享链接遍历完成，无可用分享链接
2025-11-21 13:45:26 [INFO] app.modules.storage_operations.services.save_episodes_to_cloud:44 - 未筛选到适合['mkv', 'mp4', 'avi', 'mov', 'm4v', 'wmv', 'flv', 'torrent', 'srt', 'ass', 'sub', 'mp3', 'aac', 'zip']的链接
2025-11-21 13:45:30 [INFO] app.modules.filter.services.regex_target_link_filter:50 - 匹配成功: link_title="勿扰飞升" movie_title_season="勿扰飞升" pattern="^勿扰飞升.*"
2025-11-21 13:45:30 [INFO] app.modules.filter.services.target_episode_filter_service:137 - 开始处理链接：--- 勿扰飞升 https://pan.quark.cn/s/ac810cf770ef
2025-11-21 13:45:30 [INFO] app.modules.filter.services.target_episode_filter_service:128 - 最终选择 32 个文件来覆盖新剧集: ['S01E16.2025.2160p.WEB-DL.H265.10bit.60fps.HIFI2.0.&AAC5.1.4Audios.mkv', 'S01E15.2025.2160p.WEB-DL.H265.10bit.60fps.HIFI2.0.&AAC5.1.4Audios.mkv', 'S01E14.2025.2160p.WEB-DL.H265.10bit.60fps.HIFI2.0.&AAC5.1.4Audios.mkv', 'S01E13.2025.2160p.WEB-DL.H265.10bit.60fps.HIFI2.0.&AAC5.1.4Audios.mkv', 'S01E12.2025.2160p.WEB-DL.H265.10bit.60fps.HIFI2.0.&AAC5.1.4Audios.mkv', 'S01E11.2025.2160p.WEB-DL.H265.10bit.60fps.HIFI2.0.&AAC5.1.4Audios.mkv', 'S01E10.2025.2160p.WEB-DL.H265.10bit.60fps.HIFI2.0.&AAC5.1.4Audios.mkv', 'S01E09.2025.2160p.WEB-DL.H265.10bit.60fps.HIFI2.0.&AAC5.1.4Audios.mkv', 'S01E08.2025.2160p.WEB-DL.H265.10bit.60fps.HIFI2.0.&AAC5.1.4Audios.mkv', 'S01E07.2025.2160p.WEB-DL.H265.10bit.60fps.HIFI2.0.&AAC5.1.4Audios.mkv', 'S01E06.2025.2160p.WEB-DL.H265.10bit.60fps.HIFI2.0.&AAC5.1.4Audios.mkv', 'S01E05.2025.2160p.WEB-DL.H265.10bit.60fps.HIFI2.0.&AAC5.1.4Audios.mkv', 'S01E04.2025.2160p.WEB-DL.H265.10bit.60fps.HIFI2.0.&AAC5.1.4Audios.mkv', 'S01E03.2025.2160p.WEB-DL.H265.10bit.60fps.HIFI2.0.&AAC5.1.4Audios.mkv', 'S01E02.2025.2160p.WEB-DL.H265.10bit.60fps.HIFI2.0.&AAC5.1.4Audios.mkv', 'S01E01.2025.2160p.WEB-DL.H265.10bit.60fps.HIFI2.0.&AAC5.1.4Audios.mkv', 'S01E16.2025.2160p.60fps.WEB-DL.H265.10bit.AAC.mp4', 'S01E15.2025.2160p.60fps.WEB-DL.H265.10bit.AAC.mp4', 'S01E14.2025.2160p.60fps.WEB-DL.H265.10bit.AAC.mp4', 'S01E13.2025.2160p.60fps.WEB-DL.H265.10bit.AAC.mp4', 'S01E12.2025.2160p.60fps.WEB-DL.H265.10bit.AAC.mp4', 'S01E11.2025.2160p.60fps.WEB-DL.H265.10bit.AAC.mp4', 'S01E10.2025.2160p.60fps.WEB-DL.H265.10bit.AAC.mp4', 'S01E09.2025.2160p.60fps.WEB-DL.H265.10bit.AAC.mp4', 'S01E08.2025.2160p.60fps.WEB-DL.H265.10bit.AAC.mp4', 'S01E07.2025.2160p.60fps.WEB-DL.H265.10bit.AAC.mp4', 'S01E06.2025.2160p.60fps.WEB-DL.H265.10bit.AAC.mp4', 'S01E05.2025.2160p.60fps.WEB-DL.H265.10bit.AAC.mp4', 'S01E04.2025.2160p.60fps.WEB-DL.H265.10bit.AAC.mp4', 'S01E03.2025.2160p.60fps.WEB-DL.H265.10bit.AAC.mp4', 'S01E02.2025.2160p.60fps.WEB-DL.H265.10bit.AAC.mp4', 'S01E01.2025.2160p.60fps.WEB-DL.H265.10bit.AAC.mp4']
2025-11-21 13:45:30 [INFO] app.modules.filter.services.target_episode_filter_service:141 - 获取到目标剧集组合，来自链接：https://pan.quark.cn/s/ac810cf770ef
2025-11-21 13:45:30 [INFO] app.modules.filter.flow:128 - 勿扰飞升 | https://pan.quark.cn/s/ac810cf770ef 作为备选（更新至 16/19）
2025-11-21 13:45:30 [INFO] app.modules.filter.services.regex_target_link_filter:50 - 匹配成功: link_title="勿扰飞升 4K[臻彩]" movie_title_season="勿扰飞升" pattern="^勿扰飞升.*"
2025-11-21 13:45:30 [INFO] app.modules.filter.services.target_episode_filter_service:137 - 开始处理链接：--- 勿扰飞升 4K[臻彩] https://pan.quark.cn/s/c95b84316aeb
2025-11-21 13:45:31 [INFO] app.modules.filter.services.regex_target_link_filter:50 - 匹配成功: link_title="勿扰飞升" movie_title_season="勿扰飞升" pattern="^勿扰飞升.*"
2025-11-21 13:45:31 [INFO] app.modules.filter.services.target_episode_filter_service:137 - 开始处理链接：--- 勿扰飞升 https://pan.quark.cn/s/c44537b7846d
2025-11-21 13:45:31 [INFO] app.modules.filter.services.target_episode_filter_service:128 - 最终选择 12 个文件来覆盖新剧集: ['12-4K.高码率.mkv', '11-4K.高码率.mkv', '10-4K.高码率.mkv', '09-4K.高码率.mkv', '08-4K.高码率.mkv', '07-4K.高码率.mkv', '06-4K.高码率.mkv', '05-4K.高码率.mkv', '04-4K.高码率.mkv', '03-4K.高码率.mkv', '02-4K.高码率.mkv', '01-4K.高码率.mkv']
2025-11-21 13:45:31 [INFO] app.modules.filter.services.target_episode_filter_service:141 - 获取到目标剧集组合，来自链接：https://pan.quark.cn/s/c44537b7846d
2025-11-21 13:45:31 [INFO] app.modules.filter.flow:138 - 勿扰飞升 | https://pan.quark.cn/s/c44537b7846d 跳过（更新至 12，比备选https://pan.quark.cn/s/ac810cf770ef | 16 更少）
2025-11-21 13:45:31 [INFO] app.modules.filter.services.regex_target_link_filter:50 - 匹配成功: link_title="勿扰飞升‎ (2025) 4K HDR 高码率 60帧 杜比音效&立体全景声 中文字幕【4.7GB/集】更14集.描述： 改编自月下蝶影小说《勿扰飞升》 一位在凡尘界备受冷遇的亡国公主箜篌，因机缘巧合意外进入修仙世界，开启全员宠女主模式，从师傅师兄到隔壁门派，整个修仙界都对女主宠爱有加，为了吃苦头，磨练心智，箜篌主动走出舒适圈，要求下山闯荡，偶遇了病弱男子桓宗一起升级打怪闯荡修仙界，没想到桓宗竟然就是自己一直痴迷的修仙话本的大大，也是传说中的修仙界天才，箜篌顺利把作者大大拐回了门派当女婿，两人也在一次次的历练中克服了心魔，突破修为，双双成为了一代宗师。." movie_title_season="勿扰飞升" pattern="^勿扰飞升.*"
2025-11-21 13:45:31 [INFO] app.modules.filter.services.target_episode_filter_service:137 - 开始处理链接：--- 勿扰飞升‎ (2025) 4K HDR 高码率 60帧 杜比音效&立体全景声 中文字幕【4.7GB/集】更14集.描述： 改编自月下蝶影小说《勿扰飞升》 一位在凡尘界备受冷遇的亡国公主箜篌，因机缘巧合意外进入修仙世界，开启全员宠女主模式，从师傅师兄到隔壁门派，整个修仙界都对女主宠爱有加，为了吃苦头，磨练心智，箜篌主动走出舒适圈，要求下山闯荡，偶遇了病弱男子桓宗一起升级打怪闯荡修仙界，没想到桓宗竟然就是自己一直痴迷的修仙话本的大大，也是传说中的修仙界天才，箜篌顺利把作者大大拐回了门派当女婿，两人也在一次次的历练中克服了心魔，突破修为，双双成为了一代宗师。. https://pan.quark.cn/s/8ea3b9618153
2025-11-21 13:45:32 [INFO] app.modules.filter.services.regex_target_link_filter:50 - 匹配成功: link_title="勿扰飞升（又名: Flying Without Disturb）【2025国剧】（主演: 李宏毅 / 陆婷玉 ）更新至 第16集 4K SDR 60帧 高码率 [杜比音效&HIFI声&立体环绕声]【单集4G,共72G】纯净版" movie_title_season="勿扰飞升" pattern="^勿扰飞升.*"
2025-11-21 13:45:32 [INFO] app.modules.filter.services.target_episode_filter_service:137 - 开始处理链接：--- 勿扰飞升（又名: Flying Without Disturb）【2025国剧】（主演: 李宏毅 / 陆婷玉 ）更新至 第16集 4K SDR 60帧 高码率 [杜比音效&HIFI声&立体环绕声]【单集4G,共72G】纯净版 https://pan.quark.cn/s/834cbec6d41b
2025-11-21 13:45:32 [INFO] app.modules.filter.services.target_episode_filter_service:128 - 最终选择 16 个文件来覆盖新剧集: ['S01E16.2025.2160p.WEB-DL.H265.10bit.60fps.HIFI2.0.&AAC5.1.4Audios.mkv', 'S01E15.2025.2160p.WEB-DL.H265.10bit.60fps.HIFI2.0.&AAC5.1.4Audios.mkv', 'S01E14.2025.2160p.WEB-DL.H265.10bit.60fps.HIFI2.0.&AAC5.1.4Audios.mkv', 'S01E13.2025.2160p.WEB-DL.H265.10bit.60fps.HIFI2.0.&AAC5.1.4Audios.mkv', 'S01E12.2025.2160p.WEB-DL.H265.10bit.60fps.HIFI2.0.&AAC5.1.4Audios.mkv', 'S01E11.2025.2160p.WEB-DL.H265.10bit.60fps.HIFI2.0.&AAC5.1.4Audios.mkv', 'S01E10.2025.2160p.WEB-DL.H265.10bit.60fps.HIFI2.0.&AAC5.1.4Audios.mkv', 'S01E09.2025.2160p.WEB-DL.H265.10bit.60fps.HIFI2.0.&AAC5.1.4Audios.mkv', 'S01E08.2025.2160p.WEB-DL.H265.10bit.60fps.HIFI2.0.&AAC5.1.4Audios.mkv', 'S01E07.2025.2160p.WEB-DL.H265.10bit.60fps.HIFI2.0.&AAC5.1.4Audios.mkv', 'S01E06.2025.2160p.WEB-DL.H265.10bit.60fps.HIFI2.0.&AAC5.1.4Audios.mkv', 'S01E05.2025.2160p.WEB-DL.H265.10bit.60fps.HIFI2.0.&AAC5.1.4Audios.mkv', 'S01E04.2025.2160p.WEB-DL.H265.10bit.60fps.HIFI2.0.&AAC5.1.4Audios.mkv', 'S01E03.2025.2160p.WEB-DL.H265.10bit.60fps.HIFI2.0.&AAC5.1.4Audios.mkv', 'S01E02.2025.2160p.WEB-DL.H265.10bit.60fps.HIFI2.0.&AAC5.1.4Audios.mkv', 'S01E01.2025.2160p.WEB-DL.H265.10bit.60fps.HIFI2.0.&AAC5.1.4Audios.mkv']
2025-11-21 13:45:32 [INFO] app.modules.filter.services.target_episode_filter_service:141 - 获取到目标剧集组合，来自链接：https://pan.quark.cn/s/834cbec6d41b
2025-11-21 13:45:32 [INFO] app.modules.filter.flow:138 - 勿扰飞升 | https://pan.quark.cn/s/834cbec6d41b 跳过（更新至 16，比备选https://pan.quark.cn/s/ac810cf770ef | 16 更少）
2025-11-21 13:45:32 [INFO] app.modules.filter.services.regex_target_link_filter:50 - 匹配成功: link_title="勿扰飞升 (2025) 4K 臻彩MAX [HDR.Vivid.60fps] [更新16集]描述：改编自月下蝶影小说《勿扰飞升》 一位在凡尘界备受冷遇的亡国公主箜篌，因机缘巧合意外进入修仙世界，开启全员宠女主模式，从师傅师兄到隔壁门派，整个修仙界都对女主宠爱有加，为了吃苦头，磨练心智，箜篌主动走出舒适圈，要求下山闯荡，偶遇了病弱男子桓宗一起升级打怪闯荡修仙界，没想到桓宗竟然就是自己一直痴迷的修仙话本的大大，也是传说中的修仙界天才，箜篌顺利把作者大大拐回了门派当女婿，两人也在一次次的历练中克服了心魔，突破修为，双双成为了一代宗师。夸克：" movie_title_season="勿扰飞升" pattern="^勿扰飞升.*"
2025-11-21 13:45:32 [INFO] app.modules.filter.services.target_episode_filter_service:137 - 开始处理链接：--- 勿扰飞升 (2025) 4K 臻彩MAX [HDR.Vivid.60fps] [更新16集]描述：改编自月下蝶影小说《勿扰飞升》 一位在凡尘界备受冷遇的亡国公主箜篌，因机缘巧合意外进入修仙世界，开启全员宠女主模式，从师傅师兄到隔壁门派，整个修仙界都对女主宠爱有加，为了吃苦头，磨练心智，箜篌主动走出舒适圈，要求下山闯荡，偶遇了病弱男子桓宗一起升级打怪闯荡修仙界，没想到桓宗竟然就是自己一直痴迷的修仙话本的大大，也是传说中的修仙界天才，箜篌顺利把作者大大拐回了门派当女婿，两人也在一次次的历练中克服了心魔，突破修为，双双成为了一代宗师。夸克： https://pan.quark.cn/s/14b05fefd4a8
2025-11-21 13:45:32 [INFO] app.modules.filter.services.target_episode_filter_service:128 - 最终选择 16 个文件来覆盖新剧集: ['S01E16.2025.2160p.60fps.WEB-DL.HDR.Vivid.H.265.10bit.AAC.mp4', 'S01E15.2025.2160p.60fps.WEB-DL.HDR.Vivid.H.265.10bit.AAC.mp4', 'S01E14.2025.2160p.60fps.WEB-DL.HDR.Vivid.H.265.10bit.AAC.mp4', 'S01E13.2025.2160p.60fps.WEB-DL.HDR.Vivid.H.265.10bit.AAC.mp4', 'S01E12.2025.2160p.60fps.WEB-DL.HDR.Vivid.H.265.10bit.AAC.mp4', 'S01E11.2025.2160p.60fps.WEB-DL.HDR.Vivid.H.265.10bit.AAC.mp4', 'S01E10.2025.2160p.60fps.WEB-DL.HDR.Vivid.H.265.10bit.AAC.mp4', 'S01E09.2025.2160p.60fps.WEB-DL.HDR.Vivid.H.265.10bit.AAC.mp4', 'S01E08.2025.2160p.60fps.WEB-DL.HDR.Vivid.H.265.10bit.AAC.mp4', 'S01E07.2025.2160p.60fps.WEB-DL.HDR.Vivid.H.265.10bit.AAC.mp4', 'S01E06.2025.2160p.60fps.WEB-DL.HDR.Vivid.H.265.10bit.AAC.mp4', 'S01E05.2025.2160p.60fps.WEB-DL.HDR.Vivid.H.265.10bit.AAC.mp4', 'S01E04.2025.2160p.60fps.WEB-DL.HDR.Vivid.H.265.10bit.AAC.mp4', 'S01E03.2025.2160p.60fps.WEB-DL.HDR.Vivid.H.265.10bit.AAC.mp4', 'S01E02.2025.2160p.60fps.WEB-DL.HDR.Vivid.H.265.10bit.AAC.mp4', 'S01E01.2025.2160p.60fps.WEB-DL.HDR.Vivid.H.265.10bit.AAC.mp4']
2025-11-21 13:45:32 [INFO] app.modules.filter.services.target_episode_filter_service:141 - 获取到目标剧集组合，来自链接：https://pan.quark.cn/s/14b05fefd4a8
2025-11-21 13:45:32 [INFO] app.modules.filter.flow:138 - 勿扰飞升 | https://pan.quark.cn/s/14b05fefd4a8 跳过（更新至 16，比备选https://pan.quark.cn/s/ac810cf770ef | 16 更少）
2025-11-21 13:45:32 [INFO] app.modules.filter.services.regex_target_link_filter:50 - 匹配成功: link_title="勿扰飞升(2025)【更16集】【4K.HDR】【高码率】【内嵌简中】描述：改编自月下蝶影小说《勿扰飞升》 一位在凡尘界备受冷遇的亡国公主箜篌，因机缘巧合意外进入修仙世界，开启全员宠女主模式，从师傅师兄到隔壁门派" movie_title_season="勿扰飞升" pattern="^勿扰飞升.*"
2025-11-21 13:45:32 [INFO] app.modules.filter.services.target_episode_filter_service:137 - 开始处理链接：--- 勿扰飞升(2025)【更16集】【4K.HDR】【高码率】【内嵌简中】描述：改编自月下蝶影小说《勿扰飞升》 一位在凡尘界备受冷遇的亡国公主箜篌，因机缘巧合意外进入修仙世界，开启全员宠女主模式，从师傅师兄到隔壁门派 https://pan.quark.cn/s/7628a2df4376
2025-11-21 13:45:33 [INFO] app.modules.filter.services.target_episode_filter_service:128 - 最终选择 17 个文件来覆盖新剧集: ['Flying Up Without Disturb S01E16 - 第 16 集 - 2160p WEB-DL HDR H265 AAC.mkv', 'Flying Up Without Disturb S01E15 - 第 15 集 - 2160p WEB-DL HDR H265 AAC.mkv', 'Flying Up Without Disturb S01E14 - 第 14 集 - 2160p WEB-DL HDR H265 AAC.mkv', 'Flying Up Without Disturb S01E13 - 第 13 集 - 2160p WEB-DL HDR H265 AAC.mkv', 'Flying Up Without Disturb S01E12 - 第 12 集 - 2160p WEB-DL HDR H265 AAC.mkv', 'Flying Up Without Disturb S01E11 - 第 11 集 - 2160p WEB-DL HDR H265 AAC.mkv', 'Flying Up Without Disturb S01E10 - 第 10 集 - 2160p WEB-DL HDR H265 AAC.mkv', 'Flying Up Without Disturb S01E09 - 第 9 集 - 2160p WEB-DL HDR H265 AAC.mkv', 'Flying Up Without Disturb S01E09 - 第 9 集 - 2160p WEB-DL H265 10bit AAC.mp4', 'Flying Up Without Disturb S01E08 - 第 8 集 - 2160p WEB-DL HDR H265 AAC.mkv', 'Flying Up Without Disturb S01E07 - 第 7 集 - 2160p WEB-DL HDR H265 AAC.mkv', 'Flying Up Without Disturb S01E06 - 第 6 集 - 2160p WEB-DL HDR H265 AAC.mkv', 'Flying Up Without Disturb S01E05 - 第 5 集 - 2160p WEB-DL HDR H265 AAC.mkv', 'Flying Up Without Disturb S01E04 - 第 4 集 - 2160p WEB-DL HDR H265 AAC.mkv', 'Flying Up Without Disturb S01E03 - 第 3 集 - 2160p WEB-DL HDR H265 AAC.mkv', 'Flying Up Without Disturb S01E02 - 第 2 集 - 2160p WEB-DL HDR H265 AAC.mkv', 'Flying Up Without Disturb S01E01 - 第 1 集 - 2160p WEB-DL HDR H265 AAC.mkv']
2025-11-21 13:45:33 [INFO] app.modules.filter.services.target_episode_filter_service:141 - 获取到目标剧集组合，来自链接：https://pan.quark.cn/s/7628a2df4376
2025-11-21 13:45:33 [INFO] app.modules.filter.flow:138 - 勿扰飞升 | https://pan.quark.cn/s/7628a2df4376 跳过（更新至 16，比备选https://pan.quark.cn/s/ac810cf770ef | 16 更少）
2025-11-21 13:45:33 [INFO] app.modules.filter.services.regex_target_link_filter:50 - 匹配成功: link_title="勿扰飞升（2025）【4K.HDR.60fps】【更12集】【剧情】【李宏毅/陆婷玉】描述：改编自月下蝶影小说《勿扰飞升》 一位在凡尘界备受冷遇的亡国公主箜篌，因机缘巧合意外进入修仙世界，开启全员宠女主模式，从师傅师兄到隔壁门派，整个修仙界都对女主宠爱有加，为了吃苦头，磨练心智，箜篌主动走出舒适圈，要求下山闯荡，偶遇了病弱男子桓宗一起升级打怪闯荡修仙界，没想到桓宗竟然就是自己一直痴迷的修仙话本的大大，也是传说中的修仙界天才，箜篌顺利把作者大大拐回了门派当女婿，两人也在一次次的历练中克服了心魔，突破修为，双双成为了一代宗师。" movie_title_season="勿扰飞升" pattern="^勿扰飞升.*"
2025-11-21 13:45:33 [INFO] app.modules.filter.services.target_episode_filter_service:137 - 开始处理链接：--- 勿扰飞升（2025）【4K.HDR.60fps】【更12集】【剧情】【李宏毅/陆婷玉】描述：改编自月下蝶影小说《勿扰飞升》 一位在凡尘界备受冷遇的亡国公主箜篌，因机缘巧合意外进入修仙世界，开启全员宠女主模式，从师傅师兄到隔壁门派，整个修仙界都对女主宠爱有加，为了吃苦头，磨练心智，箜篌主动走出舒适圈，要求下山闯荡，偶遇了病弱男子桓宗一起升级打怪闯荡修仙界，没想到桓宗竟然就是自己一直痴迷的修仙话本的大大，也是传说中的修仙界天才，箜篌顺利把作者大大拐回了门派当女婿，两人也在一次次的历练中克服了心魔，突破修为，双双成为了一代宗师。 https://pan.quark.cn/s/325a8a49d23e
2025-11-21 13:45:33 [INFO] app.modules.filter.services.regex_target_link_filter:50 - 匹配成功: link_title="勿扰飞升 (2025) 【4K.HDR】【60帧率】【国语中字】【李宏毅/陆婷玉】【古装/剧情】【更新14集】描述：　　改编自月下蝶影小说《勿扰飞升》一位在凡尘界备受冷遇的亡国公主箜篌，因机缘巧合意外进入修仙世界，开启全员宠女主模式，从师傅师兄到隔壁门派，整个修仙界都对女主宠爱有加，为了吃苦头，磨练心智，箜篌主动走出舒适圈，要求下山闯荡，偶遇了病弱男子桓宗一起升级打怪闯荡修仙界，没想到桓宗竟然就是自己一直痴迷的修仙话本的大大，也是传说中的修仙界天才，箜篌顺利把作者大大拐回了门派当女婿，两人也在一次次的历练中克服了心魔，突破修为，双双成为了一代宗" movie_title_season="勿扰飞升" pattern="^勿扰飞升.*"
2025-11-21 13:45:33 [INFO] app.modules.filter.services.target_episode_filter_service:137 - 开始处理链接：--- 勿扰飞升 (2025) 【4K.HDR】【60帧率】【国语中字】【李宏毅/陆婷玉】【古装/剧情】【更新14集】描述：　　改编自月下蝶影小说《勿扰飞升》一位在凡尘界备受冷遇的亡国公主箜篌，因机缘巧合意外进入修仙世界，开启全员宠女主模式，从师傅师兄到隔壁门派，整个修仙界都对女主宠爱有加，为了吃苦头，磨练心智，箜篌主动走出舒适圈，要求下山闯荡，偶遇了病弱男子桓宗一起升级打怪闯荡修仙界，没想到桓宗竟然就是自己一直痴迷的修仙话本的大大，也是传说中的修仙界天才，箜篌顺利把作者大大拐回了门派当女婿，两人也在一次次的历练中克服了心魔，突破修为，双双成为了一代宗 https://pan.quark.cn/s/ac4a79848ff9
2025-11-21 13:45:33 [INFO] app.modules.filter.services.target_episode_filter_service:128 - 最终选择 16 个文件来覆盖新剧集: ['S01E16.2025.2160p.60fps.WEB-DL.AAC5.1.HDR.Vivid.10bits.H.265.mp4', 'S01E15.2025.2160p.60fps.WEB-DL.AAC5.1.HDR.Vivid.10bits.H.265.mp4', 'S01E14.2025.2160p.60fps.WEB-DL.AAC5.1.HDR.Vivid.10bits.H.265.mp4', 'S01E13.2025.2160p.60fps.WEB-DL.AAC5.1.HDR.Vivid.10bits.H.265.mp4', 'S01E12.2025.2160p.60fps.WEB-DL.AAC5.1.HDR.Vivid.10bits.H.265.mp4', 'S01E11.2025.2160p.60fps.WEB-DL.AAC5.1.HDR.Vivid.10bits.H.265.mp4', 'S01E10.2025.2160p.60fps.WEB-DL.AAC5.1.HDR.Vivid.10bits.H.265.mp4', 'S01E09.2025.2160p.60fps.WEB-DL.AAC5.1.HDR.Vivid.10bits.H.265.mp4', 'S01E08.2025.2160p.60fps.WEB-DL.AAC5.1.HDR.Vivid.10bits.H.265.mp4', 'S01E07.2025.2160p.60fps.WEB-DL.AAC5.1.HDR.Vivid.10bits.H.265.mp4', 'S01E06.2025.2160p.60fps.WEB-DL.AAC5.1.HDR.Vivid.10bits.H.265.mp4', 'S01E05.2025.2160p.60fps.WEB-DL.AAC5.1.HDR.Vivid.10bits.H.265.mp4', 'S01E04.2025.2160p.60fps.WEB-DL.AAC5.1.HDR.Vivid.10bits.H.265.mp4', 'S01E03.2025.2160p.60fps.WEB-DL.AAC5.1.HDR.Vivid.10bits.H.265.mp4', 'S01E02.2025.2160p.60fps.WEB-DL.AAC5.1.HDR.Vivid.10bits.H.265.mp4', 'S01E01.2025.2160p.60fps.WEB-DL.AAC5.1.HDR.Vivid.10bits.H.265.mp4']
2025-11-21 13:45:33 [INFO] app.modules.filter.services.target_episode_filter_service:141 - 获取到目标剧集组合，来自链接：https://pan.quark.cn/s/ac4a79848ff9
2025-11-21 13:45:33 [INFO] app.modules.filter.flow:138 - 勿扰飞升 | https://pan.quark.cn/s/ac4a79848ff9 跳过（更新至 16，比备选https://pan.quark.cn/s/ac810cf770ef | 16 更少）
2025-11-21 13:45:34 [INFO] app.modules.filter.services.regex_target_link_filter:50 - 匹配成功: link_title="勿扰飞升 2025 4K HDR 60FPS 更新至16集描述： 一位在凡尘界备受冷遇的亡国公主箜篌，因机缘巧合意外进入修仙世界，为磨练心智，主动下山闯荡，偶遇了病弱男子桓宗一起升级打怪闯荡修仙界并发展出深厚的感情的故事。夸克：" movie_title_season="勿扰飞升" pattern="^勿扰飞升.*"
2025-11-21 13:45:34 [INFO] app.modules.filter.services.target_episode_filter_service:137 - 开始处理链接：--- 勿扰飞升 2025 4K HDR 60FPS 更新至16集描述： 一位在凡尘界备受冷遇的亡国公主箜篌，因机缘巧合意外进入修仙世界，为磨练心智，主动下山闯荡，偶遇了病弱男子桓宗一起升级打怪闯荡修仙界并发展出深厚的感情的故事。夸克： https://pan.quark.cn/s/2871616277d7
2025-11-21 13:45:34 [INFO] app.modules.filter.services.target_episode_filter_service:128 - 最终选择 16 个文件来覆盖新剧集: ['S01E16.mkv', 'S01E15.mkv', 'S01E14.mkv', 'S01E13.mkv', 'S01E12.mp4', 'S01E11.mp4', 'S01E10.mp4', 'S01E09.mp4', 'S01E08.mp4', 'S01E07.mp4', 'S01E06.mkv', 'S01E05.mkv', 'S01E04.mkv', 'S01E03.mkv', 'S01E02.mkv', 'S01E01.mkv']
2025-11-21 13:45:34 [INFO] app.modules.filter.services.target_episode_filter_service:141 - 获取到目标剧集组合，来自链接：https://pan.quark.cn/s/2871616277d7
2025-11-21 13:45:34 [INFO] app.modules.filter.flow:138 - 勿扰飞升 | https://pan.quark.cn/s/2871616277d7 跳过（更新至 16，比备选https://pan.quark.cn/s/ac810cf770ef | 16 更少）
2025-11-21 13:45:34 [INFO] app.modules.filter.flow:158 - 勿扰飞升分享链接遍历完成，无可用分享链接
2025-11-21 13:45:34 [INFO] app.modules.storage_operations.services.save_episodes_to_cloud:44 - 未筛选到适合['mkv', 'mp4', 'avi', 'mov', 'm4v', 'wmv', 'flv', 'torrent', 'srt', 'ass', 'sub', 'mp3', 'aac', 'zip']的链接
2025-11-21 13:45:34 [INFO] app.modules.storage_operations.services.save_episodes_to_cloud:44 - 未筛选到适合['mkv', 'mp4', 'avi', 'mov', 'm4v', 'wmv', 'flv', 'torrent', 'srt', 'ass', 'sub', 'mp3', 'aac', 'zip']的链接
2025-11-21 13:46:22 [INFO] telethon.client.updates:443 - Got difference for channel 2014194320 updates
2025-11-21 13:46:22 [INFO] telethon.client.updates:443 - Got difference for channel 2209378593 updates
2025-11-21 13:46:22 [INFO] telethon.client.updates:443 - Got difference for channel 2193554291 updates
2025-11-21 13:46:22 [INFO] telethon.client.updates:443 - Got difference for channel 2158983339 updates
2025-11-21 13:46:23 [INFO] telethon.client.updates:443 - Got difference for channel 1280467440 updates
2025-11-21 13:46:23 [INFO] telethon.client.updates:443 - Got difference for channel 1617621330 updates
2025-11-21 13:46:23 [INFO] telethon.client.updates:443 - Got difference for channel 1580372425 updates
2025-11-21 13:47:22 [INFO] telethon.client.updates:443 - Got difference for channel 1538105589 updates
2025-11-21 13:47:22 [INFO] telethon.client.updates:443 - Got difference for channel 1669747816 updates
2025-11-21 13:47:22 [INFO] telethon.client.updates:443 - Got difference for channel 2158983339 updates
2025-11-21 13:47:22 [INFO] telethon.client.updates:443 - Got difference for channel 2209378593 updates
2025-11-21 13:47:23 [INFO] telethon.client.updates:443 - Got difference for channel 1580372425 updates
2025-11-21 13:47:23 [INFO] telethon.client.updates:443 - Got difference for channel 2600169516 updates
2025-11-21 13:47:23 [INFO] telethon.client.updates:443 - Got difference for channel 1280467440 updates
2025-11-21 13:48:22 [INFO] telethon.client.updates:443 - Got difference for channel 2158983339 updates
2025-11-21 13:48:22 [INFO] telethon.client.updates:443 - Got difference for channel 1688099294 updates
2025-11-21 13:48:22 [INFO] telethon.client.updates:443 - Got difference for channel 2014194320 updates
2025-11-21 13:48:22 [INFO] telethon.client.updates:443 - Got difference for channel 2016939647 updates
2025-11-21 13:49:22 [INFO] telethon.client.updates:443 - Got difference for channel 2269063013 updates
2025-11-21 13:49:22 [INFO] telethon.client.updates:443 - Got difference for channel 2209378593 updates
2025-11-21 13:49:22 [INFO] telethon.client.updates:443 - Got difference for channel 1580372425 updates
2025-11-21 13:49:22 [INFO] telethon.client.updates:443 - Got difference for channel 2014194320 updates
2025-11-21 13:50:00 [INFO] app.core.scheduler:480 - Dispatching scheduled job f8e4963f2a92414589a557957998c0a7 -> 将所有网盘已更新到最新进度的movie推送到平台
2025-11-21 13:50:00 [INFO] app.core.scheduler:506 - Scheduled job f8e4963f2a92414589a557957998c0a7 dispatched to task_manager
2025-11-21 13:50:00 [INFO] root:162 - [task a17988ef9d5c4dffaf67affa9e36c138] log handler attached for capture
2025-11-21 13:50:00 [INFO] app.flow.sync_new_movie_flow:327 - 将['赴山海', '欢乐家长群2', '暴风圈', '照镜辞', '漫威丧尸', '弥留之国的爱丽丝 第三季', '行骗天下KR', '健力士王朝', '犯罪现场 Zero', '科斯缇娜酒店', '入青云', '回魂计', '水龙吟', '锦月令', '棕眼之谜', '三人行', '黑盒子', '大厨小婿']发布至平台
2025-11-21 13:50:22 [INFO] telethon.client.updates:443 - Got difference for channel 2209378593 updates
2025-11-21 13:50:22 [INFO] telethon.client.updates:443 - Got difference for channel 2158983339 updates
2025-11-21 13:50:22 [INFO] telethon.client.updates:443 - Got difference for channel 2014194320 updates
2025-11-21 13:50:22 [INFO] telethon.client.updates:443 - Got difference for channel 1280467440 updates
2025-11-21 13:50:23 [INFO] telethon.client.updates:443 - Got difference for channel 2193554291 updates
2025-11-21 13:51:22 [INFO] telethon.client.updates:443 - Got difference for channel 1688099294 updates
2025-11-21 13:51:22 [INFO] telethon.client.updates:443 - Got difference for channel 2600169516 updates
2025-11-21 13:51:22 [INFO] telethon.client.updates:443 - Got difference for channel 1617621330 updates
2025-11-21 13:51:23 [INFO] telethon.client.updates:443 - Got difference for channel 2016939647 updates
2025-11-21 13:52:20 [INFO] telethon.client.updates:344 - Got difference for account updates
2025-11-21 13:52:20 [INFO] telethon.client.updates:443 - Got difference for channel 2209378593 updates
2025-11-21 13:52:20 [INFO] telethon.client.updates:443 - Got difference for channel 1290825027 updates
2025-11-21 13:52:21 [INFO] telethon.client.updates:443 - Got difference for channel 2158983339 updates
2025-11-21 13:52:21 [INFO] telethon.client.updates:443 - Got difference for channel 1401724496 updates
2025-11-21 13:52:21 [INFO] telethon.client.updates:443 - Got difference for channel 1280467440 updates
2025-11-21 13:52:21 [INFO] telethon.client.updates:443 - Got difference for channel 1538105589 updates
2025-11-21 13:52:22 [INFO] telethon.client.updates:443 - Got difference for channel 1084638970 updates
2025-11-21 13:52:22 [INFO] telethon.client.updates:443 - Got difference for channel 1780401093 updates
2025-11-21 13:52:22 [INFO] telethon.client.updates:443 - Got difference for channel 2073046329 updates
2025-11-21 13:53:22 [INFO] telethon.client.updates:443 - Got difference for channel 1280467440 updates
2025-11-21 13:53:22 [INFO] telethon.client.updates:443 - Got difference for channel 2269063013 updates
2025-11-21 13:54:22 [INFO] telethon.client.updates:443 - Got difference for channel 2209378593 updates
2025-11-21 13:54:22 [INFO] telethon.client.updates:443 - Got difference for channel 1688099294 updates
2025-11-21 13:54:39 [INFO] telethon.client.updates:443 - Got difference for channel 1617621330 updates
2025-11-21 13:54:39 [INFO] telethon.client.updates:443 - Got difference for channel 2193554291 updates
2025-11-21 13:54:40 [INFO] telethon.client.updates:443 - Got difference for channel 1669747816 updates
2025-11-21 13:54:40 [INFO] telethon.client.updates:443 - Got difference for channel 2600169516 updates
2025-11-21 13:55:00 [INFO] app.core.scheduler:480 - Dispatching scheduled job f8e4963f2a92414589a557957998c0a7 -> 将所有网盘已更新到最新进度的movie推送到平台
2025-11-21 13:55:00 [INFO] app.core.scheduler:506 - Scheduled job f8e4963f2a92414589a557957998c0a7 dispatched to task_manager
2025-11-21 13:55:00 [INFO] root:162 - [task 7046b73c7bd64fc88af2b9a4a43d25b5] log handler attached for capture
2025-11-21 13:55:00 [INFO] app.flow.sync_new_movie_flow:327 - 将['赴山海', '欢乐家长群2', '暴风圈', '照镜辞', '漫威丧尸', '弥留之国的爱丽丝 第三季', '行骗天下KR', '健力士王朝', '犯罪现场 Zero', '科斯缇娜酒店', '入青云', '回魂计', '水龙吟', '锦月令', '棕眼之谜', '三人行', '黑盒子', '大厨小婿']发布至平台
2025-11-21 13:55:22 [INFO] telethon.client.updates:443 - Got difference for channel 1580372425 updates
2025-11-21 13:55:22 [INFO] telethon.client.updates:443 - Got difference for channel 1739110235 updates
2025-11-21 13:56:22 [INFO] telethon.client.updates:443 - Got difference for channel 1859684449 updates
2025-11-21 13:56:22 [INFO] telethon.client.updates:443 - Got difference for channel 1669747816 updates
2025-11-21 13:56:23 [INFO] telethon.client.updates:443 - Got difference for channel 2158983339 updates
2025-11-21 13:57:22 [INFO] telethon.client.updates:443 - Got difference for channel 2193554291 updates
2025-11-21 13:57:22 [INFO] telethon.client.updates:443 - Got difference for channel 1688099294 updates
2025-11-21 13:57:22 [INFO] telethon.client.updates:443 - Got difference for channel 2016939647 updates
2025-11-21 13:57:23 [INFO] telethon.client.updates:443 - Got difference for channel 1280467440 updates
2025-11-21 13:58:05 [INFO] telethon.client.updates:443 - Got difference for channel 1280467440 updates
2025-11-21 13:58:06 [INFO] telethon.client.updates:443 - Got difference for channel 2269063013 updates
2025-11-21 13:58:06 [INFO] telethon.client.updates:443 - Got difference for channel 2158983339 updates
2025-11-21 13:58:22 [INFO] telethon.client.updates:443 - Got difference for channel 2014194320 updates
2025-11-21 13:59:22 [INFO] telethon.client.updates:443 - Got difference for channel 1538105589 updates
2025-11-21 13:59:22 [INFO] telethon.client.updates:443 - Got difference for channel 1669747816 updates
2025-11-21 13:59:22 [INFO] telethon.client.updates:443 - Got difference for channel 1084638970 updates
2025-11-21 13:59:23 [INFO] telethon.client.updates:443 - Got difference for channel 1280467440 updates
2025-11-21 14:00:00 [INFO] app.core.scheduler:480 - Dispatching scheduled job 6f853106834c42dbb500a627c0aa1bbc -> 同步今日可更新影视资源到网盘
2025-11-21 14:00:00 [INFO] app.core.scheduler:506 - Scheduled job 6f853106834c42dbb500a627c0aa1bbc dispatched to task_manager
2025-11-21 14:00:00 [INFO] app.core.scheduler:480 - Dispatching scheduled job f8e4963f2a92414589a557957998c0a7 -> 将所有网盘已更新到最新进度的movie推送到平台
2025-11-21 14:00:00 [INFO] app.core.scheduler:506 - Scheduled job f8e4963f2a92414589a557957998c0a7 dispatched to task_manager
2025-11-21 14:00:00 [INFO] root:162 - [task ab9569c17e00403cab40ceccde98233e] log handler attached for capture
2025-11-21 14:00:00 [INFO] root:162 - [task dca2a8d5e176425086715881eb30e615] log handler attached for capture
2025-11-21 14:00:00 [INFO] app.flow.sync_new_movie_flow:181 - 今日已到更新时间点的movie:['新闻女王2', '勿扰飞升']
2025-11-21 14:00:00 [WARNING] app.flow.sync_new_movie_flow:186 - 这些movie由于tmdb_info为空无法同步：[]
2025-11-21 14:00:00 [INFO] app.flow.sync_new_movie_flow:327 - 将['赴山海', '欢乐家长群2', '暴风圈', '照镜辞', '漫威丧尸', '弥留之国的爱丽丝 第三季', '行骗天下KR', '健力士王朝', '犯罪现场 Zero', '科斯缇娜酒店', '入青云', '回魂计', '水龙吟', '锦月令', '棕眼之谜', '三人行', '黑盒子', '大厨小婿']发布至平台
2025-11-21 14:00:04 [INFO] app.modules.filter.services.regex_target_link_filter:50 - 匹配成功: link_title="新闻女王2国语版" movie_title_season="新闻女王2" pattern="^新闻女王2.*"
2025-11-21 14:00:04 [INFO] app.modules.filter.services.target_episode_filter_service:137 - 开始处理链接：--- 新闻女王2国语版 https://pan.quark.cn/s/6ceeb5cc2bf5
2025-11-21 14:00:04 [INFO] app.modules.filter.services.target_episode_filter_service:128 - 最终选择 18 个文件来覆盖新剧集: ['20 4K.mkv', '19 4K.mkv', '17 4K.mkv', '16 4K.mkv', '15 4K.mkv', '14 4K【国粤双语】.mkv', '12 4K.mkv', '11 4K.mp4', '10 4K【国粤双语】.mkv', '09 4K【国粤双语】.mkv', '08 4K.mkv', '07 4K.mkv', '06 4K.mkv', '05 4K.mkv', '04 4K.mp4', '03 4K.mkv', '02 4K.mkv', '01 4K.mkv']
2025-11-21 14:00:04 [INFO] app.modules.filter.services.target_episode_filter_service:141 - 获取到目标剧集组合，来自链接：https://pan.quark.cn/s/6ceeb5cc2bf5
2025-11-21 14:00:04 [INFO] app.modules.filter.flow:128 - 新闻女王2 | https://pan.quark.cn/s/6ceeb5cc2bf5 作为备选（更新至 20/21）
2025-11-21 14:00:04 [INFO] app.modules.filter.services.regex_target_link_filter:50 - 匹配成功: link_title="新闻女王2国语版" movie_title_season="新闻女王2" pattern="^新闻女王2.*"
2025-11-21 14:00:04 [INFO] app.modules.filter.services.target_episode_filter_service:137 - 开始处理链接：--- 新闻女王2国语版 https://pan.baidu.com/s/1cHrCu7Z7J_KyihwpUCENRg?pwd=8888
2025-11-21 14:00:04 [INFO] app.modules.filter.services.regex_target_link_filter:50 - 匹配成功: link_title="新闻女王2国语" movie_title_season="新闻女王2" pattern="^新闻女王2.*"
2025-11-21 14:00:04 [INFO] app.modules.filter.services.target_episode_filter_service:137 - 开始处理链接：--- 新闻女王2国语 https://pan.quark.cn/s/f7b29837da99
2025-11-21 14:00:05 [INFO] app.modules.filter.services.target_episode_filter_service:128 - 最终选择 46 个文件来覆盖新剧集: ['The.Queen.of.NEWS.S01E26.2023.2160p.WEB-DL.H265.AAC-DDHDTV.mkv', 'The.Queen.of.NEWS.S01E25.2023.2160p.WEB-DL.H265.AAC-DDHDTV.mkv', 'The.Queen.of.NEWS.S01E24.2023.2160p.WEB-DL.H265.AAC-DDHDTV.mkv', 'The.Queen.of.NEWS.S01E23.2023.2160p.WEB-DL.H265.AAC-DDHDTV.mkv', 'The.Queen.of.NEWS.S01E22.2023.2160p.WEB-DL.H265.AAC-DDHDTV.mkv', 'The.Queen.of.NEWS.S01E21.2023.2160p.WEB-DL.H265.AAC-DDHDTV.mkv', 'The.Queen.of.NEWS.S01E20.2023.2160p.WEB-DL.H265.AAC-DDHDTV.mkv', 'The.Queen.of.NEWS.S01E19.2023.2160p.WEB-DL.H265.AAC-DDHDTV.mkv', 'The.Queen.of.NEWS.S01E18.2023.2160p.WEB-DL.H265.AAC-DDHDTV.mkv', 'The.Queen.of.NEWS.S01E17.2023.2160p.WEB-DL.H265.AAC-DDHDTV.mkv', 'The.Queen.of.NEWS.S01E16.2023.2160p.WEB-DL.H265.AAC-DDHDTV.mkv', 'The.Queen.of.NEWS.S01E15.2023.2160p.WEB-DL.H265.AAC-DDHDTV.mkv', 'The.Queen.of.NEWS.S01E14.2023.2160p.WEB-DL.H265.AAC-DDHDTV.mkv', 'The.Queen.of.NEWS.S01E13.2023.2160p.WEB-DL.H265.AAC-DDHDTV.mkv', 'The.Queen.of.NEWS.S01E12.2023.2160p.WEB-DL.H265.AAC-DDHDTV.mkv', 'The.Queen.of.NEWS.S01E11.2023.2160p.WEB-DL.H265.AAC-DDHDTV.mkv', 'The.Queen.of.NEWS.S01E10.2023.2160p.WEB-DL.H265.AAC-DDHDTV.mkv', 'The.Queen.of.NEWS.S01E09.2023.2160p.WEB-DL.H265.AAC-DDHDTV.mkv', 'The.Queen.of.NEWS.S01E08.2023.2160p.WEB-DL.H265.AAC-DDHDTV.mkv', 'The.Queen.of.NEWS.S01E07.2023.2160p.WEB-DL.H265.AAC-DDHDTV.mkv', 'The.Queen.of.NEWS.S01E06.2023.2160p.WEB-DL.H265.AAC-DDHDTV.mkv', 'The.Queen.of.NEWS.S01E05.2023.2160p.WEB-DL.H265.AAC-DDHDTV.mkv', 'The.Queen.of.NEWS.S01E04.2023.2160p.WEB-DL.H265.AAC-DDHDTV.mkv', 'The.Queen.of.NEWS.S01E03.2023.2160p.WEB-DL.H265.AAC-DDHDTV.mkv', 'The.Queen.of.NEWS.S01E02.2023.2160p.WEB-DL.H265.AAC-DDHDTV.mkv', 'The.Queen.of.NEWS.S01E01.2023.2160p.WEB-DL.H265.AAC-DDHDTV.mkv', 'S01E20.2025.2160p.60fps.WEB-DL.H265.AAC.2Audios.mkv', 'S01E19.2025.2160p.60fps.WEB-DL.H265.AAC.2Audios.mkv', 'S01E18.2025.2160p.60fps.WEB-DL.H265.AAC.2Audios.mkv', 'S01E17.2025.2160p.60fps.WEB-DL.H265.AAC.2Audios.mkv', 'S01E16.2025.2160p.60fps.WEB-DL.H265.AAC.2Audios.mkv', 'S01E15.2025.2160p.60fps.WEB-DL.H265.AAC.2Audios.mkv', 'S01E14.2025.2160p.60fps.WEB-DL.H265.AAC.2Audios.mkv', 'S01E13.2025.2160p.60fps.WEB-DL.H265.AAC.2Audios.mkv', 'S01E12.2025.2160p.60fps.WEB-DL.H265.AAC.2Audios.mkv', 'S01E11.2025.2160p.60fps.WEB-DL.H265.AAC.2Audios.mkv', 'S01E10.2025.2160p.60fps.WEB-DL.H265.AAC.2Audios.mkv', 'S01E09.2025.2160p.60fps.WEB-DL.H265.AAC.2Audios.mkv', 'S01E08.2025.2160p.60fps.WEB-DL.H265.AAC.2Audios.mkv', 'S01E07.2025.2160p.60fps.WEB-DL.H265.AAC.2Audios.mkv', 'S01E06.2025.2160p.60fps.WEB-DL.H265.AAC.2Audios.mkv', 'S01E05.2025.2160p.60fps.WEB-DL.H265.AAC.2Audios.mkv', 'S01E04.2025.2160p.60fps.WEB-DL.H265.AAC.2Audios.mkv', 'S01E03.2025.2160p.60fps.WEB-DL.H265.AAC.2Audios.mkv', 'S01E02.2025.2160p.60fps.WEB-DL.H265.AAC.2Audios.mkv', 'S01E01.2025.2160p.60fps.WEB-DL.H265.AAC.2Audios.mkv']
2025-11-21 14:00:05 [INFO] app.modules.filter.services.target_episode_filter_service:141 - 获取到目标剧集组合，来自链接：https://pan.quark.cn/s/f7b29837da99
2025-11-21 14:00:05 [INFO] app.modules.filter.flow:138 - 新闻女王2 | https://pan.quark.cn/s/f7b29837da99 跳过（更新至 20，比备选https://pan.quark.cn/s/6ceeb5cc2bf5 | 20 更少）
2025-11-21 14:00:05 [INFO] app.modules.filter.services.regex_target_link_filter:50 - 匹配成功: link_title="新闻女王2 4K[臻彩]" movie_title_season="新闻女王2" pattern="^新闻女王2.*"
2025-11-21 14:00:05 [INFO] app.modules.filter.services.target_episode_filter_service:137 - 开始处理链接：--- 新闻女王2 4K[臻彩] https://pan.quark.cn/s/b72f6131127c
2025-11-21 14:00:06 [INFO] app.modules.filter.services.target_episode_filter_service:128 - 最终选择 12 个文件来覆盖新剧集: ['06.4k.粤语.mp4', '05.4k.粤语.mp4', '04.4k.粤语.mp4', '03.4k.粤语.mp4', '02.4k.粤语.mp4', '01.4k.粤语.mp4', '06.4k.国语.mp4', '05.4k.国语..mp4', '04.4k.国语.mp4', '03.4k.国语.mp4', '02.4k.国语.mp4', '01.4k.国语.mp4']
2025-11-21 14:00:06 [INFO] app.modules.filter.services.target_episode_filter_service:141 - 获取到目标剧集组合，来自链接：https://pan.baidu.com/s/1cHrCu7Z7J_KyihwpUCENRg?pwd=8888
2025-11-21 14:00:06 [INFO] app.modules.filter.flow:128 - 新闻女王2 | https://pan.baidu.com/s/1cHrCu7Z7J_KyihwpUCENRg?pwd=8888 作为备选（更新至 6/21）
2025-11-21 14:00:06 [WARNING] app.modules.filter.services.regex_target_link_filter:58 - 未匹配: link_title="[4K][国粤双轨][内嵌简中][附第一季]（新闻女王2；第二季）新聞女王Ⅱ(2025)[更至20／25集]香港 剧情佘诗曼 黄宗泽 李施嬅 高海宁 王敏奕夸克网盘：" movie_title_season="新闻女王2" patterns=['^新闻女王2.*', '.*【新闻女王2】.*', '.*新闻女王2.*1080p.*', '.*新闻女王2.*S\\d{2}E\\d{2}', '.*《新闻女王2》.*', '.*「新闻女王2」.*', '.*[:：]新闻女王2.*', '.*新闻女王2[(（]20\\d{2}[）)]']
2025-11-21 14:00:06 [INFO] app.modules.filter.services.regex_target_link_filter:50 - 匹配成功: link_title="新闻女王 第二季 新闻女王2（2025）【4K.60fps】【国粤双语】【内封简中】【更20集】【剧情】【佘诗曼/黄宗泽】【附第一季】.描述：半年间，SNK剧变，总监余英飞离职、门外汉古肇华空降。张家妍虽掌权却难服众。刘艳的公开平台崛起，动摇传统媒体地位，连已入官场的许诗晴亦被卷入新旧媒体的角力。文慧心于此时复出，昭告世人：新闻女王的地位永远不可撼动！." movie_title_season="新闻女王2" pattern=".*新闻女王2[(（]20\d{2}[）)]"
2025-11-21 14:00:06 [INFO] app.modules.filter.services.target_episode_filter_service:137 - 开始处理链接：--- 新闻女王 第二季 新闻女王2（2025）【4K.60fps】【国粤双语】【内封简中】【更20集】【剧情】【佘诗曼/黄宗泽】【附第一季】.描述：半年间，SNK剧变，总监余英飞离职、门外汉古肇华空降。张家妍虽掌权却难服众。刘艳的公开平台崛起，动摇传统媒体地位，连已入官场的许诗晴亦被卷入新旧媒体的角力。文慧心于此时复出，昭告世人：新闻女王的地位永远不可撼动！. https://pan.quark.cn/s/5dd3198d9a4e
2025-11-21 14:00:06 [INFO] app.modules.filter.services.regex_target_link_filter:50 - 匹配成功: link_title="新闻女王/新闻女王2(2025)【更20集】【4K.普码】【国粤双语】【内嵌简中】【附第一季】描述：半年间，SNK剧变，总监余英飞离职、门外汉古肇华空降。张家妍虽掌权却难服众。刘艳的公开平台崛起，动摇传统媒体地位，连已入官场的许诗晴亦被卷入新旧媒体的角力。文慧心于此时复出，昭告世人：新闻女王的地位永远不可撼动！" movie_title_season="新闻女王2" pattern=".*新闻女王2[(（]20\d{2}[）)]"
2025-11-21 14:00:06 [INFO] app.modules.filter.services.target_episode_filter_service:137 - 开始处理链接：--- 新闻女王/新闻女王2(2025)【更20集】【4K.普码】【国粤双语】【内嵌简中】【附第一季】描述：半年间，SNK剧变，总监余英飞离职、门外汉古肇华空降。张家妍虽掌权却难服众。刘艳的公开平台崛起，动摇传统媒体地位，连已入官场的许诗晴亦被卷入新旧媒体的角力。文慧心于此时复出，昭告世人：新闻女王的地位永远不可撼动！ https://pan.quark.cn/s/e13c88c7a09c
2025-11-21 14:00:06 [WARNING] app.modules.filter.services.regex_target_link_filter:58 - 未匹配: link_title="🗄 新闻女王2 ｜ 新闻女王 第二.季 (2025) 【更20集】【4K.普码&杜比视界双版本】【国粤双语】【 佘诗曼/黄宗泽】【剧情/悬疑】【附第一季】" movie_title_season="新闻女王2" patterns=['^新闻女王2.*', '.*【新闻女王2】.*', '.*新闻女王2.*1080p.*', '.*新闻女王2.*S\\d{2}E\\d{2}', '.*《新闻女王2》.*', '.*「新闻女王2」.*', '.*[:：]新闻女王2.*', '.*新闻女王2[(（]20\\d{2}[）)]']
2025-11-21 14:00:07 [INFO] app.modules.filter.services.target_episode_filter_service:128 - 最终选择 48 个文件来覆盖新剧集: ['The QUEEN of News S02E20 - 第 20 集 - 2160p WEB-DL H265 AAC 2Audio.mkv', 'The QUEEN of News S02E19 - 第 19 集 - 2160p WEB-DL H265 AAC 2Audio.mkv', 'The QUEEN of News S02E18 - 第 18 集 - 2160p WEB-DL H265 AAC 2Audio.mkv', 'The QUEEN of News S02E17 - 第 17 集 - 2160p WEB-DL H265 AAC 2Audio.mkv', 'The QUEEN of News S02E16 - 第 16 集 - 2160p WEB-DL H265 AAC 2Audio.mkv', 'The QUEEN of News S02E15 - 第 15 集 - 2160p WEB-DL H265 AAC 2Audio.mkv', 'The QUEEN of News S02E14 - 第 14 集 - 2160p WEB-DL H265 AAC 2Audio.mkv', 'The QUEEN of News S02E13 - 第 13 集 - 2160p WEB-DL H265 AAC 2Audio.mkv', 'The QUEEN of News S02E12 - 第 12 集 - 2160p WEB-DL H265 AAC 2Audio.mkv', 'The QUEEN of News S02E11 - 第 11 集 - 2160p WEB-DL H265 AAC 2Audio.mkv', 'The QUEEN of News S02E10 - 第 10 集 - 2160p WEB-DL H265 AAC 2Audio.mkv', 'The QUEEN of News S02E09 - 第 9 集 - 2160p WEB-DL H265 AAC 2Audio.mkv', 'The QUEEN of News S02E08 - 第 8 集 - 2160p WEB-DL H265 AAC 2Audio.mkv', 'The QUEEN of News S02E07 - 第 7 集 - 2160p WEB-DL H265 AAC 2Audio.mkv', 'The QUEEN of News S02E06 - 第 6 集 - 2160p WEB-DL H265 AAC 2Audio.mkv', 'The QUEEN of News S02E05 - 第 5 集 - 2160p WEB-DL H265 AAC 2Audio.mkv', 'The QUEEN of News S02E04 - 第 4 集 - 2160p WEB-DL H265 AAC 2Audio.mkv', 'The QUEEN of News S02E03 - 第 3 集 - 2160p WEB-DL H265 AAC 2Audio.mkv', 'The QUEEN of News S02E02 - 第 2 集 - 2160p WEB-DL H265 AAC 2Audio.mkv', 'The QUEEN of News S02E01 - 第 1 集 - 2160p WEB-DL H265 AAC 2Audio.mkv', 'The QUEEN of News S01E26 - 第 26 集 - 2160p WEB-DL HQ H265 10bit AAC.mp4', 'The QUEEN of News S01E25 - 第 25 集 - 2160p WEB-DL HQ H265 10bit AAC.mp4', 'The QUEEN of News S01E24 - 第 24 集 - 2160p WEB-DL HQ H265 10bit AAC.mp4', 'The QUEEN of News S01E23 - 第 23 集 - 2160p WEB-DL HQ H265 10bit AAC.mp4', 'The QUEEN of News S01E22 - 第 22 集 - 2160p WEB-DL HQ H265 10bit AAC.mp4', 'The QUEEN of News S01E21 - 第 21 集 - 2160p WEB-DL HQ H265 10bit AAC.mp4', 'The QUEEN of News S01E20 - 第 20 集 - 2160p WEB-DL HQ H265 10bit AAC.mp4', 'The QUEEN of News S01E19 - 第 19 集 - 2160p WEB-DL HQ H265 10bit AAC.mp4', 'The QUEEN of News S01E18 - 第 18 集 - 2160p WEB-DL HQ H265 10bit AAC.mp4', 'The QUEEN of News S01E17 - 第 17 集 - 2160p WEB-DL HQ H265 10bit AAC.mp4', 'The QUEEN of News S01E16 - 第 16 集 - 2160p WEB-DL HQ H265 10bit AAC.mp4', 'The QUEEN of News S01E15 - 第 15 集 - 2160p WEB-DL HQ H265 10bit AAC.mp4', 'The QUEEN of News S01E14 - 第 14 集 - 2160p WEB-DL HQ H265 10bit AAC.mp4', 'The QUEEN of News S01E13 - 第 13 集 - 2160p WEB-DL HQ H265 10bit AAC.mp4', 'The QUEEN of News S01E12 - 第 12 集 - 2160p WEB-DL HQ H265 10bit AAC.mp4', 'The QUEEN of News S01E11 - 第 11 集 - 2160p WEB-DL HQ H265 10bit AAC.mp4', 'The QUEEN of News S01E10 - 第 10 集 - 2160p WEB-DL HQ H265 10bit AAC.mp4', 'The QUEEN of News S01E09 - 第 9 集 - 2160p WEB-DL HQ H265 10bit AAC.mp4', 'The QUEEN of News S01E08 - 第 8 集 - 2160p WEB-DL HQ H265 10bit AAC.mp4', 'The QUEEN of News S01E07 - 第 7 集 - 2160p WEB-DL HQ H265 10bit AAC.mp4', 'The QUEEN of News S01E06 - 第 6 集 - 2160p WEB-DL HQ H265 10bit AAC.mp4', 'The QUEEN of News S01E05 - 第 5 集 - 2160p WEB-DL HQ H265 10bit AAC.mp4', 'The QUEEN of News S01E04 - 第 4 集 - 2160p WEB-DL HQ H265 10bit AAC.mp4', 'The QUEEN of News S01E03 - 第 3 集 - 2160p WEB-DL HQ H265 10bit AAC.mp4', 'The QUEEN of News S01E02 - 第 2 集 - 2160p WEB-DL HQ H265 10bit AAC.mp4', 'The QUEEN of News S01E01 - 第 1 集 - 2160p WEB-DL HQ H265 10bit AAC.mp4', 'season02-poster.jpg', 'season01-poster.jpg']
2025-11-21 14:00:07 [INFO] app.modules.filter.services.target_episode_filter_service:141 - 获取到目标剧集组合，来自链接：https://pan.quark.cn/s/e13c88c7a09c
2025-11-21 14:00:07 [WARNING] app.modules.filter.flow:110 - 新闻女王2 | https://pan.quark.cn/s/e13c88c7a09c 更新超出容忍范围,被跳过: 26 > 21 + 2
2025-11-21 14:00:07 [INFO] app.modules.filter.services.regex_target_link_filter:50 - 匹配成功: link_title="新闻女王2 新聞女王Ⅱ (2025) [WEB-4K] [国粤双语] [内嵌简中] [更至20集]描述：半年间，SNK剧变，总监余英飞离职、门外汉古肇华空降。张家妍虽掌权却难服众。刘艳的公开平台崛起，动摇传统媒体地位，连已入官场的许诗晴亦被卷入新旧媒体的角力。文慧心于此时复出，昭告世人：新闻女王的地位永远不可撼动！" movie_title_season="新闻女王2" pattern="^新闻女王2.*"
2025-11-21 14:00:07 [INFO] app.modules.filter.services.target_episode_filter_service:137 - 开始处理链接：--- 新闻女王2 新聞女王Ⅱ (2025) [WEB-4K] [国粤双语] [内嵌简中] [更至20集]描述：半年间，SNK剧变，总监余英飞离职、门外汉古肇华空降。张家妍虽掌权却难服众。刘艳的公开平台崛起，动摇传统媒体地位，连已入官场的许诗晴亦被卷入新旧媒体的角力。文慧心于此时复出，昭告世人：新闻女王的地位永远不可撼动！ https://pan.quark.cn/s/78671d8397f3
2025-11-21 14:00:07 [INFO] app.modules.filter.services.target_episode_filter_service:128 - 最终选择 20 个文件来覆盖新剧集: ['XWNWSSM2-20.mkv', 'XWNWSSM2-19.mkv', 'XWNWSSM2-18.mkv', 'XWNWSSM2-17.mkv', 'XWNWSSM2-16.mkv', 'XWNWSSM2-15.mkv', 'XWNWSSM2-14.mkv', 'XWNWSSM2-13.mkv', 'XWNWSSM2-12.mkv', 'XWNWSSM2-11.mkv', 'XWNWSSM2-10.mkv', 'XWNWSSM2-09.mkv', 'XWNWSSM2-08.mkv', 'XWNWSSM2-07.mkv', 'XWNWSSM2-06.mkv', 'XWNWSSM2-05.mkv', 'XWNWSSM2-04.mkv', 'XWNWSSM2-03.mkv', 'XWNWSSM2-02.mkv', 'XWNWSSM2-01.mkv']
2025-11-21 14:00:07 [INFO] app.modules.filter.services.target_episode_filter_service:141 - 获取到目标剧集组合，来自链接：https://pan.quark.cn/s/78671d8397f3
2025-11-21 14:00:07 [INFO] app.modules.filter.flow:138 - 新闻女王2 | https://pan.quark.cn/s/78671d8397f3 跳过（更新至 20，比备选https://pan.quark.cn/s/6ceeb5cc2bf5 | 20 更少）
2025-11-21 14:00:07 [INFO] app.modules.filter.services.regex_target_link_filter:50 - 匹配成功: link_title="新闻女王2 新聞女王Ⅱ /新闻女王 第二季(2025) 【佘诗曼/黄宗泽/剧情】【4K国粤双语 更新EP20】【附第一季】描述：　又名: 新闻女王 第二季 / 新闻女王 续篇 / The Queen of NEWS Ⅱ 　半年间，SNK剧变，总监余英飞离职、门外汉古肇华空降。张家妍虽掌权却难服众。刘艳的公开平台崛起，动摇传统媒体地位，连已入官场的许诗晴亦被卷入新旧媒体的角力。文慧心于此时复出，昭告世人：新闻女王的地位永远不可撼动！" movie_title_season="新闻女王2" pattern="^新闻女王2.*"
2025-11-21 14:00:07 [INFO] app.modules.filter.services.target_episode_filter_service:137 - 开始处理链接：--- 新闻女王2 新聞女王Ⅱ /新闻女王 第二季(2025) 【佘诗曼/黄宗泽/剧情】【4K国粤双语 更新EP20】【附第一季】描述：　又名: 新闻女王 第二季 / 新闻女王 续篇 / The Queen of NEWS Ⅱ 　半年间，SNK剧变，总监余英飞离职、门外汉古肇华空降。张家妍虽掌权却难服众。刘艳的公开平台崛起，动摇传统媒体地位，连已入官场的许诗晴亦被卷入新旧媒体的角力。文慧心于此时复出，昭告世人：新闻女王的地位永远不可撼动！ https://pan.baidu.com/s/1Vcdm__K4NEgXQpU-4Xhj5A?pwd=8888
2025-11-21 14:00:07 [INFO] app.modules.filter.services.regex_target_link_filter:50 - 匹配成功: link_title="新闻女王2 (2025)更至20集 [4K][国语&粤语][佘诗曼/黄宗泽]/ 新闻女王 第二季描述：半年间，SNK剧变，总监余英飞离职、门外汉古肇华空降。张家妍虽掌权却难服众。刘艳的公开平台崛起，动摇传统媒体地位，连已入官场的许诗晴亦被卷入新旧媒体的角力。文慧心于此时复出，昭告世人：新闻女王的地位永远不可撼动！" movie_title_season="新闻女王2" pattern="^新闻女王2.*"
2025-11-21 14:00:07 [INFO] app.modules.filter.services.target_episode_filter_service:137 - 开始处理链接：--- 新闻女王2 (2025)更至20集 [4K][国语&粤语][佘诗曼/黄宗泽]/ 新闻女王 第二季描述：半年间，SNK剧变，总监余英飞离职、门外汉古肇华空降。张家妍虽掌权却难服众。刘艳的公开平台崛起，动摇传统媒体地位，连已入官场的许诗晴亦被卷入新旧媒体的角力。文慧心于此时复出，昭告世人：新闻女王的地位永远不可撼动！ https://pan.quark.cn/s/978026e62684
2025-11-21 14:00:08 [INFO] app.modules.filter.services.regex_target_link_filter:50 - 匹配成功: link_title="新闻女王2 更新至20集 4K SDR 60帧 高码率https://pan.baidu.com/s/1eVAyoS6DVjaKO0Ng_XrO-A?pwd=4v7b" movie_title_season="新闻女王2" pattern="^新闻女王2.*"
2025-11-21 14:00:08 [INFO] app.modules.filter.services.target_episode_filter_service:137 - 开始处理链接：--- 新闻女王2 更新至20集 4K SDR 60帧 高码率https://pan.baidu.com/s/1eVAyoS6DVjaKO0Ng_XrO-A?pwd=4v7b https://pan.quark.cn/s/e5a2d001f7c3
2025-11-21 14:00:08 [INFO] app.modules.filter.services.target_episode_filter_service:128 - 最终选择 20 个文件来覆盖新剧集: ['The.Queen.of.NEWS.S02E20.2025.2160p.HQ.WEB-DL.60fps.H.265.AAC.2Audio.mp4', 'The.Queen.of.NEWS.S02E19.2025.2160p.HQ.WEB-DL.60fps.H.265.AAC.2Audio.mp4', 'The.Queen.of.NEWS.S02E18.2025.2160p.HQ.WEB-DL.60fps.H.265.AAC.2Audio.mp4', 'The.Queen.of.NEWS.S02E17.2025.2160p.HQ.WEB-DL.60fps.H.265.AAC.2Audio.mp4', 'The.Queen.of.NEWS.S02E16.2025.2160p.HQ.WEB-DL.60fps.H.265.AAC.2Audio.mp4', 'The.Queen.of.NEWS.S02E15.2025.2160p.HQ.WEB-DL.60fps.H.265.AAC.2Audio.mp4', 'The.Queen.of.NEWS.S02E14.2025.2160p.HQ.WEB-DL.60fps.H.265.AAC.2Audio.mp4', 'The.Queen.of.NEWS.S02E13.2025.2160p.HQ.WEB-DL.60fps.H.265.AAC.2Audio.mp4', 'The.Queen.of.NEWS.S02E12.2025.2160p.HQ.WEB-DL.60fps.H.265.AAC.2Audio.mp4', 'The.Queen.of.NEWS.S02E11.2025.2160p.HQ.WEB-DL.60fps.H.265.AAC.2Audio.mp4', 'The.Queen.of.NEWS.S02E10.2025.2160p.HQ.WEB-DL.60fps.H.265.AAC.2Audio.mp4', 'The.Queen.of.NEWS.S02E09.2025.2160p.HQ.WEB-DL.60fps.H.265.AAC.2Audio.mp4', 'The.Queen.of.NEWS.S02E08.2025.2160p.HQ.WEB-DL.60fps.H.265.AAC.2Audio.mp4', 'The.Queen.of.NEWS.S02E07.2025.2160p.HQ.WEB-DL.60fps.H.265.AAC.2Audio.mp4', 'The.Queen.of.NEWS.S02E06.2025.2160p.HQ.WEB-DL.60fps.H.265.AAC.2Audio.mp4', 'The.Queen.of.NEWS.S02E05.2025.2160p.HQ.WEB-DL.60fps.H.265.AAC.2Audio.mp4', 'The.Queen.of.NEWS.S02E04.2025.2160p.HQ.WEB-DL.60fps.H.265.AAC.2Audio.mp4', 'The.Queen.of.NEWS.S02E03.2025.2160p.HQ.WEB-DL.60fps.H.265.AAC.2Audio.mp4', 'The.Queen.of.NEWS.S02E02.2025.2160p.HQ.WEB-DL.60fps.H.265.AAC.2Audio.mp4', 'The.Queen.of.NEWS.S02E01.2025.2160p.HQ.WEB-DL.60fps.H.265.AAC.2Audio.mp4']
2025-11-21 14:00:08 [INFO] app.modules.filter.services.target_episode_filter_service:141 - 获取到目标剧集组合，来自链接：https://pan.quark.cn/s/e5a2d001f7c3
2025-11-21 14:00:08 [INFO] app.modules.filter.flow:138 - 新闻女王2 | https://pan.quark.cn/s/e5a2d001f7c3 跳过（更新至 20，比备选https://pan.quark.cn/s/6ceeb5cc2bf5 | 20 更少）
2025-11-21 14:00:08 [INFO] app.modules.filter.services.regex_target_link_filter:50 - 匹配成功: link_title="新闻女王2 / 新闻女王 第二季 (2025) 4K SDR 60帧 国粤双语【更新EP20】描述：半年间，SNK剧变，总监余英飞离职、门外汉古肇华空降。张家妍虽掌权却难服众。刘艳的公开平台崛起，动摇传统媒体地位，连已入官场的许诗晴亦被卷入新旧媒体的角力。文慧心于此时复出，昭告世人：新闻女王的地位永远不可撼动！夸克：" movie_title_season="新闻女王2" pattern="^新闻女王2.*"
2025-11-21 14:00:08 [INFO] app.modules.filter.services.target_episode_filter_service:137 - 开始处理链接：--- 新闻女王2 / 新闻女王 第二季 (2025) 4K SDR 60帧 国粤双语【更新EP20】描述：半年间，SNK剧变，总监余英飞离职、门外汉古肇华空降。张家妍虽掌权却难服众。刘艳的公开平台崛起，动摇传统媒体地位，连已入官场的许诗晴亦被卷入新旧媒体的角力。文慧心于此时复出，昭告世人：新闻女王的地位永远不可撼动！夸克： https://pan.quark.cn/s/3b0b7e405cdb
2025-11-21 14:00:08 [INFO] app.modules.filter.services.target_episode_filter_service:128 - 最终选择 46 个文件来覆盖新剧集: ['S01E26.mp4', 'S01E25.mp4', 'S01E24.mp4', 'S01E23.mp4', 'S01E22.mp4', 'S01E21.mp4', 'S01E20.mp4', 'S01E19.mp4', 'S01E18.mp4', 'S01E17.mp4', 'S01E16.mp4', 'S01E15.mp4', 'S01E14.mp4', 'S01E13.mp4', 'S01E12.mp4', 'S01E11.mp4', 'S01E10.mp4', 'S01E09.mp4', 'S01E08.mp4', 'S01E07.mp4', 'S01E06.mp4', 'S01E05.mp4', 'S01E04.mp4', 'S01E03.mp4', 'S01E02.mp4', 'S01E01.mp4', 'S01E20.2025.2160p.60fps.WEB-DL.H265.AAC.2Audios.mkv', 'S01E19.2025.2160p.60fps.WEB-DL.H265.AAC.2Audios.mp4', 'S01E18.2025.2160p.60fps.WEB-DL.H265.AAC.2Audio.mkv', 'S01E17.2025.2160p.60fps.WEB-DL.H265.AAC.2Audios.mp4', 'S01E16.2025.2160p.60fps.WEB-DL.H265.AAC.2Audios.mp4', 'S01E15.2025.2160p.60fps.WEB-DL.H265.AAC.2Audios.mp4', 'S01E14.2025.2160p.60fps.WEB-DL.H265.AAC.2Audios.mkv', 'S01E13.2025.2160p.60fps.WEB-DL.H265.AAC.2Audios.mkv', 'S01E12.2025.2160p.60fps.WEB-DL.H265.AAC.2Audios.mkv', 'S01E11.2025.2160p.60fps.WEB-DL.H265.AAC.2Audios.mkv', 'S01E10.2025.2160p.60fps.WEB-DL.H265.AAC.2Audios.mkv', 'S01E09.2025.2160p.60fps.WEB-DL.H265.AAC.2Audios.mkv', 'S01E08.2025.2160p.60fps.WEB-DL.H265.AAC.2Audios.mkv', 'S01E07.2025.2160p.60fps.WEB-DL.H265.AAC.2Audios.mkv', 'S01E06.2025.2160p.60fps.WEB-DL.H265.AAC.2Audios.mkv', 'S01E05.2025.2160p.60fps.WEB-DL.H265.AAC.2Audios.mkv', 'S01E04.2025.2160p.60fps.WEB-DL.H265.AAC.2Audios.mkv', 'S01E03.2025.2160p.60fps.WEB-DL.H265.AAC.2Audios.mkv', 'S01E02.2025.2160p.60fps.WEB-DL.H265.AAC.2Audios.mkv', 'S01E01.2025.2160p.60fps.WEB-DL.H265.AAC.2Audios.mkv']
2025-11-21 14:00:08 [INFO] app.modules.filter.services.target_episode_filter_service:141 - 获取到目标剧集组合，来自链接：https://pan.quark.cn/s/3b0b7e405cdb
2025-11-21 14:00:08 [WARNING] app.modules.filter.flow:110 - 新闻女王2 | https://pan.quark.cn/s/3b0b7e405cdb 更新超出容忍范围,被跳过: 26 > 21 + 2
2025-11-21 14:00:08 [INFO] app.modules.filter.flow:158 - 新闻女王2分享链接遍历完成，无可用分享链接
2025-11-21 14:00:08 [INFO] app.modules.storage_operations.services.save_episodes_to_cloud:44 - 未筛选到适合['mkv', 'mp4', 'avi', 'mov', 'm4v', 'wmv', 'flv', 'torrent', 'srt', 'ass', 'sub', 'mp3', 'aac', 'zip']的链接
2025-11-21 14:00:08 [INFO] app.modules.storage_operations.services.save_episodes_to_cloud:44 - 未筛选到适合['mkv', 'mp4', 'avi', 'mov', 'm4v', 'wmv', 'flv', 'torrent', 'srt', 'ass', 'sub', 'mp3', 'aac', 'zip']的链接
2025-11-21 14:00:10 [INFO] app.modules.filter.services.regex_target_link_filter:50 - 匹配成功: link_title="🗄 新闻女王/新闻女王2(2025)【更20集】【4K.普码】【国粤双语】【内嵌简中】【附第一季】" movie_title_season="新闻女王2" pattern=".*新闻女王2[(（]20\d{2}[）)]"
2025-11-21 14:00:10 [INFO] app.modules.filter.services.target_episode_filter_service:137 - 开始处理链接：--- 🗄 新闻女王/新闻女王2(2025)【更20集】【4K.普码】【国粤双语】【内嵌简中】【附第一季】 https://pan.baidu.com/s/1NaKehOngqlT5iBvENHI2rw?pwd=Yu66
2025-11-21 14:00:12 [INFO] app.modules.filter.services.target_episode_filter_service:128 - 最终选择 48 个文件来覆盖新剧集: ['The QUEEN of News S02E20 - 第 20 集 - 2160p WEB-DL H265 AAC 2Audio.mkv', 'The QUEEN of News S02E19 - 第 19 集 - 2160p WEB-DL H265 AAC 2Audio.mkv', 'The QUEEN of News S02E18 - 第 18 集 - 2160p WEB-DL H265 AAC 2Audio.mkv', 'The QUEEN of News S02E17 - 第 17 集 - 2160p WEB-DL H265 AAC 2Audio.mkv', 'The QUEEN of News S02E16 - 第 16 集 - 2160p WEB-DL H265 AAC 2Audio.mkv', 'The QUEEN of News S02E15 - 第 15 集 - 2160p WEB-DL H265 AAC 2Audio.mkv', 'The QUEEN of News S02E14 - 第 14 集 - 2160p WEB-DL H265 AAC 2Audio.mkv', 'The QUEEN of News S02E13 - 第 13 集 - 2160p WEB-DL H265 AAC 2Audio.mkv', 'The QUEEN of News S02E12 - 第 12 集 - 2160p WEB-DL H265 AAC 2Audio.mkv', 'The QUEEN of News S02E11 - 第 11 集 - 2160p WEB-DL H265 AAC 2Audio.mkv', 'The QUEEN of News S02E10 - 第 10 集 - 2160p WEB-DL H265 AAC 2Audio.mkv', 'The QUEEN of News S02E09 - 第 9 集 - 2160p WEB-DL H265 AAC 2Audio.mkv', 'The QUEEN of News S02E08 - 第 8 集 - 2160p WEB-DL H265 AAC 2Audio.mkv', 'The QUEEN of News S02E07 - 第 7 集 - 2160p WEB-DL H265 AAC 2Audio.mkv', 'The QUEEN of News S02E06 - 第 6 集 - 2160p WEB-DL H265 AAC 2Audio.mkv', 'The QUEEN of News S02E05 - 第 5 集 - 2160p WEB-DL H265 AAC 2Audio.mkv', 'The QUEEN of News S02E04 - 第 4 集 - 2160p WEB-DL H265 AAC 2Audio.mkv', 'The QUEEN of News S02E03 - 第 3 集 - 2160p WEB-DL H265 AAC 2Audio.mkv', 'The QUEEN of News S02E02 - 第 2 集 - 2160p WEB-DL H265 AAC 2Audio.mkv', 'The QUEEN of News S02E01 - 第 1 集 - 2160p WEB-DL H265 AAC 2Audio.mkv', 'The QUEEN of News S01E26 - 第 26 集 - 2160p WEB-DL HQ H265 10bit AAC.mp4', 'The QUEEN of News S01E25 - 第 25 集 - 2160p WEB-DL HQ H265 10bit AAC.mp4', 'The QUEEN of News S01E24 - 第 24 集 - 2160p WEB-DL HQ H265 10bit AAC.mp4', 'The QUEEN of News S01E23 - 第 23 集 - 2160p WEB-DL HQ H265 10bit AAC.mp4', 'The QUEEN of News S01E22 - 第 22 集 - 2160p WEB-DL HQ H265 10bit AAC.mp4', 'The QUEEN of News S01E21 - 第 21 集 - 2160p WEB-DL HQ H265 10bit AAC.mp4', 'The QUEEN of News S01E20 - 第 20 集 - 2160p WEB-DL HQ H265 10bit AAC.mp4', 'The QUEEN of News S01E19 - 第 19 集 - 2160p WEB-DL HQ H265 10bit AAC.mp4', 'The QUEEN of News S01E18 - 第 18 集 - 2160p WEB-DL HQ H265 10bit AAC.mp4', 'The QUEEN of News S01E17 - 第 17 集 - 2160p WEB-DL HQ H265 10bit AAC.mp4', 'The QUEEN of News S01E16 - 第 16 集 - 2160p WEB-DL HQ H265 10bit AAC.mp4', 'The QUEEN of News S01E15 - 第 15 集 - 2160p WEB-DL HQ H265 10bit AAC.mp4', 'The QUEEN of News S01E14 - 第 14 集 - 2160p WEB-DL HQ H265 10bit AAC.mp4', 'The QUEEN of News S01E13 - 第 13 集 - 2160p WEB-DL HQ H265 10bit AAC.mp4', 'The QUEEN of News S01E12 - 第 12 集 - 2160p WEB-DL HQ H265 10bit AAC.mp4', 'The QUEEN of News S01E11 - 第 11 集 - 2160p WEB-DL HQ H265 10bit AAC.mp4', 'The QUEEN of News S01E10 - 第 10 集 - 2160p WEB-DL HQ H265 10bit AAC.mp4', 'The QUEEN of News S01E09 - 第 9 集 - 2160p WEB-DL HQ H265 10bit AAC.mp4', 'The QUEEN of News S01E08 - 第 8 集 - 2160p WEB-DL HQ H265 10bit AAC.mp4', 'The QUEEN of News S01E07 - 第 7 集 - 2160p WEB-DL HQ H265 10bit AAC.mp4', 'The QUEEN of News S01E06 - 第 6 集 - 2160p WEB-DL HQ H265 10bit AAC.mp4', 'The QUEEN of News S01E05 - 第 5 集 - 2160p WEB-DL HQ H265 10bit AAC.mp4', 'The QUEEN of News S01E04 - 第 4 集 - 2160p WEB-DL HQ H265 10bit AAC.mp4', 'The QUEEN of News S01E03 - 第 3 集 - 2160p WEB-DL HQ H265 10bit AAC.mp4', 'The QUEEN of News S01E02 - 第 2 集 - 2160p WEB-DL HQ H265 10bit AAC.mp4', 'The QUEEN of News S01E01 - 第 1 集 - 2160p WEB-DL HQ H265 10bit AAC.mp4', 'season02-poster.jpg', 'season01-poster.jpg']
2025-11-21 14:00:12 [INFO] app.modules.filter.services.target_episode_filter_service:141 - 获取到目标剧集组合，来自链接：https://pan.baidu.com/s/1NaKehOngqlT5iBvENHI2rw?pwd=Yu66
2025-11-21 14:00:12 [WARNING] app.modules.filter.flow:110 - 新闻女王2 | https://pan.baidu.com/s/1NaKehOngqlT5iBvENHI2rw?pwd=Yu66 更新超出容忍范围,被跳过: 26 > 21 + 2
2025-11-21 14:00:13 [INFO] app.modules.filter.services.regex_target_link_filter:50 - 匹配成功: link_title="新闻女王2 (2025) 第1-20集【4K/60fps 国粤双语音频 无广告无台标 佘诗曼/黄宗泽】描述：半年间，SNK剧变，总监余英飞离职、门外汉古肇华空降。张家妍虽掌权却难服众。刘艳的公开平台崛起，动摇传统媒体地位，连已入官场的许诗晴亦被卷入新旧媒体的角力。文慧心于此时复出，昭告世人：新闻女王的地位永远不可撼动！" movie_title_season="新闻女王2" pattern="^新闻女王2.*"
2025-11-21 14:00:13 [INFO] app.modules.filter.services.target_episode_filter_service:137 - 开始处理链接：--- 新闻女王2 (2025) 第1-20集【4K/60fps 国粤双语音频 无广告无台标 佘诗曼/黄宗泽】描述：半年间，SNK剧变，总监余英飞离职、门外汉古肇华空降。张家妍虽掌权却难服众。刘艳的公开平台崛起，动摇传统媒体地位，连已入官场的许诗晴亦被卷入新旧媒体的角力。文慧心于此时复出，昭告世人：新闻女王的地位永远不可撼动！ https://pan.baidu.com/s/1ofJfRMJx1ZO_SZXe-EO_TA?pwd=gff3
2025-11-21 14:00:14 [INFO] app.modules.filter.services.regex_target_link_filter:50 - 匹配成功: link_title="新闻女王2 新聞女王Ⅱ (2025) [WEB-4K] [国粤双语] [内嵌简中] [更至20集]" movie_title_season="新闻女王2" pattern="^新闻女王2.*"
2025-11-21 14:00:14 [INFO] app.modules.filter.services.target_episode_filter_service:137 - 开始处理链接：--- 新闻女王2 新聞女王Ⅱ (2025) [WEB-4K] [国粤双语] [内嵌简中] [更至20集] https://pan.baidu.com/s/16DhKxxMY51_SOWgdkw6z3Q?pwd=1111
2025-11-21 14:00:15 [INFO] app.modules.filter.services.target_episode_filter_service:128 - 最终选择 20 个文件来覆盖新剧集: ['XWNWSSM2-20.mkv', 'XWNWSSM2-19.mkv', 'XWNWSSM2-18.mkv', 'XWNWSSM2-17.mkv', 'XWNWSSM2-16.mkv', 'XWNWSSM2-15.mkv', 'XWNWSSM2-14.mkv', 'XWNWSSM2-13.mkv', 'XWNWSSM2-12.mkv', 'XWNWSSM2-11.mkv', 'XWNWSSM2-10.mkv', 'XWNWSSM2-09.mkv', 'XWNWSSM2-08.mkv', 'XWNWSSM2-07.mkv', 'XWNWSSM2-06.mkv', 'XWNWSSM2-05.mkv', 'XWNWSSM2-04.mkv', 'XWNWSSM2-03.mkv', 'XWNWSSM2-02.mkv', 'XWNWSSM2-01.mkv']
2025-11-21 14:00:15 [INFO] app.modules.filter.services.target_episode_filter_service:141 - 获取到目标剧集组合，来自链接：https://pan.baidu.com/s/16DhKxxMY51_SOWgdkw6z3Q?pwd=1111
2025-11-21 14:00:15 [INFO] app.modules.filter.flow:128 - 新闻女王2 | https://pan.baidu.com/s/16DhKxxMY51_SOWgdkw6z3Q?pwd=1111 作为备选（更新至 20/21）
2025-11-21 14:00:16 [INFO] app.modules.filter.services.regex_target_link_filter:50 - 匹配成功: link_title="新闻女王2 更新至20集 4K SDR 60帧 高码率" movie_title_season="新闻女王2" pattern="^新闻女王2.*"
2025-11-21 14:00:16 [INFO] app.modules.filter.services.target_episode_filter_service:137 - 开始处理链接：--- 新闻女王2 更新至20集 4K SDR 60帧 高码率 https://pan.baidu.com/s/1eVAyoS6DVjaKO0Ng_XrO-A?pwd=4v7b
2025-11-21 14:00:17 [INFO] app.modules.filter.services.target_episode_filter_service:128 - 最终选择 20 个文件来覆盖新剧集: ['The.Queen.of.NEWS.S02E20.2025.2160p.HQ.WEB-DL.60fps.H.265.AAC.2Audio.mp4', 'The.Queen.of.NEWS.S02E19.2025.2160p.HQ.WEB-DL.60fps.H.265.AAC.2Audio.mp4', 'The.Queen.of.NEWS.S02E18.2025.2160p.HQ.WEB-DL.60fps.H.265.AAC.2Audio.mp4', 'The.Queen.of.NEWS.S02E17.2025.2160p.HQ.WEB-DL.60fps.H.265.AAC.2Audio.mp4', 'The.Queen.of.NEWS.S02E16.2025.2160p.HQ.WEB-DL.60fps.H.265.AAC.2Audio.mp4', 'The.Queen.of.NEWS.S02E15.2025.2160p.HQ.WEB-DL.60fps.H.265.AAC.2Audio.mp4', 'The.Queen.of.NEWS.S02E14.2025.2160p.HQ.WEB-DL.60fps.H.265.AAC.2Audio.mp4', 'The.Queen.of.NEWS.S02E13.2025.2160p.HQ.WEB-DL.60fps.H.265.AAC.2Audio.mp4', 'The.Queen.of.NEWS.S02E12.2025.2160p.HQ.WEB-DL.60fps.H.265.AAC.2Audio.mp4', 'The.Queen.of.NEWS.S02E11.2025.2160p.HQ.WEB-DL.60fps.H.265.AAC.2Audio.mp4', 'The.Queen.of.NEWS.S02E10.2025.2160p.HQ.WEB-DL.60fps.H.265.AAC.2Audio.mp4', 'The.Queen.of.NEWS.S02E09.2025.2160p.HQ.WEB-DL.60fps.H.265.AAC.2Audio.mp4', 'The.Queen.of.NEWS.S02E08.2025.2160p.HQ.WEB-DL.60fps.H.265.AAC.2Audio.mp4', 'The.Queen.of.NEWS.S02E07.2025.2160p.HQ.WEB-DL.60fps.H.265.AAC.2Audio.mp4', 'The.Queen.of.NEWS.S02E06.2025.2160p.HQ.WEB-DL.60fps.H.265.AAC.2Audio.mp4', 'The.Queen.of.NEWS.S02E05.2025.2160p.HQ.WEB-DL.60fps.H.265.AAC.2Audio.mp4', 'The.Queen.of.NEWS.S02E04.2025.2160p.HQ.WEB-DL.60fps.H.265.AAC.2Audio.mp4', 'The.Queen.of.NEWS.S02E03.2025.2160p.HQ.WEB-DL.60fps.H.265.AAC.2Audio.mp4', 'The.Queen.of.NEWS.S02E02.2025.2160p.HQ.WEB-DL.60fps.H.265.AAC.2Audio.mp4', 'The.Queen.of.NEWS.S02E01.2025.2160p.HQ.WEB-DL.60fps.H.265.AAC.2Audio.mp4']
2025-11-21 14:00:17 [INFO] app.modules.filter.services.target_episode_filter_service:141 - 获取到目标剧集组合，来自链接：https://pan.baidu.com/s/1eVAyoS6DVjaKO0Ng_XrO-A?pwd=4v7b
2025-11-21 14:00:17 [INFO] app.modules.filter.flow:138 - 新闻女王2 | https://pan.baidu.com/s/1eVAyoS6DVjaKO0Ng_XrO-A?pwd=4v7b 跳过（更新至 20，比备选https://pan.baidu.com/s/16DhKxxMY51_SOWgdkw6z3Q?pwd=1111 | 20 更少）
2025-11-21 14:00:17 [INFO] app.modules.filter.services.regex_target_link_filter:50 - 匹配成功: link_title="新闻女王2 / 新闻女王 第二季 (2025) 4K SDR 60帧 国粤双语【更新EP20】" movie_title_season="新闻女王2" pattern="^新闻女王2.*"
2025-11-21 14:00:17 [INFO] app.modules.filter.services.target_episode_filter_service:137 - 开始处理链接：--- 新闻女王2 / 新闻女王 第二季 (2025) 4K SDR 60帧 国粤双语【更新EP20】 https://pan.baidu.com/s/1fUg32YaLBafMwPYeCmIB7g?pwd=yyds
2025-11-21 14:00:19 [INFO] app.modules.filter.services.target_episode_filter_service:128 - 最终选择 46 个文件来覆盖新剧集: ['S01E26.mp4', 'S01E25.mp4', 'S01E24.mp4', 'S01E23.mp4', 'S01E22.mp4', 'S01E21.mp4', 'S01E20.mp4', 'S01E19.mp4', 'S01E18.mp4', 'S01E17.mp4', 'S01E16.mp4', 'S01E15.mp4', 'S01E14.mp4', 'S01E13.mp4', 'S01E12.mp4', 'S01E11.mp4', 'S01E10.mp4', 'S01E09.mp4', 'S01E08.mp4', 'S01E07.mp4', 'S01E06.mp4', 'S01E05.mp4', 'S01E04.mp4', 'S01E03.mp4', 'S01E02.mp4', 'S01E01.mp4', 'S02E08.2025.2160p.WEB-DL.AAC.H.265.mkv', 'S02E07.2025.2160p.WEB-DL.AAC.H.265.mkv', 'S01E20.2025.2160p.60fps.WEB-DL.H265.AAC.2Audios.mkv', 'S01E19.2025.2160p.60fps.WEB-DL.H265.AAC.2Audio.mp4', 'S01E18.2025.2160p.60fps.WEB-DL.H265.AAC.2Audio.mkv', 'S01E17.2025.2160p.60fps.WEB-DL.H265.AAC.2Audios.mp4', 'S01E16.2025.2160p.60fps.WEB-DL.H265.AAC.2Audios.mp4', 'S01E15.2025.2160p.60fps.WEB-DL.H265.AAC.2Audios.mp4', 'S01E14.2025.2160p.60fps.WEB-DL.H265.AAC.2Audios.mkv', 'S01E13.2025.2160p.60fps.WEB-DL.H265.AAC.2Audios.mkv', 'S01E12.2025.2160p.60fps.WEB-DL.H265.AAC.2Audios.mkv', 'S01E11.2025.2160p.60fps.WEB-DL.H265.AAC.2Audios.mkv', 'S01E10.2025.2160p.60fps.WEB-DL.H265.AAC.2Audios.mkv', 'S01E09.2025.2160p.60fps.WEB-DL.H265.AAC.2Audios.mkv', 'S01E06.2025.2160p.60fps.WEB-DL.H265.AAC.2Audios.mkv', 'S01E05.2025.2160p.60fps.WEB-DL.H265.AAC.2Audios.mkv', 'S01E04.2025.2160p.60fps.WEB-DL.H265.AAC.2Audios.mkv', 'S01E03.2025.2160p.60fps.WEB-DL.H265.AAC.2Audios.mkv', 'S01E02.2025.2160p.60fps.WEB-DL.H265.AAC.2Audios.mkv', 'S01E01.2025.2160p.60fps.WEB-DL.H265.AAC.2Audios.mkv']
2025-11-21 14:00:19 [INFO] app.modules.filter.services.target_episode_filter_service:141 - 获取到目标剧集组合，来自链接：https://pan.baidu.com/s/1fUg32YaLBafMwPYeCmIB7g?pwd=yyds
2025-11-21 14:00:19 [WARNING] app.modules.filter.flow:110 - 新闻女王2 | https://pan.baidu.com/s/1fUg32YaLBafMwPYeCmIB7g?pwd=yyds 更新超出容忍范围,被跳过: 26 > 21 + 2
2025-11-21 14:00:19 [INFO] app.modules.filter.services.regex_target_link_filter:50 - 匹配成功: link_title="新闻女王2 / 新闻女王 第二季 (2025) 4K HQ DV 60FPS 高码率 [SDR.60fps] [国粤双语] [更新20集]" movie_title_season="新闻女王2" pattern="^新闻女王2.*"
2025-11-21 14:00:19 [INFO] app.modules.filter.services.target_episode_filter_service:137 - 开始处理链接：--- 新闻女王2 / 新闻女王 第二季 (2025) 4K HQ DV 60FPS 高码率 [SDR.60fps] [国粤双语] [更新20集] https://pan.baidu.com/s/15y6XJHJ7OvJWtp66ezeefA?pwd=2kp3
2025-11-21 14:00:21 [INFO] app.modules.filter.services.target_episode_filter_service:128 - 最终选择 25 个文件来覆盖新剧集: ['S02E20.2160p.HQ.WEB-DL.DV.60fps.H.265.10bit.AAC.2Audios.mkv', 'S02E19.2160p.HQ.WEB-DL.DV.60fps.H.265.10bit.AAC.2Audios.mkv', 'S02E18.2160p.HQ.WEB-DL.DV.60fps.H.265.10bit.AAC.2Audios.mkv', 'S02E17.2160p.HQ.WEB-DL.DV.60fps.H.265.10bit.AAC.2Audios.mkv', 'S02E16.2160p.HQ.WEB-DL.DV.60fps.H.265.10bit.AAC.2Audios.mkv', 'S02E20.2025.2160p.60fps.WEB-DL.H.265.10bit.AAC.2Audios.mp4', 'S02E19.2025.2160p.60fps.WEB-DL.H.265.10bit.AAC.2Audios.mp4', 'S02E18.2025.2160p.60fps.WEB-DL.H.265.10bit.AAC.2Audios.mp4', 'S02E17.2025.2160p.60fps.WEB-DL.H.265.10bit.AAC.2Audios.mp4', 'S02E16.2025.2160p.60fps.WEB-DL.H.265.10bit.AAC.2Audios.mp4', 'S02E15.2025.2160p.60fps.WEB-DL.H.265.10bit.AAC.2Audios.mp4', 'S02E14.2025.2160p.60fps.WEB-DL.H.265.10bit.AAC.2Audios.mp4', 'S02E13.2025.2160p.60fps.WEB-DL.H.265.10bit.AAC.2Audios.mp4', 'S02E12.2025.2160p.60fps.WEB-DL.H.265.10bit.AAC.2Audios.mp4', 'S02E11.2025.2160p.60fps.WEB-DL.H.265.10bit.AAC.2Audios.mp4', 'S02E10.2025.2160p.60fps.WEB-DL.H.265.10bit.AAC.2Audios.mp4', 'S02E09.2025.2160p.60fps.WEB-DL.H.265.10bit.AAC.2Audios.mp4', 'S02E08.2025.2160p.60fps.WEB-DL.H.265.10bit.AAC.2Audios.mp4', 'S02E07.2025.2160p.60fps.WEB-DL.H.265.10bit.AAC.2Audios.mp4', 'S02E06.2025.2160p.60fps.WEB-DL.H.265.10bit.AAC.2Audios.mp4', 'S02E05.2025.2160p.60fps.WEB-DL.H.265.10bit.AAC.2Audios.mp4', 'S02E04.2025.2160p.60fps.WEB-DL.H.265.10bit.AAC.2Audios.mp4', 'S02E03.2025.2160p.60fps.WEB-DL.H.265.10bit.AAC.2Audios.mp4', 'S02E02.2025.2160p.60fps.WEB-DL.H.265.10bit.AAC.2Audios.mp4', 'S02E01.2025.2160p.60fps.WEB-DL.H.265.10bit.AAC.2Audios.mp4']
2025-11-21 14:00:21 [INFO] app.modules.filter.services.target_episode_filter_service:141 - 获取到目标剧集组合，来自链接：https://pan.baidu.com/s/15y6XJHJ7OvJWtp66ezeefA?pwd=2kp3
2025-11-21 14:00:21 [INFO] app.modules.filter.flow:138 - 新闻女王2 | https://pan.baidu.com/s/15y6XJHJ7OvJWtp66ezeefA?pwd=2kp3 跳过（更新至 20，比备选https://pan.baidu.com/s/16DhKxxMY51_SOWgdkw6z3Q?pwd=1111 | 20 更少）
2025-11-21 14:00:22 [WARNING] app.modules.link_parse.clients.baidu_parse_client:171 - https://pan.baidu.com/s/1NaKehOngqlT5iBvENHI2rw | twv9 密码验证失败
2025-11-21 14:00:22 [INFO] app.modules.filter.flow:158 - 新闻女王2分享链接遍历完成，无可用分享链接
2025-11-21 14:00:22 [INFO] app.modules.storage_operations.services.save_episodes_to_cloud:44 - 未筛选到适合['mkv', 'mp4', 'avi', 'mov', 'm4v', 'wmv', 'flv', 'torrent', 'srt', 'ass', 'sub', 'mp3', 'aac', 'zip']的链接
2025-11-21 14:00:22 [INFO] telethon.client.updates:443 - Got difference for channel 1850014529 updates
2025-11-21 14:00:22 [INFO] telethon.client.updates:443 - Got difference for channel 2209378593 updates
2025-11-21 14:00:22 [INFO] telethon.client.updates:443 - Got difference for channel 1669747816 updates
2025-11-21 14:00:23 [INFO] telethon.client.updates:443 - Got difference for channel 1580372425 updates
2025-11-21 14:00:23 [INFO] telethon.client.updates:443 - Got difference for channel 1688099294 updates
2025-11-21 14:00:23 [INFO] telethon.client.updates:443 - Got difference for channel 1642618802 updates
2025-11-21 14:00:26 [INFO] app.modules.filter.services.regex_target_link_filter:50 - 匹配成功: link_title="勿扰飞升" movie_title_season="勿扰飞升" pattern="^勿扰飞升.*"
2025-11-21 14:00:26 [INFO] app.modules.filter.services.target_episode_filter_service:137 - 开始处理链接：--- 勿扰飞升 https://pan.quark.cn/s/c44537b7846d
2025-11-21 14:00:26 [INFO] app.modules.filter.services.target_episode_filter_service:128 - 最终选择 12 个文件来覆盖新剧集: ['12-4K.高码率.mkv', '11-4K.高码率.mkv', '10-4K.高码率.mkv', '09-4K.高码率.mkv', '08-4K.高码率.mkv', '07-4K.高码率.mkv', '06-4K.高码率.mkv', '05-4K.高码率.mkv', '04-4K.高码率.mkv', '03-4K.高码率.mkv', '02-4K.高码率.mkv', '01-4K.高码率.mkv']
2025-11-21 14:00:26 [INFO] app.modules.filter.services.target_episode_filter_service:141 - 获取到目标剧集组合，来自链接：https://pan.quark.cn/s/c44537b7846d
2025-11-21 14:00:26 [INFO] app.modules.filter.flow:128 - 勿扰飞升 | https://pan.quark.cn/s/c44537b7846d 作为备选（更新至 12/19）
2025-11-21 14:00:26 [INFO] app.modules.filter.services.regex_target_link_filter:50 - 匹配成功: link_title="勿扰飞升" movie_title_season="勿扰飞升" pattern="^勿扰飞升.*"
2025-11-21 14:00:26 [INFO] app.modules.filter.services.target_episode_filter_service:137 - 开始处理链接：--- 勿扰飞升 https://pan.quark.cn/s/ac810cf770ef
2025-11-21 14:00:27 [INFO] app.modules.filter.services.target_episode_filter_service:128 - 最终选择 34 个文件来覆盖新剧集: ['S01E16.2025.2160p.WEB-DL.H265.10bit.60fps.HIFI2.0.&AAC5.1.4Audios.mkv', 'S01E15.2025.2160p.WEB-DL.H265.10bit.60fps.HIFI2.0.&AAC5.1.4Audios.mkv', 'S01E14.2025.2160p.WEB-DL.H265.10bit.60fps.HIFI2.0.&AAC5.1.4Audios.mkv', 'S01E13.2025.2160p.WEB-DL.H265.10bit.60fps.HIFI2.0.&AAC5.1.4Audios.mkv', 'S01E12.2025.2160p.WEB-DL.H265.10bit.60fps.HIFI2.0.&AAC5.1.4Audios.mkv', 'S01E11.2025.2160p.WEB-DL.H265.10bit.60fps.HIFI2.0.&AAC5.1.4Audios.mkv', 'S01E10.2025.2160p.WEB-DL.H265.10bit.60fps.HIFI2.0.&AAC5.1.4Audios.mkv', 'S01E09.2025.2160p.WEB-DL.H265.10bit.60fps.HIFI2.0.&AAC5.1.4Audios.mkv', 'S01E08.2025.2160p.WEB-DL.H265.10bit.60fps.HIFI2.0.&AAC5.1.4Audios.mkv', 'S01E07.2025.2160p.WEB-DL.H265.10bit.60fps.HIFI2.0.&AAC5.1.4Audios.mkv', 'S01E06.2025.2160p.WEB-DL.H265.10bit.60fps.HIFI2.0.&AAC5.1.4Audios.mkv', 'S01E05.2025.2160p.WEB-DL.H265.10bit.60fps.HIFI2.0.&AAC5.1.4Audios.mkv', 'S01E04.2025.2160p.WEB-DL.H265.10bit.60fps.HIFI2.0.&AAC5.1.4Audios.mkv', 'S01E03.2025.2160p.WEB-DL.H265.10bit.60fps.HIFI2.0.&AAC5.1.4Audios.mkv', 'S01E02.2025.2160p.WEB-DL.H265.10bit.60fps.HIFI2.0.&AAC5.1.4Audios.mkv', 'S01E01.2025.2160p.WEB-DL.H265.10bit.60fps.HIFI2.0.&AAC5.1.4Audios.mkv', 'S01E18.mkv', 'S01E17.mkv', 'S01E16.2025.2160p.60fps.WEB-DL.H265.10bit.AAC.mp4', 'S01E15.2025.2160p.60fps.WEB-DL.H265.10bit.AAC.mp4', 'S01E14.2025.2160p.60fps.WEB-DL.H265.10bit.AAC.mp4', 'S01E13.2025.2160p.60fps.WEB-DL.H265.10bit.AAC.mp4', 'S01E12.2025.2160p.60fps.WEB-DL.H265.10bit.AAC.mp4', 'S01E11.2025.2160p.60fps.WEB-DL.H265.10bit.AAC.mp4', 'S01E10.2025.2160p.60fps.WEB-DL.H265.10bit.AAC.mp4', 'S01E09.2025.2160p.60fps.WEB-DL.H265.10bit.AAC.mp4', 'S01E08.2025.2160p.60fps.WEB-DL.H265.10bit.AAC.mp4', 'S01E07.2025.2160p.60fps.WEB-DL.H265.10bit.AAC.mp4', 'S01E06.2025.2160p.60fps.WEB-DL.H265.10bit.AAC.mp4', 'S01E05.2025.2160p.60fps.WEB-DL.H265.10bit.AAC.mp4', 'S01E04.2025.2160p.60fps.WEB-DL.H265.10bit.AAC.mp4', 'S01E03.2025.2160p.60fps.WEB-DL.H265.10bit.AAC.mp4', 'S01E02.2025.2160p.60fps.WEB-DL.H265.10bit.AAC.mp4', 'S01E01.2025.2160p.60fps.WEB-DL.H265.10bit.AAC.mp4']
2025-11-21 14:00:27 [INFO] app.modules.filter.services.target_episode_filter_service:141 - 获取到目标剧集组合，来自链接：https://pan.quark.cn/s/ac810cf770ef
2025-11-21 14:00:27 [INFO] app.modules.filter.flow:128 - 勿扰飞升 | https://pan.quark.cn/s/ac810cf770ef 作为备选（更新至 18/19）
2025-11-21 14:00:27 [INFO] app.modules.filter.services.regex_target_link_filter:50 - 匹配成功: link_title="勿扰飞升 4K[臻彩]" movie_title_season="勿扰飞升" pattern="^勿扰飞升.*"
2025-11-21 14:00:27 [INFO] app.modules.filter.services.target_episode_filter_service:137 - 开始处理链接：--- 勿扰飞升 4K[臻彩] https://pan.quark.cn/s/c95b84316aeb
2025-11-21 14:00:27 [INFO] app.modules.filter.services.regex_target_link_filter:50 - 匹配成功: link_title="勿扰飞升‎ (2025) 4K HDR 高码率 60帧 杜比音效&立体全景声 中文字幕【4.7GB/集】更14集.描述： 改编自月下蝶影小说《勿扰飞升》 一位在凡尘界备受冷遇的亡国公主箜篌，因机缘巧合意外进入修仙世界，开启全员宠女主模式，从师傅师兄到隔壁门派，整个修仙界都对女主宠爱有加，为了吃苦头，磨练心智，箜篌主动走出舒适圈，要求下山闯荡，偶遇了病弱男子桓宗一起升级打怪闯荡修仙界，没想到桓宗竟然就是自己一直痴迷的修仙话本的大大，也是传说中的修仙界天才，箜篌顺利把作者大大拐回了门派当女婿，两人也在一次次的历练中克服了心魔，突破修为，双双成为了一代宗师。." movie_title_season="勿扰飞升" pattern="^勿扰飞升.*"
2025-11-21 14:00:27 [INFO] app.modules.filter.services.target_episode_filter_service:137 - 开始处理链接：--- 勿扰飞升‎ (2025) 4K HDR 高码率 60帧 杜比音效&立体全景声 中文字幕【4.7GB/集】更14集.描述： 改编自月下蝶影小说《勿扰飞升》 一位在凡尘界备受冷遇的亡国公主箜篌，因机缘巧合意外进入修仙世界，开启全员宠女主模式，从师傅师兄到隔壁门派，整个修仙界都对女主宠爱有加，为了吃苦头，磨练心智，箜篌主动走出舒适圈，要求下山闯荡，偶遇了病弱男子桓宗一起升级打怪闯荡修仙界，没想到桓宗竟然就是自己一直痴迷的修仙话本的大大，也是传说中的修仙界天才，箜篌顺利把作者大大拐回了门派当女婿，两人也在一次次的历练中克服了心魔，突破修为，双双成为了一代宗师。. https://pan.quark.cn/s/8ea3b9618153
2025-11-21 14:00:28 [INFO] app.modules.filter.services.regex_target_link_filter:50 - 匹配成功: link_title="勿扰飞升 (2025)4K HDR 60FPS S01E01 - E18 HiveWeb简介： 一位在凡尘界备受冷遇的亡国公主箜篌，因机缘巧合意外进入修仙世界，为磨练心智，主动下山闯荡，偶遇了病弱男子桓宗一起升级打怪闯荡修仙界并发展出深厚的感情的故事。...分享： 热心网友大小： 35.2GB" movie_title_season="勿扰飞升" pattern="^勿扰飞升.*"
2025-11-21 14:00:28 [INFO] app.modules.filter.services.target_episode_filter_service:137 - 开始处理链接：--- 勿扰飞升 (2025)4K HDR 60FPS S01E01 - E18 HiveWeb简介： 一位在凡尘界备受冷遇的亡国公主箜篌，因机缘巧合意外进入修仙世界，为磨练心智，主动下山闯荡，偶遇了病弱男子桓宗一起升级打怪闯荡修仙界并发展出深厚的感情的故事。...分享： 热心网友大小： 35.2GB https://pan.quark.cn/s/302904b43b18
2025-11-21 14:00:28 [INFO] app.modules.filter.services.target_episode_filter_service:128 - 最终选择 18 个文件来覆盖新剧集: ['S01E18.mkv', 'S01E17.mkv', 'S01E16.mkv', 'S01E15.mkv', 'S01E14.mkv', 'S01E13.mkv', 'S01E12.mkv', 'S01E11.mkv', 'S01E10.mkv', 'S01E09.mkv', 'S01E08.mkv', 'S01E07.mkv', 'S01E06.mkv', 'S01E05.mkv', 'S01E04.mkv', 'S01E03.mkv', 'S01E02.mkv', 'S01E01.mkv']
2025-11-21 14:00:28 [INFO] app.modules.filter.services.target_episode_filter_service:141 - 获取到目标剧集组合，来自链接：https://pan.quark.cn/s/302904b43b18
2025-11-21 14:00:28 [INFO] app.modules.filter.flow:138 - 勿扰飞升 | https://pan.quark.cn/s/302904b43b18 跳过（更新至 18，比备选https://pan.quark.cn/s/ac810cf770ef | 18 更少）
2025-11-21 14:00:28 [INFO] app.modules.filter.services.regex_target_link_filter:50 - 匹配成功: link_title="勿扰飞升（又名: Flying Without Disturb）【2025国剧】（主演: 李宏毅 / 陆婷玉 ）更新至 第16集 4K SDR 60帧 高码率 [杜比音效&HIFI声&立体环绕声]【单集4G,共72G】纯净版" movie_title_season="勿扰飞升" pattern="^勿扰飞升.*"
2025-11-21 14:00:28 [INFO] app.modules.filter.services.target_episode_filter_service:137 - 开始处理链接：--- 勿扰飞升（又名: Flying Without Disturb）【2025国剧】（主演: 李宏毅 / 陆婷玉 ）更新至 第16集 4K SDR 60帧 高码率 [杜比音效&HIFI声&立体环绕声]【单集4G,共72G】纯净版 https://pan.quark.cn/s/834cbec6d41b
2025-11-21 14:00:28 [INFO] app.modules.filter.services.target_episode_filter_service:128 - 最终选择 16 个文件来覆盖新剧集: ['S01E16.2025.2160p.WEB-DL.H265.10bit.60fps.HIFI2.0.&AAC5.1.4Audios.mkv', 'S01E15.2025.2160p.WEB-DL.H265.10bit.60fps.HIFI2.0.&AAC5.1.4Audios.mkv', 'S01E14.2025.2160p.WEB-DL.H265.10bit.60fps.HIFI2.0.&AAC5.1.4Audios.mkv', 'S01E13.2025.2160p.WEB-DL.H265.10bit.60fps.HIFI2.0.&AAC5.1.4Audios.mkv', 'S01E12.2025.2160p.WEB-DL.H265.10bit.60fps.HIFI2.0.&AAC5.1.4Audios.mkv', 'S01E11.2025.2160p.WEB-DL.H265.10bit.60fps.HIFI2.0.&AAC5.1.4Audios.mkv', 'S01E10.2025.2160p.WEB-DL.H265.10bit.60fps.HIFI2.0.&AAC5.1.4Audios.mkv', 'S01E09.2025.2160p.WEB-DL.H265.10bit.60fps.HIFI2.0.&AAC5.1.4Audios.mkv', 'S01E08.2025.2160p.WEB-DL.H265.10bit.60fps.HIFI2.0.&AAC5.1.4Audios.mkv', 'S01E07.2025.2160p.WEB-DL.H265.10bit.60fps.HIFI2.0.&AAC5.1.4Audios.mkv', 'S01E06.2025.2160p.WEB-DL.H265.10bit.60fps.HIFI2.0.&AAC5.1.4Audios.mkv', 'S01E05.2025.2160p.WEB-DL.H265.10bit.60fps.HIFI2.0.&AAC5.1.4Audios.mkv', 'S01E04.2025.2160p.WEB-DL.H265.10bit.60fps.HIFI2.0.&AAC5.1.4Audios.mkv', 'S01E03.2025.2160p.WEB-DL.H265.10bit.60fps.HIFI2.0.&AAC5.1.4Audios.mkv', 'S01E02.2025.2160p.WEB-DL.H265.10bit.60fps.HIFI2.0.&AAC5.1.4Audios.mkv', 'S01E01.2025.2160p.WEB-DL.H265.10bit.60fps.HIFI2.0.&AAC5.1.4Audios.mkv']
2025-11-21 14:00:28 [INFO] app.modules.filter.services.target_episode_filter_service:141 - 获取到目标剧集组合，来自链接：https://pan.quark.cn/s/834cbec6d41b
2025-11-21 14:00:28 [INFO] app.modules.filter.flow:138 - 勿扰飞升 | https://pan.quark.cn/s/834cbec6d41b 跳过（更新至 16，比备选https://pan.quark.cn/s/ac810cf770ef | 18 更少）
2025-11-21 14:00:28 [INFO] app.modules.filter.services.regex_target_link_filter:50 - 匹配成功: link_title="勿扰飞升 (2025) 4K 臻彩MAX [HDR.Vivid.60fps] [更新16集]描述：改编自月下蝶影小说《勿扰飞升》 一位在凡尘界备受冷遇的亡国公主箜篌，因机缘巧合意外进入修仙世界，开启全员宠女主模式，从师傅师兄到隔壁门派，整个修仙界都对女主宠爱有加，为了吃苦头，磨练心智，箜篌主动走出舒适圈，要求下山闯荡，偶遇了病弱男子桓宗一起升级打怪闯荡修仙界，没想到桓宗竟然就是自己一直痴迷的修仙话本的大大，也是传说中的修仙界天才，箜篌顺利把作者大大拐回了门派当女婿，两人也在一次次的历练中克服了心魔，突破修为，双双成为了一代宗师。夸克：" movie_title_season="勿扰飞升" pattern="^勿扰飞升.*"
2025-11-21 14:00:28 [INFO] app.modules.filter.services.target_episode_filter_service:137 - 开始处理链接：--- 勿扰飞升 (2025) 4K 臻彩MAX [HDR.Vivid.60fps] [更新16集]描述：改编自月下蝶影小说《勿扰飞升》 一位在凡尘界备受冷遇的亡国公主箜篌，因机缘巧合意外进入修仙世界，开启全员宠女主模式，从师傅师兄到隔壁门派，整个修仙界都对女主宠爱有加，为了吃苦头，磨练心智，箜篌主动走出舒适圈，要求下山闯荡，偶遇了病弱男子桓宗一起升级打怪闯荡修仙界，没想到桓宗竟然就是自己一直痴迷的修仙话本的大大，也是传说中的修仙界天才，箜篌顺利把作者大大拐回了门派当女婿，两人也在一次次的历练中克服了心魔，突破修为，双双成为了一代宗师。夸克： https://pan.quark.cn/s/14b05fefd4a8
2025-11-21 14:00:29 [INFO] app.modules.filter.services.target_episode_filter_service:128 - 最终选择 16 个文件来覆盖新剧集: ['S01E16.2025.2160p.60fps.WEB-DL.HDR.Vivid.H.265.10bit.AAC.mp4', 'S01E15.2025.2160p.60fps.WEB-DL.HDR.Vivid.H.265.10bit.AAC.mp4', 'S01E14.2025.2160p.60fps.WEB-DL.HDR.Vivid.H.265.10bit.AAC.mp4', 'S01E13.2025.2160p.60fps.WEB-DL.HDR.Vivid.H.265.10bit.AAC.mp4', 'S01E12.2025.2160p.60fps.WEB-DL.HDR.Vivid.H.265.10bit.AAC.mp4', 'S01E11.2025.2160p.60fps.WEB-DL.HDR.Vivid.H.265.10bit.AAC.mp4', 'S01E10.2025.2160p.60fps.WEB-DL.HDR.Vivid.H.265.10bit.AAC.mp4', 'S01E09.2025.2160p.60fps.WEB-DL.HDR.Vivid.H.265.10bit.AAC.mp4', 'S01E08.2025.2160p.60fps.WEB-DL.HDR.Vivid.H.265.10bit.AAC.mp4', 'S01E07.2025.2160p.60fps.WEB-DL.HDR.Vivid.H.265.10bit.AAC.mp4', 'S01E06.2025.2160p.60fps.WEB-DL.HDR.Vivid.H.265.10bit.AAC.mp4', 'S01E05.2025.2160p.60fps.WEB-DL.HDR.Vivid.H.265.10bit.AAC.mp4', 'S01E04.2025.2160p.60fps.WEB-DL.HDR.Vivid.H.265.10bit.AAC.mp4', 'S01E03.2025.2160p.60fps.WEB-DL.HDR.Vivid.H.265.10bit.AAC.mp4', 'S01E02.2025.2160p.60fps.WEB-DL.HDR.Vivid.H.265.10bit.AAC.mp4', 'S01E01.2025.2160p.60fps.WEB-DL.HDR.Vivid.H.265.10bit.AAC.mp4']
2025-11-21 14:00:29 [INFO] app.modules.filter.services.target_episode_filter_service:141 - 获取到目标剧集组合，来自链接：https://pan.quark.cn/s/14b05fefd4a8
2025-11-21 14:00:29 [INFO] app.modules.filter.flow:138 - 勿扰飞升 | https://pan.quark.cn/s/14b05fefd4a8 跳过（更新至 16，比备选https://pan.quark.cn/s/ac810cf770ef | 18 更少）
2025-11-21 14:00:29 [INFO] app.modules.filter.services.regex_target_link_filter:50 - 匹配成功: link_title="勿扰飞升(2025)【更16集】【4K.HDR】【高码率】【内嵌简中】描述：改编自月下蝶影小说《勿扰飞升》 一位在凡尘界备受冷遇的亡国公主箜篌，因机缘巧合意外进入修仙世界，开启全员宠女主模式，从师傅师兄到隔壁门派" movie_title_season="勿扰飞升" pattern="^勿扰飞升.*"
2025-11-21 14:00:29 [INFO] app.modules.filter.services.target_episode_filter_service:137 - 开始处理链接：--- 勿扰飞升(2025)【更16集】【4K.HDR】【高码率】【内嵌简中】描述：改编自月下蝶影小说《勿扰飞升》 一位在凡尘界备受冷遇的亡国公主箜篌，因机缘巧合意外进入修仙世界，开启全员宠女主模式，从师傅师兄到隔壁门派 https://pan.quark.cn/s/7628a2df4376
2025-11-21 14:00:29 [INFO] app.modules.filter.services.target_episode_filter_service:128 - 最终选择 17 个文件来覆盖新剧集: ['Flying Up Without Disturb S01E16 - 第 16 集 - 2160p WEB-DL HDR H265 AAC.mkv', 'Flying Up Without Disturb S01E15 - 第 15 集 - 2160p WEB-DL HDR H265 AAC.mkv', 'Flying Up Without Disturb S01E14 - 第 14 集 - 2160p WEB-DL HDR H265 AAC.mkv', 'Flying Up Without Disturb S01E13 - 第 13 集 - 2160p WEB-DL HDR H265 AAC.mkv', 'Flying Up Without Disturb S01E12 - 第 12 集 - 2160p WEB-DL HDR H265 AAC.mkv', 'Flying Up Without Disturb S01E11 - 第 11 集 - 2160p WEB-DL HDR H265 AAC.mkv', 'Flying Up Without Disturb S01E10 - 第 10 集 - 2160p WEB-DL HDR H265 AAC.mkv', 'Flying Up Without Disturb S01E09 - 第 9 集 - 2160p WEB-DL HDR H265 AAC.mkv', 'Flying Up Without Disturb S01E09 - 第 9 集 - 2160p WEB-DL H265 10bit AAC.mp4', 'Flying Up Without Disturb S01E08 - 第 8 集 - 2160p WEB-DL HDR H265 AAC.mkv', 'Flying Up Without Disturb S01E07 - 第 7 集 - 2160p WEB-DL HDR H265 AAC.mkv', 'Flying Up Without Disturb S01E06 - 第 6 集 - 2160p WEB-DL HDR H265 AAC.mkv', 'Flying Up Without Disturb S01E05 - 第 5 集 - 2160p WEB-DL HDR H265 AAC.mkv', 'Flying Up Without Disturb S01E04 - 第 4 集 - 2160p WEB-DL HDR H265 AAC.mkv', 'Flying Up Without Disturb S01E03 - 第 3 集 - 2160p WEB-DL HDR H265 AAC.mkv', 'Flying Up Without Disturb S01E02 - 第 2 集 - 2160p WEB-DL HDR H265 AAC.mkv', 'Flying Up Without Disturb S01E01 - 第 1 集 - 2160p WEB-DL HDR H265 AAC.mkv']
2025-11-21 14:00:29 [INFO] app.modules.filter.services.target_episode_filter_service:141 - 获取到目标剧集组合，来自链接：https://pan.quark.cn/s/7628a2df4376
2025-11-21 14:00:29 [INFO] app.modules.filter.flow:138 - 勿扰飞升 | https://pan.quark.cn/s/7628a2df4376 跳过（更新至 16，比备选https://pan.quark.cn/s/ac810cf770ef | 18 更少）
2025-11-21 14:00:29 [INFO] app.modules.filter.services.regex_target_link_filter:50 - 匹配成功: link_title="勿扰飞升（2025）【4K.HDR.60fps】【更12集】【剧情】【李宏毅/陆婷玉】描述：改编自月下蝶影小说《勿扰飞升》 一位在凡尘界备受冷遇的亡国公主箜篌，因机缘巧合意外进入修仙世界，开启全员宠女主模式，从师傅师兄到隔壁门派，整个修仙界都对女主宠爱有加，为了吃苦头，磨练心智，箜篌主动走出舒适圈，要求下山闯荡，偶遇了病弱男子桓宗一起升级打怪闯荡修仙界，没想到桓宗竟然就是自己一直痴迷的修仙话本的大大，也是传说中的修仙界天才，箜篌顺利把作者大大拐回了门派当女婿，两人也在一次次的历练中克服了心魔，突破修为，双双成为了一代宗师。" movie_title_season="勿扰飞升" pattern="^勿扰飞升.*"
2025-11-21 14:00:29 [INFO] app.modules.filter.services.target_episode_filter_service:137 - 开始处理链接：--- 勿扰飞升（2025）【4K.HDR.60fps】【更12集】【剧情】【李宏毅/陆婷玉】描述：改编自月下蝶影小说《勿扰飞升》 一位在凡尘界备受冷遇的亡国公主箜篌，因机缘巧合意外进入修仙世界，开启全员宠女主模式，从师傅师兄到隔壁门派，整个修仙界都对女主宠爱有加，为了吃苦头，磨练心智，箜篌主动走出舒适圈，要求下山闯荡，偶遇了病弱男子桓宗一起升级打怪闯荡修仙界，没想到桓宗竟然就是自己一直痴迷的修仙话本的大大，也是传说中的修仙界天才，箜篌顺利把作者大大拐回了门派当女婿，两人也在一次次的历练中克服了心魔，突破修为，双双成为了一代宗师。 https://pan.quark.cn/s/325a8a49d23e
2025-11-21 14:00:30 [INFO] app.modules.filter.services.regex_target_link_filter:50 - 匹配成功: link_title="勿扰飞升 (2025) 【4K.HDR】【60帧率】【国语中字】【李宏毅/陆婷玉】【古装/剧情】【更新14集】描述：　　改编自月下蝶影小说《勿扰飞升》一位在凡尘界备受冷遇的亡国公主箜篌，因机缘巧合意外进入修仙世界，开启全员宠女主模式，从师傅师兄到隔壁门派，整个修仙界都对女主宠爱有加，为了吃苦头，磨练心智，箜篌主动走出舒适圈，要求下山闯荡，偶遇了病弱男子桓宗一起升级打怪闯荡修仙界，没想到桓宗竟然就是自己一直痴迷的修仙话本的大大，也是传说中的修仙界天才，箜篌顺利把作者大大拐回了门派当女婿，两人也在一次次的历练中克服了心魔，突破修为，双双成为了一代宗" movie_title_season="勿扰飞升" pattern="^勿扰飞升.*"
2025-11-21 14:00:30 [INFO] app.modules.filter.services.target_episode_filter_service:137 - 开始处理链接：--- 勿扰飞升 (2025) 【4K.HDR】【60帧率】【国语中字】【李宏毅/陆婷玉】【古装/剧情】【更新14集】描述：　　改编自月下蝶影小说《勿扰飞升》一位在凡尘界备受冷遇的亡国公主箜篌，因机缘巧合意外进入修仙世界，开启全员宠女主模式，从师傅师兄到隔壁门派，整个修仙界都对女主宠爱有加，为了吃苦头，磨练心智，箜篌主动走出舒适圈，要求下山闯荡，偶遇了病弱男子桓宗一起升级打怪闯荡修仙界，没想到桓宗竟然就是自己一直痴迷的修仙话本的大大，也是传说中的修仙界天才，箜篌顺利把作者大大拐回了门派当女婿，两人也在一次次的历练中克服了心魔，突破修为，双双成为了一代宗 https://pan.quark.cn/s/ac4a79848ff9
2025-11-21 14:00:30 [INFO] app.modules.filter.services.target_episode_filter_service:128 - 最终选择 16 个文件来覆盖新剧集: ['S01E16.2025.2160p.60fps.WEB-DL.AAC5.1.HDR.Vivid.10bits.H.265.mp4', 'S01E15.2025.2160p.60fps.WEB-DL.AAC5.1.HDR.Vivid.10bits.H.265.mp4', 'S01E14.2025.2160p.60fps.WEB-DL.AAC5.1.HDR.Vivid.10bits.H.265.mp4', 'S01E13.2025.2160p.60fps.WEB-DL.AAC5.1.HDR.Vivid.10bits.H.265.mp4', 'S01E12.2025.2160p.60fps.WEB-DL.AAC5.1.HDR.Vivid.10bits.H.265.mp4', 'S01E11.2025.2160p.60fps.WEB-DL.AAC5.1.HDR.Vivid.10bits.H.265.mp4', 'S01E10.2025.2160p.60fps.WEB-DL.AAC5.1.HDR.Vivid.10bits.H.265.mp4', 'S01E09.2025.2160p.60fps.WEB-DL.AAC5.1.HDR.Vivid.10bits.H.265.mp4', 'S01E08.2025.2160p.60fps.WEB-DL.AAC5.1.HDR.Vivid.10bits.H.265.mp4', 'S01E07.2025.2160p.60fps.WEB-DL.AAC5.1.HDR.Vivid.10bits.H.265.mp4', 'S01E06.2025.2160p.60fps.WEB-DL.AAC5.1.HDR.Vivid.10bits.H.265.mp4', 'S01E05.2025.2160p.60fps.WEB-DL.AAC5.1.HDR.Vivid.10bits.H.265.mp4', 'S01E04.2025.2160p.60fps.WEB-DL.AAC5.1.HDR.Vivid.10bits.H.265.mp4', 'S01E03.2025.2160p.60fps.WEB-DL.AAC5.1.HDR.Vivid.10bits.H.265.mp4', 'S01E02.2025.2160p.60fps.WEB-DL.AAC5.1.HDR.Vivid.10bits.H.265.mp4', 'S01E01.2025.2160p.60fps.WEB-DL.AAC5.1.HDR.Vivid.10bits.H.265.mp4']
2025-11-21 14:00:30 [INFO] app.modules.filter.services.target_episode_filter_service:141 - 获取到目标剧集组合，来自链接：https://pan.quark.cn/s/ac4a79848ff9
2025-11-21 14:00:30 [INFO] app.modules.filter.flow:138 - 勿扰飞升 | https://pan.quark.cn/s/ac4a79848ff9 跳过（更新至 16，比备选https://pan.quark.cn/s/ac810cf770ef | 18 更少）
2025-11-21 14:00:30 [INFO] app.modules.filter.flow:158 - 勿扰飞升分享链接遍历完成，无可用分享链接
2025-11-21 14:00:30 [INFO] app.modules.storage_operations.services.save_episodes_to_cloud:44 - 未筛选到适合['mkv', 'mp4', 'avi', 'mov', 'm4v', 'wmv', 'flv', 'torrent', 'srt', 'ass', 'sub', 'mp3', 'aac', 'zip']的链接
2025-11-21 14:00:30 [INFO] app.modules.storage_operations.services.save_episodes_to_cloud:44 - 未筛选到适合['mkv', 'mp4', 'avi', 'mov', 'm4v', 'wmv', 'flv', 'torrent', 'srt', 'ass', 'sub', 'mp3', 'aac', 'zip']的链接
2025-11-21 14:01:22 [INFO] telethon.client.updates:443 - Got difference for channel 1280467440 updates
2025-11-21 14:01:22 [INFO] telethon.client.updates:443 - Got difference for channel 2209378593 updates
2025-11-21 14:01:22 [INFO] telethon.client.updates:443 - Got difference for channel 1084638970 updates
2025-11-21 14:01:23 [INFO] telethon.client.updates:443 - Got difference for channel 1859684449 updates
2025-11-21 14:01:42 [INFO] telethon.client.updates:443 - Got difference for channel 1688099294 updates
2025-11-21 14:01:42 [INFO] telethon.client.updates:443 - Got difference for channel 1669747816 updates
2025-11-21 14:02:22 [INFO] telethon.client.updates:443 - Got difference for channel 2193554291 updates
2025-11-21 14:02:22 [INFO] telethon.client.updates:443 - Got difference for channel 2269063013 updates
2025-11-21 14:03:22 [INFO] telethon.client.updates:443 - Got difference for channel 2014194320 updates
2025-11-21 14:03:22 [INFO] telethon.client.updates:443 - Got difference for channel 1669747816 updates
2025-11-21 14:03:22 [INFO] telethon.client.updates:443 - Got difference for channel 2600169516 updates
2025-11-21 14:03:23 [INFO] telethon.client.updates:443 - Got difference for channel 1688099294 updates
2025-11-21 14:03:23 [INFO] telethon.client.updates:443 - Got difference for channel 1561455638 updates
2025-11-21 14:04:22 [INFO] telethon.client.updates:443 - Got difference for channel 2193554291 updates
2025-11-21 14:04:22 [INFO] telethon.client.updates:443 - Got difference for channel 1688099294 updates
2025-11-21 14:04:23 [INFO] telethon.client.updates:443 - Got difference for channel 1084638970 updates
2025-11-21 14:05:00 [INFO] app.core.scheduler:480 - Dispatching scheduled job f8e4963f2a92414589a557957998c0a7 -> 将所有网盘已更新到最新进度的movie推送到平台
2025-11-21 14:05:00 [INFO] app.core.scheduler:506 - Scheduled job f8e4963f2a92414589a557957998c0a7 dispatched to task_manager
2025-11-21 14:05:00 [INFO] root:162 - [task 6b2691748e0c47bb9dc8925c5456819e] log handler attached for capture
2025-11-21 14:05:00 [INFO] app.flow.sync_new_movie_flow:327 - 将['赴山海', '欢乐家长群2', '暴风圈', '照镜辞', '漫威丧尸', '弥留之国的爱丽丝 第三季', '行骗天下KR', '健力士王朝', '犯罪现场 Zero', '科斯缇娜酒店', '入青云', '回魂计', '水龙吟', '锦月令', '棕眼之谜', '三人行', '黑盒子', '大厨小婿']发布至平台
2025-11-21 14:05:22 [INFO] telethon.client.updates:443 - Got difference for channel 1280467440 updates
2025-11-21 14:05:22 [INFO] telethon.client.updates:443 - Got difference for channel 2193554291 updates
2025-11-21 14:06:22 [INFO] telethon.client.updates:443 - Got difference for channel 2209378593 updates
2025-11-21 14:06:23 [INFO] telethon.client.updates:443 - Got difference for channel 1580372425 updates
2025-11-21 14:06:23 [INFO] telethon.client.updates:443 - Got difference for channel 2158983339 updates
2025-11-21 14:06:23 [INFO] telethon.client.updates:443 - Got difference for channel 2193554291 updates
2025-11-21 14:06:23 [INFO] telethon.client.updates:443 - Got difference for channel 1688099294 updates
2025-11-21 14:06:24 [INFO] telethon.client.updates:443 - Got difference for channel 2016939647 updates
2025-11-21 14:07:20 [INFO] telethon.client.updates:344 - Got difference for account updates
2025-11-21 14:07:21 [INFO] telethon.client.updates:443 - Got difference for channel 1290825027 updates
2025-11-21 14:07:21 [INFO] telethon.client.updates:443 - Got difference for channel 2064685671 updates
2025-11-21 14:07:21 [INFO] telethon.client.updates:443 - Got difference for channel 2158983339 updates
2025-11-21 14:07:21 [INFO] telethon.client.updates:443 - Got difference for channel 1280467440 updates
2025-11-21 14:07:22 [INFO] telethon.client.updates:443 - Got difference for channel 2014194320 updates
2025-11-21 14:07:22 [INFO] telethon.client.updates:443 - Got difference for channel 1617621330 updates
2025-11-21 14:07:22 [INFO] telethon.client.updates:443 - Got difference for channel 1401724496 updates
2025-11-21 14:07:22 [INFO] telethon.client.updates:443 - Got difference for channel 1538105589 updates
2025-11-21 14:07:22 [INFO] telethon.client.updates:443 - Got difference for channel 1872908471 updates
2025-11-21 14:07:23 [INFO] telethon.client.updates:443 - Got difference for channel 2073046329 updates
2025-11-21 14:07:23 [INFO] telethon.client.updates:443 - Got difference for channel 1084638970 updates
2025-11-21 14:07:23 [INFO] telethon.client.updates:443 - Got difference for channel 2016939647 updates
2025-11-21 14:07:23 [INFO] telethon.client.updates:443 - Got difference for channel 2209378593 updates
2025-11-21 14:07:24 [INFO] telethon.client.updates:443 - Got difference for channel 1780401093 updates
2025-11-21 14:07:25 [INFO] telethon.client.updates:443 - Got difference for channel 1373840858 updates
2025-11-21 14:08:22 [INFO] telethon.client.updates:443 - Got difference for channel 2209378593 updates
2025-11-21 14:08:22 [INFO] telethon.client.updates:443 - Got difference for channel 2158983339 updates
2025-11-21 14:08:23 [INFO] telethon.client.updates:443 - Got difference for channel 2014194320 updates
2025-11-21 14:08:23 [INFO] telethon.client.updates:443 - Got difference for channel 2269063013 updates
2025-11-21 14:08:23 [INFO] telethon.client.updates:443 - Got difference for channel 2600169516 updates
2025-11-21 14:09:04 [ERROR] asyncio:1785 - Exception in callback _ProactorBasePipeTransport._call_connection_lost(None)
handle: <Handle _ProactorBasePipeTransport._call_connection_lost(None)>
Traceback (most recent call last):
  File "C:\Users\helon\AppData\Local\Programs\Python\Python312\Lib\asyncio\events.py", line 84, in _run
    self._context.run(self._callback, *self._args)
  File "C:\Users\helon\AppData\Local\Programs\Python\Python312\Lib\asyncio\proactor_events.py", line 165, in _call_connection_lost
    self._sock.shutdown(socket.SHUT_RDWR)
ConnectionResetError: [WinError 10054] 远程主机强迫关闭了一个现有的连接。
2025-11-21 14:09:04 [ERROR] asyncio:1785 - Exception in callback _ProactorBasePipeTransport._call_connection_lost(None)
handle: <Handle _ProactorBasePipeTransport._call_connection_lost(None)>
Traceback (most recent call last):
  File "C:\Users\helon\AppData\Local\Programs\Python\Python312\Lib\asyncio\events.py", line 84, in _run
    self._context.run(self._callback, *self._args)
  File "C:\Users\helon\AppData\Local\Programs\Python\Python312\Lib\asyncio\proactor_events.py", line 165, in _call_connection_lost
    self._sock.shutdown(socket.SHUT_RDWR)
ConnectionResetError: [WinError 10054] 远程主机强迫关闭了一个现有的连接。
2025-11-21 14:09:22 [INFO] telethon.client.updates:443 - Got difference for channel 2209378593 updates
2025-11-21 14:09:23 [INFO] telethon.client.updates:443 - Got difference for channel 2193554291 updates
2025-11-21 14:09:23 [INFO] telethon.client.updates:443 - Got difference for channel 1688099294 updates
2025-11-21 14:09:23 [INFO] telethon.client.updates:443 - Got difference for channel 1280467440 updates
2025-11-21 14:10:00 [INFO] app.core.scheduler:480 - Dispatching scheduled job f8e4963f2a92414589a557957998c0a7 -> 将所有网盘已更新到最新进度的movie推送到平台
2025-11-21 14:10:00 [INFO] app.core.scheduler:506 - Scheduled job f8e4963f2a92414589a557957998c0a7 dispatched to task_manager
2025-11-21 14:10:00 [INFO] root:162 - [task 8042ec85116a4684b8df3dc709ce8b8d] log handler attached for capture
2025-11-21 14:10:00 [INFO] app.flow.sync_new_movie_flow:327 - 将['赴山海', '欢乐家长群2', '暴风圈', '照镜辞', '漫威丧尸', '弥留之国的爱丽丝 第三季', '行骗天下KR', '健力士王朝', '犯罪现场 Zero', '科斯缇娜酒店', '入青云', '回魂计', '水龙吟', '锦月令', '棕眼之谜', '三人行', '黑盒子', '大厨小婿']发布至平台
2025-11-21 14:10:22 [INFO] telethon.client.updates:443 - Got difference for channel 2209378593 updates
2025-11-21 14:10:23 [INFO] telethon.client.updates:443 - Got difference for channel 1580372425 updates
2025-11-21 14:10:23 [INFO] telethon.client.updates:443 - Got difference for channel 1280467440 updates
2025-11-21 14:10:23 [INFO] telethon.client.updates:443 - Got difference for channel 1561455638 updates
2025-11-21 14:10:23 [INFO] telethon.client.updates:443 - Got difference for channel 2016939647 updates
2025-11-21 14:11:22 [INFO] telethon.client.updates:443 - Got difference for channel 2209378593 updates
2025-11-21 14:11:23 [INFO] telethon.client.updates:443 - Got difference for channel 2600169516 updates
2025-11-21 14:11:23 [INFO] telethon.client.updates:443 - Got difference for channel 1401724496 updates
2025-11-21 14:12:22 [INFO] telethon.client.updates:443 - Got difference for channel 2209378593 updates
2025-11-21 14:12:23 [INFO] telethon.client.updates:443 - Got difference for channel 2269063013 updates
2025-11-21 14:12:23 [INFO] telethon.client.updates:443 - Got difference for channel 2600169516 updates
2025-11-21 14:12:23 [INFO] telethon.client.updates:443 - Got difference for channel 1280467440 updates
2025-11-21 14:12:23 [INFO] telethon.client.updates:443 - Got difference for channel 2193554291 updates
2025-11-21 14:12:23 [INFO] telethon.client.updates:443 - Got difference for channel 1642618802 updates
2025-11-21 14:12:24 [INFO] telethon.client.updates:443 - Got difference for channel 1688099294 updates
2025-11-21 14:13:06 [INFO] telethon.client.updates:443 - Got difference for channel 1580372425 updates
2025-11-21 14:13:06 [INFO] telethon.client.updates:443 - Got difference for channel 2158983339 updates
2025-11-21 14:13:06 [INFO] telethon.client.updates:443 - Got difference for channel 1280467440 updates
2025-11-21 14:13:06 [INFO] telethon.client.updates:443 - Got difference for channel 2016939647 updates
2025-11-21 14:13:23 [INFO] telethon.client.updates:443 - Got difference for channel 1280467440 updates
2025-11-21 14:14:22 [INFO] telethon.client.updates:443 - Got difference for channel 1780401093 updates
2025-11-21 14:14:23 [INFO] telethon.client.updates:443 - Got difference for channel 2209378593 updates
2025-11-21 14:14:23 [INFO] telethon.client.updates:443 - Got difference for channel 2269063013 updates
2025-11-21 14:14:23 [INFO] telethon.client.updates:443 - Got difference for channel 2600169516 updates
2025-11-21 14:14:23 [INFO] telethon.client.updates:443 - Got difference for channel 2016939647 updates
2025-11-21 14:15:00 [INFO] app.core.scheduler:480 - Dispatching scheduled job 6f853106834c42dbb500a627c0aa1bbc -> 同步今日可更新影视资源到网盘
2025-11-21 14:15:00 [INFO] app.core.scheduler:506 - Scheduled job 6f853106834c42dbb500a627c0aa1bbc dispatched to task_manager
2025-11-21 14:15:00 [INFO] app.core.scheduler:480 - Dispatching scheduled job f8e4963f2a92414589a557957998c0a7 -> 将所有网盘已更新到最新进度的movie推送到平台
2025-11-21 14:15:00 [INFO] app.core.scheduler:506 - Scheduled job f8e4963f2a92414589a557957998c0a7 dispatched to task_manager
2025-11-21 14:15:00 [INFO] root:162 - [task 2f25f7fba44e4df3b23f9a049db12ec0] log handler attached for capture
2025-11-21 14:15:00 [INFO] root:162 - [task 33406409918c4e79a8c0fba207c60ba3] log handler attached for capture
2025-11-21 14:15:00 [INFO] app.flow.sync_new_movie_flow:181 - 今日已到更新时间点的movie:['新闻女王2', '勿扰飞升']
2025-11-21 14:15:00 [WARNING] app.flow.sync_new_movie_flow:186 - 这些movie由于tmdb_info为空无法同步：[]
2025-11-21 14:15:00 [INFO] app.flow.sync_new_movie_flow:327 - 将['赴山海', '欢乐家长群2', '暴风圈', '照镜辞', '漫威丧尸', '弥留之国的爱丽丝 第三季', '行骗天下KR', '健力士王朝', '犯罪现场 Zero', '科斯缇娜酒店', '入青云', '回魂计', '水龙吟', '锦月令', '棕眼之谜', '三人行', '黑盒子', '大厨小婿']发布至平台
2025-11-21 14:15:04 [INFO] app.modules.filter.services.regex_target_link_filter:50 - 匹配成功: link_title="新闻女王2 4K[臻彩]" movie_title_season="新闻女王2" pattern="^新闻女王2.*"
2025-11-21 14:15:04 [INFO] app.modules.filter.services.target_episode_filter_service:137 - 开始处理链接：--- 新闻女王2 4K[臻彩] https://pan.quark.cn/s/b72f6131127c
2025-11-21 14:15:05 [INFO] app.modules.filter.services.regex_target_link_filter:50 - 匹配成功: link_title="新闻女王2国语" movie_title_season="新闻女王2" pattern="^新闻女王2.*"
2025-11-21 14:15:05 [INFO] app.modules.filter.services.target_episode_filter_service:137 - 开始处理链接：--- 新闻女王2国语 https://pan.quark.cn/s/f7b29837da99
2025-11-21 14:15:05 [INFO] app.modules.filter.services.regex_target_link_filter:50 - 匹配成功: link_title="新闻女王2国语版" movie_title_season="新闻女王2" pattern="^新闻女王2.*"
2025-11-21 14:15:05 [INFO] app.modules.filter.services.target_episode_filter_service:137 - 开始处理链接：--- 新闻女王2国语版 https://pan.baidu.com/s/1cHrCu7Z7J_KyihwpUCENRg?pwd=8888
2025-11-21 14:15:05 [INFO] app.modules.filter.services.target_episode_filter_service:128 - 最终选择 46 个文件来覆盖新剧集: ['The.Queen.of.NEWS.S01E26.2023.2160p.WEB-DL.H265.AAC-DDHDTV.mkv', 'The.Queen.of.NEWS.S01E25.2023.2160p.WEB-DL.H265.AAC-DDHDTV.mkv', 'The.Queen.of.NEWS.S01E24.2023.2160p.WEB-DL.H265.AAC-DDHDTV.mkv', 'The.Queen.of.NEWS.S01E23.2023.2160p.WEB-DL.H265.AAC-DDHDTV.mkv', 'The.Queen.of.NEWS.S01E22.2023.2160p.WEB-DL.H265.AAC-DDHDTV.mkv', 'The.Queen.of.NEWS.S01E21.2023.2160p.WEB-DL.H265.AAC-DDHDTV.mkv', 'The.Queen.of.NEWS.S01E20.2023.2160p.WEB-DL.H265.AAC-DDHDTV.mkv', 'The.Queen.of.NEWS.S01E19.2023.2160p.WEB-DL.H265.AAC-DDHDTV.mkv', 'The.Queen.of.NEWS.S01E18.2023.2160p.WEB-DL.H265.AAC-DDHDTV.mkv', 'The.Queen.of.NEWS.S01E17.2023.2160p.WEB-DL.H265.AAC-DDHDTV.mkv', 'The.Queen.of.NEWS.S01E16.2023.2160p.WEB-DL.H265.AAC-DDHDTV.mkv', 'The.Queen.of.NEWS.S01E15.2023.2160p.WEB-DL.H265.AAC-DDHDTV.mkv', 'The.Queen.of.NEWS.S01E14.2023.2160p.WEB-DL.H265.AAC-DDHDTV.mkv', 'The.Queen.of.NEWS.S01E13.2023.2160p.WEB-DL.H265.AAC-DDHDTV.mkv', 'The.Queen.of.NEWS.S01E12.2023.2160p.WEB-DL.H265.AAC-DDHDTV.mkv', 'The.Queen.of.NEWS.S01E11.2023.2160p.WEB-DL.H265.AAC-DDHDTV.mkv', 'The.Queen.of.NEWS.S01E10.2023.2160p.WEB-DL.H265.AAC-DDHDTV.mkv', 'The.Queen.of.NEWS.S01E09.2023.2160p.WEB-DL.H265.AAC-DDHDTV.mkv', 'The.Queen.of.NEWS.S01E08.2023.2160p.WEB-DL.H265.AAC-DDHDTV.mkv', 'The.Queen.of.NEWS.S01E07.2023.2160p.WEB-DL.H265.AAC-DDHDTV.mkv', 'The.Queen.of.NEWS.S01E06.2023.2160p.WEB-DL.H265.AAC-DDHDTV.mkv', 'The.Queen.of.NEWS.S01E05.2023.2160p.WEB-DL.H265.AAC-DDHDTV.mkv', 'The.Queen.of.NEWS.S01E04.2023.2160p.WEB-DL.H265.AAC-DDHDTV.mkv', 'The.Queen.of.NEWS.S01E03.2023.2160p.WEB-DL.H265.AAC-DDHDTV.mkv', 'The.Queen.of.NEWS.S01E02.2023.2160p.WEB-DL.H265.AAC-DDHDTV.mkv', 'The.Queen.of.NEWS.S01E01.2023.2160p.WEB-DL.H265.AAC-DDHDTV.mkv', 'S01E20.2025.2160p.60fps.WEB-DL.H265.AAC.2Audios.mkv', 'S01E19.2025.2160p.60fps.WEB-DL.H265.AAC.2Audios.mkv', 'S01E18.2025.2160p.60fps.WEB-DL.H265.AAC.2Audios.mkv', 'S01E17.2025.2160p.60fps.WEB-DL.H265.AAC.2Audios.mkv', 'S01E16.2025.2160p.60fps.WEB-DL.H265.AAC.2Audios.mkv', 'S01E15.2025.2160p.60fps.WEB-DL.H265.AAC.2Audios.mkv', 'S01E14.2025.2160p.60fps.WEB-DL.H265.AAC.2Audios.mkv', 'S01E13.2025.2160p.60fps.WEB-DL.H265.AAC.2Audios.mkv', 'S01E12.2025.2160p.60fps.WEB-DL.H265.AAC.2Audios.mkv', 'S01E11.2025.2160p.60fps.WEB-DL.H265.AAC.2Audios.mkv', 'S01E10.2025.2160p.60fps.WEB-DL.H265.AAC.2Audios.mkv', 'S01E09.2025.2160p.60fps.WEB-DL.H265.AAC.2Audios.mkv', 'S01E08.2025.2160p.60fps.WEB-DL.H265.AAC.2Audios.mkv', 'S01E07.2025.2160p.60fps.WEB-DL.H265.AAC.2Audios.mkv', 'S01E06.2025.2160p.60fps.WEB-DL.H265.AAC.2Audios.mkv', 'S01E05.2025.2160p.60fps.WEB-DL.H265.AAC.2Audios.mkv', 'S01E04.2025.2160p.60fps.WEB-DL.H265.AAC.2Audios.mkv', 'S01E03.2025.2160p.60fps.WEB-DL.H265.AAC.2Audios.mkv', 'S01E02.2025.2160p.60fps.WEB-DL.H265.AAC.2Audios.mkv', 'S01E01.2025.2160p.60fps.WEB-DL.H265.AAC.2Audios.mkv']
2025-11-21 14:15:05 [INFO] app.modules.filter.services.target_episode_filter_service:141 - 获取到目标剧集组合，来自链接：https://pan.quark.cn/s/f7b29837da99
2025-11-21 14:15:05 [INFO] app.modules.filter.flow:128 - 新闻女王2 | https://pan.quark.cn/s/f7b29837da99 作为备选（更新至 20/21）
2025-11-21 14:15:05 [INFO] app.modules.filter.services.regex_target_link_filter:50 - 匹配成功: link_title="新闻女王2国语版" movie_title_season="新闻女王2" pattern="^新闻女王2.*"
2025-11-21 14:15:05 [INFO] app.modules.filter.services.target_episode_filter_service:137 - 开始处理链接：--- 新闻女王2国语版 https://pan.quark.cn/s/6ceeb5cc2bf5
2025-11-21 14:15:06 [INFO] app.modules.filter.services.target_episode_filter_service:128 - 最终选择 18 个文件来覆盖新剧集: ['20 4K.mkv', '19 4K.mkv', '17 4K.mkv', '16 4K.mkv', '15 4K.mkv', '14 4K【国粤双语】.mkv', '12 4K.mkv', '11 4K.mp4', '10 4K【国粤双语】.mkv', '09 4K【国粤双语】.mkv', '08 4K.mkv', '07 4K.mkv', '06 4K.mkv', '05 4K.mkv', '04 4K.mp4', '03 4K.mkv', '02 4K.mkv', '01 4K.mkv']
2025-11-21 14:15:06 [INFO] app.modules.filter.services.target_episode_filter_service:141 - 获取到目标剧集组合，来自链接：https://pan.quark.cn/s/6ceeb5cc2bf5
2025-11-21 14:15:06 [INFO] app.modules.filter.flow:138 - 新闻女王2 | https://pan.quark.cn/s/6ceeb5cc2bf5 跳过（更新至 20，比备选https://pan.quark.cn/s/f7b29837da99 | 20 更少）
2025-11-21 14:15:06 [INFO] app.modules.filter.services.regex_target_link_filter:50 - 匹配成功: link_title="新闻女王/新闻女王2(2025)【更20集】【4K.普码】【国粤双语】【内嵌简中】【附第一季】描述：半年间，SNK剧变，总监余英飞离职、门外汉古肇华空降。张家妍虽掌权却难服众。刘艳的公开平台崛起，动摇传统媒体地位，连已入官场的许诗晴亦被卷入新旧媒体的角力。文慧心于此时复出，昭告世人：新闻女王的地位永远不可撼动！" movie_title_season="新闻女王2" pattern=".*新闻女王2[(（]20\d{2}[）)]"
2025-11-21 14:15:06 [INFO] app.modules.filter.services.target_episode_filter_service:137 - 开始处理链接：--- 新闻女王/新闻女王2(2025)【更20集】【4K.普码】【国粤双语】【内嵌简中】【附第一季】描述：半年间，SNK剧变，总监余英飞离职、门外汉古肇华空降。张家妍虽掌权却难服众。刘艳的公开平台崛起，动摇传统媒体地位，连已入官场的许诗晴亦被卷入新旧媒体的角力。文慧心于此时复出，昭告世人：新闻女王的地位永远不可撼动！ https://pan.quark.cn/s/e13c88c7a09c
2025-11-21 14:15:06 [INFO] app.modules.filter.services.target_episode_filter_service:128 - 最终选择 12 个文件来覆盖新剧集: ['06.4k.粤语.mp4', '05.4k.粤语.mp4', '04.4k.粤语.mp4', '03.4k.粤语.mp4', '02.4k.粤语.mp4', '01.4k.粤语.mp4', '06.4k.国语.mp4', '05.4k.国语..mp4', '04.4k.国语.mp4', '03.4k.国语.mp4', '02.4k.国语.mp4', '01.4k.国语.mp4']
2025-11-21 14:15:06 [INFO] app.modules.filter.services.target_episode_filter_service:141 - 获取到目标剧集组合，来自链接：https://pan.baidu.com/s/1cHrCu7Z7J_KyihwpUCENRg?pwd=8888
2025-11-21 14:15:06 [INFO] app.modules.filter.flow:128 - 新闻女王2 | https://pan.baidu.com/s/1cHrCu7Z7J_KyihwpUCENRg?pwd=8888 作为备选（更新至 6/21）
2025-11-21 14:15:06 [INFO] app.modules.filter.services.target_episode_filter_service:128 - 最终选择 48 个文件来覆盖新剧集: ['The QUEEN of News S02E20 - 第 20 集 - 2160p WEB-DL H265 AAC 2Audio.mkv', 'The QUEEN of News S02E19 - 第 19 集 - 2160p WEB-DL H265 AAC 2Audio.mkv', 'The QUEEN of News S02E18 - 第 18 集 - 2160p WEB-DL H265 AAC 2Audio.mkv', 'The QUEEN of News S02E17 - 第 17 集 - 2160p WEB-DL H265 AAC 2Audio.mkv', 'The QUEEN of News S02E16 - 第 16 集 - 2160p WEB-DL H265 AAC 2Audio.mkv', 'The QUEEN of News S02E15 - 第 15 集 - 2160p WEB-DL H265 AAC 2Audio.mkv', 'The QUEEN of News S02E14 - 第 14 集 - 2160p WEB-DL H265 AAC 2Audio.mkv', 'The QUEEN of News S02E13 - 第 13 集 - 2160p WEB-DL H265 AAC 2Audio.mkv', 'The QUEEN of News S02E12 - 第 12 集 - 2160p WEB-DL H265 AAC 2Audio.mkv', 'The QUEEN of News S02E11 - 第 11 集 - 2160p WEB-DL H265 AAC 2Audio.mkv', 'The QUEEN of News S02E10 - 第 10 集 - 2160p WEB-DL H265 AAC 2Audio.mkv', 'The QUEEN of News S02E09 - 第 9 集 - 2160p WEB-DL H265 AAC 2Audio.mkv', 'The QUEEN of News S02E08 - 第 8 集 - 2160p WEB-DL H265 AAC 2Audio.mkv', 'The QUEEN of News S02E07 - 第 7 集 - 2160p WEB-DL H265 AAC 2Audio.mkv', 'The QUEEN of News S02E06 - 第 6 集 - 2160p WEB-DL H265 AAC 2Audio.mkv', 'The QUEEN of News S02E05 - 第 5 集 - 2160p WEB-DL H265 AAC 2Audio.mkv', 'The QUEEN of News S02E04 - 第 4 集 - 2160p WEB-DL H265 AAC 2Audio.mkv', 'The QUEEN of News S02E03 - 第 3 集 - 2160p WEB-DL H265 AAC 2Audio.mkv', 'The QUEEN of News S02E02 - 第 2 集 - 2160p WEB-DL H265 AAC 2Audio.mkv', 'The QUEEN of News S02E01 - 第 1 集 - 2160p WEB-DL H265 AAC 2Audio.mkv', 'The QUEEN of News S01E26 - 第 26 集 - 2160p WEB-DL HQ H265 10bit AAC.mp4', 'The QUEEN of News S01E25 - 第 25 集 - 2160p WEB-DL HQ H265 10bit AAC.mp4', 'The QUEEN of News S01E24 - 第 24 集 - 2160p WEB-DL HQ H265 10bit AAC.mp4', 'The QUEEN of News S01E23 - 第 23 集 - 2160p WEB-DL HQ H265 10bit AAC.mp4', 'The QUEEN of News S01E22 - 第 22 集 - 2160p WEB-DL HQ H265 10bit AAC.mp4', 'The QUEEN of News S01E21 - 第 21 集 - 2160p WEB-DL HQ H265 10bit AAC.mp4', 'The QUEEN of News S01E20 - 第 20 集 - 2160p WEB-DL HQ H265 10bit AAC.mp4', 'The QUEEN of News S01E19 - 第 19 集 - 2160p WEB-DL HQ H265 10bit AAC.mp4', 'The QUEEN of News S01E18 - 第 18 集 - 2160p WEB-DL HQ H265 10bit AAC.mp4', 'The QUEEN of News S01E17 - 第 17 集 - 2160p WEB-DL HQ H265 10bit AAC.mp4', 'The QUEEN of News S01E16 - 第 16 集 - 2160p WEB-DL HQ H265 10bit AAC.mp4', 'The QUEEN of News S01E15 - 第 15 集 - 2160p WEB-DL HQ H265 10bit AAC.mp4', 'The QUEEN of News S01E14 - 第 14 集 - 2160p WEB-DL HQ H265 10bit AAC.mp4', 'The QUEEN of News S01E13 - 第 13 集 - 2160p WEB-DL HQ H265 10bit AAC.mp4', 'The QUEEN of News S01E12 - 第 12 集 - 2160p WEB-DL HQ H265 10bit AAC.mp4', 'The QUEEN of News S01E11 - 第 11 集 - 2160p WEB-DL HQ H265 10bit AAC.mp4', 'The QUEEN of News S01E10 - 第 10 集 - 2160p WEB-DL HQ H265 10bit AAC.mp4', 'The QUEEN of News S01E09 - 第 9 集 - 2160p WEB-DL HQ H265 10bit AAC.mp4', 'The QUEEN of News S01E08 - 第 8 集 - 2160p WEB-DL HQ H265 10bit AAC.mp4', 'The QUEEN of News S01E07 - 第 7 集 - 2160p WEB-DL HQ H265 10bit AAC.mp4', 'The QUEEN of News S01E06 - 第 6 集 - 2160p WEB-DL HQ H265 10bit AAC.mp4', 'The QUEEN of News S01E05 - 第 5 集 - 2160p WEB-DL HQ H265 10bit AAC.mp4', 'The QUEEN of News S01E04 - 第 4 集 - 2160p WEB-DL HQ H265 10bit AAC.mp4', 'The QUEEN of News S01E03 - 第 3 集 - 2160p WEB-DL HQ H265 10bit AAC.mp4', 'The QUEEN of News S01E02 - 第 2 集 - 2160p WEB-DL HQ H265 10bit AAC.mp4', 'The QUEEN of News S01E01 - 第 1 集 - 2160p WEB-DL HQ H265 10bit AAC.mp4', 'season02-poster.jpg', 'season01-poster.jpg']
2025-11-21 14:15:06 [INFO] app.modules.filter.services.target_episode_filter_service:141 - 获取到目标剧集组合，来自链接：https://pan.quark.cn/s/e13c88c7a09c
2025-11-21 14:15:06 [WARNING] app.modules.filter.flow:110 - 新闻女王2 | https://pan.quark.cn/s/e13c88c7a09c 更新超出容忍范围,被跳过: 26 > 21 + 2
2025-11-21 14:15:07 [INFO] app.modules.filter.services.regex_target_link_filter:50 - 匹配成功: link_title="新闻女王 第二季 新闻女王2（2025）【4K.60fps】【国粤双语】【内封简中】【更20集】【剧情】【佘诗曼/黄宗泽】【附第一季】.描述：半年间，SNK剧变，总监余英飞离职、门外汉古肇华空降。张家妍虽掌权却难服众。刘艳的公开平台崛起，动摇传统媒体地位，连已入官场的许诗晴亦被卷入新旧媒体的角力。文慧心于此时复出，昭告世人：新闻女王的地位永远不可撼动！." movie_title_season="新闻女王2" pattern=".*新闻女王2[(（]20\d{2}[）)]"
2025-11-21 14:15:07 [INFO] app.modules.filter.services.target_episode_filter_service:137 - 开始处理链接：--- 新闻女王 第二季 新闻女王2（2025）【4K.60fps】【国粤双语】【内封简中】【更20集】【剧情】【佘诗曼/黄宗泽】【附第一季】.描述：半年间，SNK剧变，总监余英飞离职、门外汉古肇华空降。张家妍虽掌权却难服众。刘艳的公开平台崛起，动摇传统媒体地位，连已入官场的许诗晴亦被卷入新旧媒体的角力。文慧心于此时复出，昭告世人：新闻女王的地位永远不可撼动！. https://pan.quark.cn/s/5dd3198d9a4e
2025-11-21 14:15:07 [WARNING] app.modules.filter.services.regex_target_link_filter:58 - 未匹配: link_title="[4K][国粤双轨][内嵌简中][附第一季]（新闻女王2；第二季）新聞女王Ⅱ(2025)[更至20／25集]香港 剧情佘诗曼 黄宗泽 李施嬅 高海宁 王敏奕夸克网盘：" movie_title_season="新闻女王2" patterns=['^新闻女王2.*', '.*【新闻女王2】.*', '.*新闻女王2.*1080p.*', '.*新闻女王2.*S\\d{2}E\\d{2}', '.*《新闻女王2》.*', '.*「新闻女王2」.*', '.*[:：]新闻女王2.*', '.*新闻女王2[(（]20\\d{2}[）)]']
2025-11-21 14:15:07 [INFO] app.modules.filter.services.regex_target_link_filter:50 - 匹配成功: link_title="🗄 新闻女王/新闻女王2(2025)【更20集】【4K.普码】【国粤双语】【内嵌简中】【附第一季】" movie_title_season="新闻女王2" pattern=".*新闻女王2[(（]20\d{2}[）)]"
2025-11-21 14:15:07 [INFO] app.modules.filter.services.target_episode_filter_service:137 - 开始处理链接：--- 🗄 新闻女王/新闻女王2(2025)【更20集】【4K.普码】【国粤双语】【内嵌简中】【附第一季】 https://pan.baidu.com/s/1NaKehOngqlT5iBvENHI2rw?pwd=Yu66
2025-11-21 14:15:07 [INFO] app.modules.filter.services.regex_target_link_filter:50 - 匹配成功: link_title="资源标题：新闻女王2 (2025)剧情 国粤双语 4KHQ60FPS 更新21集资源描述：半年间，SNK剧变，总监余英飞离职、门外汉古肇华空降。张家妍虽掌权却难服众。刘艳的公开平台崛起，动摇传统媒体地位，连已入官场的许诗晴亦被卷入新旧媒体的角力。文慧心于此时复出，昭告世人：新闻女王的地位永远不可撼动！" movie_title_season="新闻女王2" pattern=".*[:：]新闻女王2.*"
2025-11-21 14:15:07 [INFO] app.modules.filter.services.target_episode_filter_service:137 - 开始处理链接：--- 资源标题：新闻女王2 (2025)剧情 国粤双语 4KHQ60FPS 更新21集资源描述：半年间，SNK剧变，总监余英飞离职、门外汉古肇华空降。张家妍虽掌权却难服众。刘艳的公开平台崛起，动摇传统媒体地位，连已入官场的许诗晴亦被卷入新旧媒体的角力。文慧心于此时复出，昭告世人：新闻女王的地位永远不可撼动！ https://pan.quark.cn/s/0e542c421618
2025-11-21 14:15:07 [INFO] app.modules.filter.services.target_episode_filter_service:128 - 最终选择 41 个文件来覆盖新剧集: ['X.W.N.W.2.2025.S02E20.2160p.HQ.60fps.WEB-DL.H265.10bit.HDR10.AAC-GyWEB.mp4', 'X.W.N.W.2.2025.S02E19.2160p.HQ.60fps.WEB-DL.H265.10bit.HDR10.AAC-GyWEB.mp4', 'X.W.N.W.2.2025.S02E18.2160p.HQ.60fps.WEB-DL.H265.10bit.HDR10.AAC-GyWEB.mp4', 'X.W.N.W.2.2025.S02E17.2160p.HQ.60fps.WEB-DL.H265.10bit.HDR10.AAC-GyWEB.mp4', 'X.W.N.W.2.2025.S02E16.2160p.HQ.60fps.WEB-DL.H265.10bit.HDR10.AAC-GyWEB.mp4', 'X.W.N.W.2.2025.S02E15.2160p.HQ.60fps.WEB-DL.H265.10bit.HDR10.AAC-GyWEB.mp4', 'X.W.N.W.2.2025.S02E14.2160p.HQ.60fps.WEB-DL.H265.10bit.HDR10.AAC-GyWEB.mp4', 'X.W.N.W.2.2025.S02E13.2160p.HQ.60fps.WEB-DL.H265.10bit.HDR10.AAC-GyWEB.mp4', 'X.W.N.W.2.2025.S02E12.2160p.HQ.60fps.WEB-DL.H265.10bit.HDR10.AAC-GyWEB.mp4', 'X.W.N.W.2.2025.S02E11.2160p.HQ.60fps.WEB-DL.H265.10bit.HDR10.AAC-GyWEB.mp4', 'X.W.N.W.2.2025.S02E10.2160p.HQ.60fps.WEB-DL.H265.10bit.HDR10.AAC-GyWEB.mp4', 'X.W.N.W.2.2025.S02E09.2160p.HQ.60fps.WEB-DL.H265.10bit.HDR10.AAC-GyWEB.mp4', 'X.W.N.W.2.2025.S02E08.2160p.HQ.60fps.WEB-DL.H265.10bit.HDR10.AAC-GyWEB.mp4', 'X.W.N.W.2.2025.S02E07.2160p.HQ.60fps.WEB-DL.H265.10bit.HDR10.AAC-GyWEB.mp4', 'X.W.N.W.2.2025.S02E06.2160p.HQ.60fps.WEB-DL.H265.10bit.HDR10.AAC-GyWEB.mp4', 'X.W.N.W.2.2025.S02E05.2160p.HQ.60fps.WEB-DL.H265.10bit.HDR10.AAC-GyWEB.mp4', 'X.W.N.W.2.2025.S02E04.2160p.HQ.60fps.WEB-DL.H265.10bit.HDR10.AAC-GyWEB.mp4', 'X.W.N.W.2.2025.S02E03.2160p.HQ.60fps.WEB-DL.H265.10bit.HDR10.AAC-GyWEB.mp4', 'X.W.N.W.2.2025.S02E02.2160p.HQ.60fps.WEB-DL.H265.10bit.HDR10.AAC-GyWEB.mp4', 'X.W.N.W.2.2025.S02E01.2160p.HQ.60fps.WEB-DL.H265.10bit.HDR10.AAC-GyWEB.mp4', 'X.W.N.W.2.2025.S02E21.2160p.60fps.WEB-DL.H265.10bit.AAC-GyWEB.mp4', 'X.W.N.W.2.2025.S02E20.2160p.60fps.WEB-DL.H265.10bit.AAC-GyWEB.mp4', 'X.W.N.W.2.2025.S02E19.2160p.60fps.WEB-DL.H265.10bit.AAC-GyWEB.mp4', 'X.W.N.W.2.2025.S02E18.2160p.60fps.WEB-DL.H265.10bit.AAC-GyWEB.mp4', 'X.W.N.W.2.2025.S02E17.2160p.60fps.WEB-DL.H265.10bit.AAC-GyWEB.mp4', 'X.W.N.W.2.2025.S02E16.2160p.60fps.WEB-DL.H265.10bit.AAC-GyWEB.mp4', 'X.W.N.W.2.2025.S02E15.2160p.60fps.WEB-DL.H265.10bit.AAC-GyWEB.mp4', 'X.W.N.W.2.2025.S02E14.2160p.60fps.WEB-DL.H265.10bit.AAC-GyWEB.mp4', 'X.W.N.W.2.2025.S02E13.2160p.60fps.WEB-DL.H265.10bit.AAC-GyWEB.mp4', 'X.W.N.W.2.2025.S02E12.2160p.60fps.WEB-DL.H265.10bit.AAC-GyWEB.mp4', 'X.W.N.W.2.2025.S02E11.2160p.60fps.WEB-DL.H265.10bit.AAC-GyWEB.mp4', 'X.W.N.W.2.2025.S02E10.2160p.60fps.WEB-DL.H265.10bit.AAC-GyWEB.mp4', 'X.W.N.W.2.2025.S02E09.2160p.60fps.WEB-DL.H265.10bit.AAC-GyWEB.mp4', 'X.W.N.W.2.2025.S02E08.2160p.60fps.WEB-DL.H265.10bit.AAC-GyWEB.mp4', 'X.W.N.W.2.2025.S02E07.2160p.60fps.WEB-DL.H265.10bit.AAC-GyWEB.mp4', 'X.W.N.W.2.2025.S02E06.2160p.60fps.WEB-DL.H265.10bit.AAC-GyWEB.mp4', 'X.W.N.W.2.2025.S02E05.2160p.60fps.WEB-DL.H265.10bit.AAC-GyWEB.mp4', 'X.W.N.W.2.2025.S02E04.2160p.60fps.WEB-DL.H265.10bit.AAC-GyWEB.mp4', 'X.W.N.W.2.2025.S02E03.2160p.60fps.WEB-DL.H265.10bit.AAC-GyWEB.mp4', 'X.W.N.W.2.2025.S02E02.2160p.60fps.WEB-DL.H265.10bit.AAC-GyWEB.mp4', 'X.W.N.W.2.2025.S02E01.2160p.60fps.WEB-DL.H265.10bit.AAC-GyWEB.mp4']
2025-11-21 14:15:07 [INFO] app.modules.filter.services.target_episode_filter_service:141 - 获取到目标剧集组合，来自链接：https://pan.quark.cn/s/0e542c421618
2025-11-21 14:15:07 [INFO] app.modules.filter.flow:116 - 新闻女王2 | https://pan.quark.cn/s/0e542c421618 已更新到最新剧集 21，选择该分享链接
2025-11-21 14:15:08 [WARNING] app.modules.storage_operations.services.quark_cloud_operator:86 - 未get到\资源分享\TV\China\2025\新闻女王2:list index out of range
2025-11-21 14:15:08 [WARNING] app.modules.storage_operations.services.quark_cloud_operator:86 - 未get到\资源分享\TV\China\2025\新闻女王2:list index out of range
2025-11-21 14:15:09 [INFO] app.modules.filter.services.target_episode_filter_service:128 - 最终选择 48 个文件来覆盖新剧集: ['The QUEEN of News S02E20 - 第 20 集 - 2160p WEB-DL H265 AAC 2Audio.mkv', 'The QUEEN of News S02E19 - 第 19 集 - 2160p WEB-DL H265 AAC 2Audio.mkv', 'The QUEEN of News S02E18 - 第 18 集 - 2160p WEB-DL H265 AAC 2Audio.mkv', 'The QUEEN of News S02E17 - 第 17 集 - 2160p WEB-DL H265 AAC 2Audio.mkv', 'The QUEEN of News S02E16 - 第 16 集 - 2160p WEB-DL H265 AAC 2Audio.mkv', 'The QUEEN of News S02E15 - 第 15 集 - 2160p WEB-DL H265 AAC 2Audio.mkv', 'The QUEEN of News S02E14 - 第 14 集 - 2160p WEB-DL H265 AAC 2Audio.mkv', 'The QUEEN of News S02E13 - 第 13 集 - 2160p WEB-DL H265 AAC 2Audio.mkv', 'The QUEEN of News S02E12 - 第 12 集 - 2160p WEB-DL H265 AAC 2Audio.mkv', 'The QUEEN of News S02E11 - 第 11 集 - 2160p WEB-DL H265 AAC 2Audio.mkv', 'The QUEEN of News S02E10 - 第 10 集 - 2160p WEB-DL H265 AAC 2Audio.mkv', 'The QUEEN of News S02E09 - 第 9 集 - 2160p WEB-DL H265 AAC 2Audio.mkv', 'The QUEEN of News S02E08 - 第 8 集 - 2160p WEB-DL H265 AAC 2Audio.mkv', 'The QUEEN of News S02E07 - 第 7 集 - 2160p WEB-DL H265 AAC 2Audio.mkv', 'The QUEEN of News S02E06 - 第 6 集 - 2160p WEB-DL H265 AAC 2Audio.mkv', 'The QUEEN of News S02E05 - 第 5 集 - 2160p WEB-DL H265 AAC 2Audio.mkv', 'The QUEEN of News S02E04 - 第 4 集 - 2160p WEB-DL H265 AAC 2Audio.mkv', 'The QUEEN of News S02E03 - 第 3 集 - 2160p WEB-DL H265 AAC 2Audio.mkv', 'The QUEEN of News S02E02 - 第 2 集 - 2160p WEB-DL H265 AAC 2Audio.mkv', 'The QUEEN of News S02E01 - 第 1 集 - 2160p WEB-DL H265 AAC 2Audio.mkv', 'The QUEEN of News S01E26 - 第 26 集 - 2160p WEB-DL HQ H265 10bit AAC.mp4', 'The QUEEN of News S01E25 - 第 25 集 - 2160p WEB-DL HQ H265 10bit AAC.mp4', 'The QUEEN of News S01E24 - 第 24 集 - 2160p WEB-DL HQ H265 10bit AAC.mp4', 'The QUEEN of News S01E23 - 第 23 集 - 2160p WEB-DL HQ H265 10bit AAC.mp4', 'The QUEEN of News S01E22 - 第 22 集 - 2160p WEB-DL HQ H265 10bit AAC.mp4', 'The QUEEN of News S01E21 - 第 21 集 - 2160p WEB-DL HQ H265 10bit AAC.mp4', 'The QUEEN of News S01E20 - 第 20 集 - 2160p WEB-DL HQ H265 10bit AAC.mp4', 'The QUEEN of News S01E19 - 第 19 集 - 2160p WEB-DL HQ H265 10bit AAC.mp4', 'The QUEEN of News S01E18 - 第 18 集 - 2160p WEB-DL HQ H265 10bit AAC.mp4', 'The QUEEN of News S01E17 - 第 17 集 - 2160p WEB-DL HQ H265 10bit AAC.mp4', 'The QUEEN of News S01E16 - 第 16 集 - 2160p WEB-DL HQ H265 10bit AAC.mp4', 'The QUEEN of News S01E15 - 第 15 集 - 2160p WEB-DL HQ H265 10bit AAC.mp4', 'The QUEEN of News S01E14 - 第 14 集 - 2160p WEB-DL HQ H265 10bit AAC.mp4', 'The QUEEN of News S01E13 - 第 13 集 - 2160p WEB-DL HQ H265 10bit AAC.mp4', 'The QUEEN of News S01E12 - 第 12 集 - 2160p WEB-DL HQ H265 10bit AAC.mp4', 'The QUEEN of News S01E11 - 第 11 集 - 2160p WEB-DL HQ H265 10bit AAC.mp4', 'The QUEEN of News S01E10 - 第 10 集 - 2160p WEB-DL HQ H265 10bit AAC.mp4', 'The QUEEN of News S01E09 - 第 9 集 - 2160p WEB-DL HQ H265 10bit AAC.mp4', 'The QUEEN of News S01E08 - 第 8 集 - 2160p WEB-DL HQ H265 10bit AAC.mp4', 'The QUEEN of News S01E07 - 第 7 集 - 2160p WEB-DL HQ H265 10bit AAC.mp4', 'The QUEEN of News S01E06 - 第 6 集 - 2160p WEB-DL HQ H265 10bit AAC.mp4', 'The QUEEN of News S01E05 - 第 5 集 - 2160p WEB-DL HQ H265 10bit AAC.mp4', 'The QUEEN of News S01E04 - 第 4 集 - 2160p WEB-DL HQ H265 10bit AAC.mp4', 'The QUEEN of News S01E03 - 第 3 集 - 2160p WEB-DL HQ H265 10bit AAC.mp4', 'The QUEEN of News S01E02 - 第 2 集 - 2160p WEB-DL HQ H265 10bit AAC.mp4', 'The QUEEN of News S01E01 - 第 1 集 - 2160p WEB-DL HQ H265 10bit AAC.mp4', 'season02-poster.jpg', 'season01-poster.jpg']
2025-11-21 14:15:09 [INFO] app.modules.filter.services.target_episode_filter_service:141 - 获取到目标剧集组合，来自链接：https://pan.baidu.com/s/1NaKehOngqlT5iBvENHI2rw?pwd=Yu66
2025-11-21 14:15:09 [WARNING] app.modules.filter.flow:110 - 新闻女王2 | https://pan.baidu.com/s/1NaKehOngqlT5iBvENHI2rw?pwd=Yu66 更新超出容忍范围,被跳过: 26 > 21 + 2
2025-11-21 14:15:10 [WARNING] app.modules.filter.services.regex_target_link_filter:58 - 未匹配: link_title="🗄 新闻女王2 ｜ 新闻女王 第二.季 (2025) 【更20集】【4K.普码&杜比视界双版本】【国粤双语】【 佘诗曼/黄宗泽】【剧情/悬疑】【附第一季】" movie_title_season="新闻女王2" patterns=['^新闻女王2.*', '.*【新闻女王2】.*', '.*新闻女王2.*1080p.*', '.*新闻女王2.*S\\d{2}E\\d{2}', '.*《新闻女王2》.*', '.*「新闻女王2」.*', '.*[:：]新闻女王2.*', '.*新闻女王2[(（]20\\d{2}[）)]']
2025-11-21 14:15:11 [INFO] app.modules.filter.services.regex_target_link_filter:50 - 匹配成功: link_title="新闻女王2 新聞女王Ⅱ /新闻女王 第二季(2025) 【佘诗曼/黄宗泽/剧情】【4K国粤双语 更新EP20】【附第一季】描述：　又名: 新闻女王 第二季 / 新闻女王 续篇 / The Queen of NEWS Ⅱ 　半年间，SNK剧变，总监余英飞离职、门外汉古肇华空降。张家妍虽掌权却难服众。刘艳的公开平台崛起，动摇传统媒体地位，连已入官场的许诗晴亦被卷入新旧媒体的角力。文慧心于此时复出，昭告世人：新闻女王的地位永远不可撼动！" movie_title_season="新闻女王2" pattern="^新闻女王2.*"
2025-11-21 14:15:11 [INFO] app.modules.filter.services.target_episode_filter_service:137 - 开始处理链接：--- 新闻女王2 新聞女王Ⅱ /新闻女王 第二季(2025) 【佘诗曼/黄宗泽/剧情】【4K国粤双语 更新EP20】【附第一季】描述：　又名: 新闻女王 第二季 / 新闻女王 续篇 / The Queen of NEWS Ⅱ 　半年间，SNK剧变，总监余英飞离职、门外汉古肇华空降。张家妍虽掌权却难服众。刘艳的公开平台崛起，动摇传统媒体地位，连已入官场的许诗晴亦被卷入新旧媒体的角力。文慧心于此时复出，昭告世人：新闻女王的地位永远不可撼动！ https://pan.baidu.com/s/1Vcdm__K4NEgXQpU-4Xhj5A?pwd=8888
2025-11-21 14:15:11 [INFO] app.modules.storage_operations.services.save_episodes_to_cloud:76 -  Saving 21 episodes to 4295quark \资源分享\TV\China\2025\新闻女王2
2025-11-21 14:15:11 [INFO] app.modules.storage_operations.services.save_episodes_to_cloud:76 -  Saving 21 episodes to 7505quark \资源分享\TV\China\2025\新闻女王2
2025-11-21 14:15:12 [INFO] app.modules.filter.services.regex_target_link_filter:50 - 匹配成功: link_title="新闻女王2 新聞女王Ⅱ (2025) [WEB-4K] [国粤双语] [内嵌简中] [更至20集]" movie_title_season="新闻女王2" pattern="^新闻女王2.*"
2025-11-21 14:15:12 [INFO] app.modules.filter.services.target_episode_filter_service:137 - 开始处理链接：--- 新闻女王2 新聞女王Ⅱ (2025) [WEB-4K] [国粤双语] [内嵌简中] [更至20集] https://pan.baidu.com/s/16DhKxxMY51_SOWgdkw6z3Q?pwd=1111
2025-11-21 14:15:13 [INFO] app.modules.filter.services.target_episode_filter_service:128 - 最终选择 20 个文件来覆盖新剧集: ['XWNWSSM2-20.mkv', 'XWNWSSM2-19.mkv', 'XWNWSSM2-18.mkv', 'XWNWSSM2-17.mkv', 'XWNWSSM2-16.mkv', 'XWNWSSM2-15.mkv', 'XWNWSSM2-14.mkv', 'XWNWSSM2-13.mkv', 'XWNWSSM2-12.mkv', 'XWNWSSM2-11.mkv', 'XWNWSSM2-10.mkv', 'XWNWSSM2-09.mkv', 'XWNWSSM2-08.mkv', 'XWNWSSM2-07.mkv', 'XWNWSSM2-06.mkv', 'XWNWSSM2-05.mkv', 'XWNWSSM2-04.mkv', 'XWNWSSM2-03.mkv', 'XWNWSSM2-02.mkv', 'XWNWSSM2-01.mkv']
2025-11-21 14:15:13 [INFO] app.modules.filter.services.target_episode_filter_service:141 - 获取到目标剧集组合，来自链接：https://pan.baidu.com/s/16DhKxxMY51_SOWgdkw6z3Q?pwd=1111
2025-11-21 14:15:13 [INFO] app.modules.filter.flow:128 - 新闻女王2 | https://pan.baidu.com/s/16DhKxxMY51_SOWgdkw6z3Q?pwd=1111 作为备选（更新至 20/21）
2025-11-21 14:15:14 [INFO] app.modules.filter.services.regex_target_link_filter:50 - 匹配成功: link_title="新闻女王2 / 新闻女王 第二季 (2025) 4K HQ DV 60FPS 高码率 [SDR.60fps] [国粤双语] [更新20集]" movie_title_season="新闻女王2" pattern="^新闻女王2.*"
2025-11-21 14:15:14 [INFO] app.modules.filter.services.target_episode_filter_service:137 - 开始处理链接：--- 新闻女王2 / 新闻女王 第二季 (2025) 4K HQ DV 60FPS 高码率 [SDR.60fps] [国粤双语] [更新20集] https://pan.baidu.com/s/15y6XJHJ7OvJWtp66ezeefA?pwd=2kp3
2025-11-21 14:15:15 [INFO] app.modules.storage_operations.services.save_episodes_to_cloud:84 - ✅ Saved 21 episodes to 4295quark \资源分享\TV\China\2025\新闻女王2
2025-11-21 14:15:15 [INFO] app.modules.storage_operations.services.save_episodes_to_cloud:84 - ✅ Saved 21 episodes to 7505quark \资源分享\TV\China\2025\新闻女王2
2025-11-21 14:15:16 [INFO] app.modules.filter.services.target_episode_filter_service:128 - 最终选择 25 个文件来覆盖新剧集: ['S02E20.2160p.HQ.WEB-DL.DV.60fps.H.265.10bit.AAC.2Audios.mkv', 'S02E19.2160p.HQ.WEB-DL.DV.60fps.H.265.10bit.AAC.2Audios.mkv', 'S02E18.2160p.HQ.WEB-DL.DV.60fps.H.265.10bit.AAC.2Audios.mkv', 'S02E17.2160p.HQ.WEB-DL.DV.60fps.H.265.10bit.AAC.2Audios.mkv', 'S02E16.2160p.HQ.WEB-DL.DV.60fps.H.265.10bit.AAC.2Audios.mkv', 'S02E20.2025.2160p.60fps.WEB-DL.H.265.10bit.AAC.2Audios.mp4', 'S02E19.2025.2160p.60fps.WEB-DL.H.265.10bit.AAC.2Audios.mp4', 'S02E18.2025.2160p.60fps.WEB-DL.H.265.10bit.AAC.2Audios.mp4', 'S02E17.2025.2160p.60fps.WEB-DL.H.265.10bit.AAC.2Audios.mp4', 'S02E16.2025.2160p.60fps.WEB-DL.H.265.10bit.AAC.2Audios.mp4', 'S02E15.2025.2160p.60fps.WEB-DL.H.265.10bit.AAC.2Audios.mp4', 'S02E14.2025.2160p.60fps.WEB-DL.H.265.10bit.AAC.2Audios.mp4', 'S02E13.2025.2160p.60fps.WEB-DL.H.265.10bit.AAC.2Audios.mp4', 'S02E12.2025.2160p.60fps.WEB-DL.H.265.10bit.AAC.2Audios.mp4', 'S02E11.2025.2160p.60fps.WEB-DL.H.265.10bit.AAC.2Audios.mp4', 'S02E10.2025.2160p.60fps.WEB-DL.H.265.10bit.AAC.2Audios.mp4', 'S02E09.2025.2160p.60fps.WEB-DL.H.265.10bit.AAC.2Audios.mp4', 'S02E08.2025.2160p.60fps.WEB-DL.H.265.10bit.AAC.2Audios.mp4', 'S02E07.2025.2160p.60fps.WEB-DL.H.265.10bit.AAC.2Audios.mp4', 'S02E06.2025.2160p.60fps.WEB-DL.H.265.10bit.AAC.2Audios.mp4', 'S02E05.2025.2160p.60fps.WEB-DL.H.265.10bit.AAC.2Audios.mp4', 'S02E04.2025.2160p.60fps.WEB-DL.H.265.10bit.AAC.2Audios.mp4', 'S02E03.2025.2160p.60fps.WEB-DL.H.265.10bit.AAC.2Audios.mp4', 'S02E02.2025.2160p.60fps.WEB-DL.H.265.10bit.AAC.2Audios.mp4', 'S02E01.2025.2160p.60fps.WEB-DL.H.265.10bit.AAC.2Audios.mp4']
2025-11-21 14:15:16 [INFO] app.modules.filter.services.target_episode_filter_service:141 - 获取到目标剧集组合，来自链接：https://pan.baidu.com/s/15y6XJHJ7OvJWtp66ezeefA?pwd=2kp3
2025-11-21 14:15:16 [INFO] app.modules.filter.flow:138 - 新闻女王2 | https://pan.baidu.com/s/15y6XJHJ7OvJWtp66ezeefA?pwd=2kp3 跳过（更新至 20，比备选https://pan.baidu.com/s/16DhKxxMY51_SOWgdkw6z3Q?pwd=1111 | 20 更少）
2025-11-21 14:15:16 [INFO] app.modules.filter.services.regex_target_link_filter:50 - 匹配成功: link_title="新闻女王2 更新至21集 4K SDR 60帧 高码率" movie_title_season="新闻女王2" pattern="^新闻女王2.*"
2025-11-21 14:15:16 [INFO] app.modules.filter.services.target_episode_filter_service:137 - 开始处理链接：--- 新闻女王2 更新至21集 4K SDR 60帧 高码率 https://pan.baidu.com/s/1eVAyoS6DVjaKO0Ng_XrO-A?pwd=4v7b
2025-11-21 14:15:17 [INFO] app.modules.filter.services.target_episode_filter_service:128 - 最终选择 20 个文件来覆盖新剧集: ['The.Queen.of.NEWS.S02E20.2025.2160p.HQ.WEB-DL.60fps.H.265.AAC.2Audio.mp4', 'The.Queen.of.NEWS.S02E19.2025.2160p.HQ.WEB-DL.60fps.H.265.AAC.2Audio.mp4', 'The.Queen.of.NEWS.S02E18.2025.2160p.HQ.WEB-DL.60fps.H.265.AAC.2Audio.mp4', 'The.Queen.of.NEWS.S02E17.2025.2160p.HQ.WEB-DL.60fps.H.265.AAC.2Audio.mp4', 'The.Queen.of.NEWS.S02E16.2025.2160p.HQ.WEB-DL.60fps.H.265.AAC.2Audio.mp4', 'The.Queen.of.NEWS.S02E15.2025.2160p.HQ.WEB-DL.60fps.H.265.AAC.2Audio.mp4', 'The.Queen.of.NEWS.S02E14.2025.2160p.HQ.WEB-DL.60fps.H.265.AAC.2Audio.mp4', 'The.Queen.of.NEWS.S02E13.2025.2160p.HQ.WEB-DL.60fps.H.265.AAC.2Audio.mp4', 'The.Queen.of.NEWS.S02E12.2025.2160p.HQ.WEB-DL.60fps.H.265.AAC.2Audio.mp4', 'The.Queen.of.NEWS.S02E11.2025.2160p.HQ.WEB-DL.60fps.H.265.AAC.2Audio.mp4', 'The.Queen.of.NEWS.S02E10.2025.2160p.HQ.WEB-DL.60fps.H.265.AAC.2Audio.mp4', 'The.Queen.of.NEWS.S02E09.2025.2160p.HQ.WEB-DL.60fps.H.265.AAC.2Audio.mp4', 'The.Queen.of.NEWS.S02E08.2025.2160p.HQ.WEB-DL.60fps.H.265.AAC.2Audio.mp4', 'The.Queen.of.NEWS.S02E07.2025.2160p.HQ.WEB-DL.60fps.H.265.AAC.2Audio.mp4', 'The.Queen.of.NEWS.S02E06.2025.2160p.HQ.WEB-DL.60fps.H.265.AAC.2Audio.mp4', 'The.Queen.of.NEWS.S02E05.2025.2160p.HQ.WEB-DL.60fps.H.265.AAC.2Audio.mp4', 'The.Queen.of.NEWS.S02E04.2025.2160p.HQ.WEB-DL.60fps.H.265.AAC.2Audio.mp4', 'The.Queen.of.NEWS.S02E03.2025.2160p.HQ.WEB-DL.60fps.H.265.AAC.2Audio.mp4', 'The.Queen.of.NEWS.S02E02.2025.2160p.HQ.WEB-DL.60fps.H.265.AAC.2Audio.mp4', 'The.Queen.of.NEWS.S02E01.2025.2160p.HQ.WEB-DL.60fps.H.265.AAC.2Audio.mp4']
2025-11-21 14:15:17 [INFO] app.modules.filter.services.target_episode_filter_service:141 - 获取到目标剧集组合，来自链接：https://pan.baidu.com/s/1eVAyoS6DVjaKO0Ng_XrO-A?pwd=4v7b
2025-11-21 14:15:17 [INFO] app.modules.filter.flow:138 - 新闻女王2 | https://pan.baidu.com/s/1eVAyoS6DVjaKO0Ng_XrO-A?pwd=4v7b 跳过（更新至 20，比备选https://pan.baidu.com/s/16DhKxxMY51_SOWgdkw6z3Q?pwd=1111 | 20 更少）
2025-11-21 14:15:18 [INFO] app.modules.filter.services.regex_target_link_filter:50 - 匹配成功: link_title="新闻女王2 / 新闻女王 第二季 (2025) 4K SDR 60帧 国粤双语【更新EP20】" movie_title_season="新闻女王2" pattern="^新闻女王2.*"
2025-11-21 14:15:18 [INFO] app.modules.filter.services.target_episode_filter_service:137 - 开始处理链接：--- 新闻女王2 / 新闻女王 第二季 (2025) 4K SDR 60帧 国粤双语【更新EP20】 https://pan.baidu.com/s/1fUg32YaLBafMwPYeCmIB7g?pwd=yyds
2025-11-21 14:15:19 [INFO] app.modules.storage_operations.services.save_episodes_to_cloud:120 - ✅7505quark | 成功重命名 S02E21.4K.60FPS.WEB-DL.X265.AAC.mp4 -> S02E21.4K.60FPS.WEB-DL.X265.AAC.mp4
2025-11-21 14:15:19 [INFO] app.modules.storage_operations.services.save_episodes_to_cloud:120 - ✅4295quark | 成功重命名 S02E21.4K.60FPS.WEB-DL.X265.AAC.mp4 -> S02E21.4K.60FPS.WEB-DL.X265.AAC.mp4
2025-11-21 14:15:19 [INFO] app.modules.filter.services.target_episode_filter_service:128 - 最终选择 46 个文件来覆盖新剧集: ['S01E26.mp4', 'S01E25.mp4', 'S01E24.mp4', 'S01E23.mp4', 'S01E22.mp4', 'S01E21.mp4', 'S01E20.mp4', 'S01E19.mp4', 'S01E18.mp4', 'S01E17.mp4', 'S01E16.mp4', 'S01E15.mp4', 'S01E14.mp4', 'S01E13.mp4', 'S01E12.mp4', 'S01E11.mp4', 'S01E10.mp4', 'S01E09.mp4', 'S01E08.mp4', 'S01E07.mp4', 'S01E06.mp4', 'S01E05.mp4', 'S01E04.mp4', 'S01E03.mp4', 'S01E02.mp4', 'S01E01.mp4', 'S02E08.2025.2160p.WEB-DL.AAC.H.265.mkv', 'S02E07.2025.2160p.WEB-DL.AAC.H.265.mkv', 'S01E20.2025.2160p.60fps.WEB-DL.H265.AAC.2Audios.mkv', 'S01E19.2025.2160p.60fps.WEB-DL.H265.AAC.2Audio.mp4', 'S01E18.2025.2160p.60fps.WEB-DL.H265.AAC.2Audio.mkv', 'S01E17.2025.2160p.60fps.WEB-DL.H265.AAC.2Audios.mp4', 'S01E16.2025.2160p.60fps.WEB-DL.H265.AAC.2Audios.mp4', 'S01E15.2025.2160p.60fps.WEB-DL.H265.AAC.2Audios.mp4', 'S01E14.2025.2160p.60fps.WEB-DL.H265.AAC.2Audios.mkv', 'S01E13.2025.2160p.60fps.WEB-DL.H265.AAC.2Audios.mkv', 'S01E12.2025.2160p.60fps.WEB-DL.H265.AAC.2Audios.mkv', 'S01E11.2025.2160p.60fps.WEB-DL.H265.AAC.2Audios.mkv', 'S01E10.2025.2160p.60fps.WEB-DL.H265.AAC.2Audios.mkv', 'S01E09.2025.2160p.60fps.WEB-DL.H265.AAC.2Audios.mkv', 'S01E06.2025.2160p.60fps.WEB-DL.H265.AAC.2Audios.mkv', 'S01E05.2025.2160p.60fps.WEB-DL.H265.AAC.2Audios.mkv', 'S01E04.2025.2160p.60fps.WEB-DL.H265.AAC.2Audios.mkv', 'S01E03.2025.2160p.60fps.WEB-DL.H265.AAC.2Audios.mkv', 'S01E02.2025.2160p.60fps.WEB-DL.H265.AAC.2Audios.mkv', 'S01E01.2025.2160p.60fps.WEB-DL.H265.AAC.2Audios.mkv']
2025-11-21 14:15:19 [INFO] app.modules.filter.services.target_episode_filter_service:141 - 获取到目标剧集组合，来自链接：https://pan.baidu.com/s/1fUg32YaLBafMwPYeCmIB7g?pwd=yyds
2025-11-21 14:15:19 [WARNING] app.modules.filter.flow:110 - 新闻女王2 | https://pan.baidu.com/s/1fUg32YaLBafMwPYeCmIB7g?pwd=yyds 更新超出容忍范围,被跳过: 26 > 21 + 2
2025-11-21 14:15:20 [INFO] app.modules.filter.services.regex_target_link_filter:50 - 匹配成功: link_title="资源标题：新闻女王2 (2025)剧情 国粤双语 4KHQ60FPS 更新21集" movie_title_season="新闻女王2" pattern=".*[:：]新闻女王2.*"
2025-11-21 14:15:20 [INFO] app.modules.filter.services.target_episode_filter_service:137 - 开始处理链接：--- 资源标题：新闻女王2 (2025)剧情 国粤双语 4KHQ60FPS 更新21集 https://pan.baidu.com/s/1d5zYW2SDKECR_3AYZ70JWA?pwd=6666
2025-11-21 14:15:20 [INFO] app.modules.storage_operations.services.quark_cloud_operator:164 - ✅创建分享链接：https://pan.quark.cn/s/767f476abe74
2025-11-21 14:15:20 [INFO] app.modules.storage_operations.services.quark_cloud_operator:164 - ✅创建分享链接：https://pan.quark.cn/s/231c0745b146
2025-11-21 14:15:21 [INFO] app.modules.storage_operations.services.save_episodes_to_cloud:120 - ✅7505quark | 成功重命名 S02E20.4K.60FPS.HDR10.WEB-DL.X265.AAC.mp4 -> S02E20.4K.60FPS.HDR10.WEB-DL.X265.AAC.mp4
2025-11-21 14:15:21 [INFO] app.modules.filter.services.target_episode_filter_service:128 - 最终选择 41 个文件来覆盖新剧集: ['X.W.N.W.2.2025.S02E20.2160p.HQ.60fps.WEB-DL.H265.10bit.HDR10.AAC-GyWEB.mp4', 'X.W.N.W.2.2025.S02E19.2160p.HQ.60fps.WEB-DL.H265.10bit.HDR10.AAC-GyWEB.mp4', 'X.W.N.W.2.2025.S02E18.2160p.HQ.60fps.WEB-DL.H265.10bit.HDR10.AAC-GyWEB.mp4', 'X.W.N.W.2.2025.S02E17.2160p.HQ.60fps.WEB-DL.H265.10bit.HDR10.AAC-GyWEB.mp4', 'X.W.N.W.2.2025.S02E16.2160p.HQ.60fps.WEB-DL.H265.10bit.HDR10.AAC-GyWEB.mp4', 'X.W.N.W.2.2025.S02E15.2160p.HQ.60fps.WEB-DL.H265.10bit.HDR10.AAC-GyWEB.mp4', 'X.W.N.W.2.2025.S02E14.2160p.HQ.60fps.WEB-DL.H265.10bit.HDR10.AAC-GyWEB.mp4', 'X.W.N.W.2.2025.S02E13.2160p.HQ.60fps.WEB-DL.H265.10bit.HDR10.AAC-GyWEB.mp4', 'X.W.N.W.2.2025.S02E12.2160p.HQ.60fps.WEB-DL.H265.10bit.HDR10.AAC-GyWEB.mp4', 'X.W.N.W.2.2025.S02E11.2160p.HQ.60fps.WEB-DL.H265.10bit.HDR10.AAC-GyWEB.mp4', 'X.W.N.W.2.2025.S02E10.2160p.HQ.60fps.WEB-DL.H265.10bit.HDR10.AAC-GyWEB.mp4', 'X.W.N.W.2.2025.S02E09.2160p.HQ.60fps.WEB-DL.H265.10bit.HDR10.AAC-GyWEB.mp4', 'X.W.N.W.2.2025.S02E08.2160p.HQ.60fps.WEB-DL.H265.10bit.HDR10.AAC-GyWEB.mp4', 'X.W.N.W.2.2025.S02E07.2160p.HQ.60fps.WEB-DL.H265.10bit.HDR10.AAC-GyWEB.mp4', 'X.W.N.W.2.2025.S02E06.2160p.HQ.60fps.WEB-DL.H265.10bit.HDR10.AAC-GyWEB.mp4', 'X.W.N.W.2.2025.S02E05.2160p.HQ.60fps.WEB-DL.H265.10bit.HDR10.AAC-GyWEB.mp4', 'X.W.N.W.2.2025.S02E04.2160p.HQ.60fps.WEB-DL.H265.10bit.HDR10.AAC-GyWEB.mp4', 'X.W.N.W.2.2025.S02E03.2160p.HQ.60fps.WEB-DL.H265.10bit.HDR10.AAC-GyWEB.mp4', 'X.W.N.W.2.2025.S02E02.2160p.HQ.60fps.WEB-DL.H265.10bit.HDR10.AAC-GyWEB.mp4', 'X.W.N.W.2.2025.S02E01.2160p.HQ.60fps.WEB-DL.H265.10bit.HDR10.AAC-GyWEB.mp4', 'X.W.N.W.2.2025.S02E21.2160p.60fps.WEB-DL.H265.10bit.AAC-GyWEB.mp4', 'X.W.N.W.2.2025.S02E20.2160p.60fps.WEB-DL.H265.10bit.AAC-GyWEB.mp4', 'X.W.N.W.2.2025.S02E19.2160p.60fps.WEB-DL.H265.10bit.AAC-GyWEB.mp4', 'X.W.N.W.2.2025.S02E18.2160p.60fps.WEB-DL.H265.10bit.AAC-GyWEB.mp4', 'X.W.N.W.2.2025.S02E17.2160p.60fps.WEB-DL.H265.10bit.AAC-GyWEB.mp4', 'X.W.N.W.2.2025.S02E16.2160p.60fps.WEB-DL.H265.10bit.AAC-GyWEB.mp4', 'X.W.N.W.2.2025.S02E15.2160p.60fps.WEB-DL.H265.10bit.AAC-GyWEB.mp4', 'X.W.N.W.2.2025.S02E14.2160p.60fps.WEB-DL.H265.10bit.AAC-GyWEB.mp4', 'X.W.N.W.2.2025.S02E13.2160p.60fps.WEB-DL.H265.10bit.AAC-GyWEB.mp4', 'X.W.N.W.2.2025.S02E12.2160p.60fps.WEB-DL.H265.10bit.AAC-GyWEB.mp4', 'X.W.N.W.2.2025.S02E11.2160p.60fps.WEB-DL.H265.10bit.AAC-GyWEB.mp4', 'X.W.N.W.2.2025.S02E10.2160p.60fps.WEB-DL.H265.10bit.AAC-GyWEB.mp4', 'X.W.N.W.2.2025.S02E09.2160p.60fps.WEB-DL.H265.10bit.AAC-GyWEB.mp4', 'X.W.N.W.2.2025.S02E08.2160p.60fps.WEB-DL.H265.10bit.AAC-GyWEB.mp4', 'X.W.N.W.2.2025.S02E07.2160p.60fps.WEB-DL.H265.10bit.AAC-GyWEB.mp4', 'X.W.N.W.2.2025.S02E06.2160p.60fps.WEB-DL.H265.10bit.AAC-GyWEB.mp4', 'X.W.N.W.2.2025.S02E05.2160p.60fps.WEB-DL.H265.10bit.AAC-GyWEB.mp4', 'X.W.N.W.2.2025.S02E04.2160p.60fps.WEB-DL.H265.10bit.AAC-GyWEB.mp4', 'X.W.N.W.2.2025.S02E03.2160p.60fps.WEB-DL.H265.10bit.AAC-GyWEB.mp4', 'X.W.N.W.2.2025.S02E02.2160p.60fps.WEB-DL.H265.10bit.AAC-GyWEB.mp4', 'X.W.N.W.2.2025.S02E01.2160p.60fps.WEB-DL.H265.10bit.AAC-GyWEB.mp4']
2025-11-21 14:15:21 [INFO] app.modules.filter.services.target_episode_filter_service:141 - 获取到目标剧集组合，来自链接：https://pan.baidu.com/s/1d5zYW2SDKECR_3AYZ70JWA?pwd=6666
2025-11-21 14:15:21 [INFO] app.modules.filter.flow:116 - 新闻女王2 | https://pan.baidu.com/s/1d5zYW2SDKECR_3AYZ70JWA?pwd=6666 已更新到最新剧集 21，选择该分享链接
2025-11-21 14:15:21 [INFO] app.modules.storage_operations.services.save_episodes_to_cloud:120 - ✅4295quark | 成功重命名 S02E20.4K.60FPS.HDR10.WEB-DL.X265.AAC.mp4 -> S02E20.4K.60FPS.HDR10.WEB-DL.X265.AAC.mp4
2025-11-21 14:15:22 [WARNING] app.modules.storage_operations.services.baidu_cloud_operator:130 - 未get到\资源分享\TV\China\2025\新闻女王2:'NoneType' object is not subscriptable
2025-11-21 14:15:22 [INFO] app.modules.storage_operations.services.save_episodes_to_cloud:120 - ✅4295quark | 成功重命名 S02E19.4K.60FPS.HDR10.WEB-DL.X265.AAC.mp4 -> S02E19.4K.60FPS.HDR10.WEB-DL.X265.AAC.mp4
2025-11-21 14:15:22 [INFO] telethon.client.updates:443 - Got difference for channel 1850014529 updates
2025-11-21 14:15:23 [INFO] telethon.client.updates:443 - Got difference for channel 1688099294 updates
2025-11-21 14:15:23 [INFO] telethon.client.updates:443 - Got difference for channel 2193554291 updates
2025-11-21 14:15:23 [INFO] app.modules.storage_operations.services.save_episodes_to_cloud:120 - ✅4295quark | 成功重命名 S02E18.4K.60FPS.HDR10.WEB-DL.X265.AAC.mp4 -> S02E18.4K.60FPS.HDR10.WEB-DL.X265.AAC.mp4
2025-11-21 14:15:24 [INFO] app.modules.storage_operations.services.save_episodes_to_cloud:120 - ✅4295quark | 成功重命名 S02E17.4K.60FPS.HDR10.WEB-DL.X265.AAC.mp4 -> S02E17.4K.60FPS.HDR10.WEB-DL.X265.AAC.mp4
2025-11-21 14:15:24 [INFO] app.modules.storage_operations.services.save_episodes_to_cloud:76 -  Saving 21 episodes to 4295baidu \资源分享\TV\China\2025\新闻女王2
2025-11-21 14:15:25 [INFO] app.modules.storage_operations.services.save_episodes_to_cloud:120 - ✅4295quark | 成功重命名 S02E16.4K.60FPS.HDR10.WEB-DL.X265.AAC.mp4 -> S02E16.4K.60FPS.HDR10.WEB-DL.X265.AAC.mp4
2025-11-21 14:15:26 [INFO] app.modules.storage_operations.services.save_episodes_to_cloud:120 - ✅4295quark | 成功重命名 S02E15.4K.60FPS.HDR10.WEB-DL.X265.AAC.mp4 -> S02E15.4K.60FPS.HDR10.WEB-DL.X265.AAC.mp4
2025-11-21 14:15:27 [ERROR] app.modules.storage_operations.services.save_episodes_to_cloud:91 - ❌ Save error 21 episodes to 4295baidu \资源分享\TV\China\2025\新闻女王2 : 百度转存失败|/资源分享/TV/China/2025/新闻女王2 https://pan.baidu.com/s/1d5zYW2SDKECR_3AYZ70JWA?pwd=6666：{'errno': 12, 'info': [{'errno': -32, 'path': '/X.W.N.W.2.2025.S02E14.2160p.HQ.60fps.WEB-DL.H265.10bit.HDR10.AAC-GyWEB.mp4'}, {'errno': -32, 'path': '/X.W.N.W.2.2025.S02E21.2160p.60fps.WEB-DL.H265.10bit.AAC-GyWEB.mp4'}, {'errno': -32, 'path': '/X.W.N.W.2.2025.S02E09.2160p.HQ.60fps.WEB-DL.H265.10bit.HDR10.AAC-GyWEB.mp4'}, {'errno': -32, 'path': '/X.W.N.W.2.2025.S02E13.2160p.HQ.60fps.WEB-DL.H265.10bit.HDR10.AAC-GyWEB.mp4'}, {'errno': -32, 'path': '/X.W.N.W.2.2025.S02E16.2160p.HQ.60fps.WEB-DL.H265.10bit.HDR10.AAC-GyWEB.mp4'}, {'errno': -32, 'path': '/X.W.N.W.2.2025.S02E02.2160p.HQ.60fps.WEB-DL.H265.10bit.HDR10.AAC-GyWEB.mp4'}, {'errno': -32, 'path': '/X.W.N.W.2.2025.S02E12.2160p.HQ.60fps.WEB-DL.H265.10bit.HDR10.AAC-GyWEB.mp4'}, {'errno': -32, 'path': '/X.W.N.W.2.2025.S02E06.2160p.HQ.60fps.WEB-DL.H265.10bit.HDR10.AAC-GyWEB.mp4'}, {'errno': -32, 'path': '/X.W.N.W.2.2025.S02E20.2160p.HQ.60fps.WEB-DL.H265.10bit.HDR10.AAC-GyWEB.mp4'}, {'errno': -32, 'path': '/X.W.N.W.2.2025.S02E11.2160p.HQ.60fps.WEB-DL.H265.10bit.HDR10.AAC-GyWEB.mp4'}, {'errno': -32, 'path': '/X.W.N.W.2.2025.S02E04.2160p.HQ.60fps.WEB-DL.H265.10bit.HDR10.AAC-GyWEB.mp4'}, {'errno': -32, 'path': '/X.W.N.W.2.2025.S02E18.2160p.HQ.60fps.WEB-DL.H265.10bit.HDR10.AAC-GyWEB.mp4'}, {'errno': -32, 'path': '/X.W.N.W.2.2025.S02E08.2160p.HQ.60fps.WEB-DL.H265.10bit.HDR10.AAC-GyWEB.mp4'}, {'errno': -32, 'path': '/X.W.N.W.2.2025.S02E07.2160p.HQ.60fps.WEB-DL.H265.10bit.HDR10.AAC-GyWEB.mp4'}, {'errno': -32, 'path': '/X.W.N.W.2.2025.S02E15.2160p.HQ.60fps.WEB-DL.H265.10bit.HDR10.AAC-GyWEB.mp4'}, {'errno': -32, 'path': '/X.W.N.W.2.2025.S02E19.2160p.HQ.60fps.WEB-DL.H265.10bit.HDR10.AAC-GyWEB.mp4'}, {'errno': -32, 'path': '/X.W.N.W.2.2025.S02E17.2160p.HQ.60fps.WEB-DL.H265.10bit.HDR10.AAC-GyWEB.mp4'}, {'errno': -32, 'path': '/X.W.N.W.2.2025.S02E10.2160p.HQ.60fps.WEB-DL.H265.10bit.HDR10.AAC-GyWEB.mp4'}, {'errno': -32, 'path': '/X.W.N.W.2.2025.S02E05.2160p.HQ.60fps.WEB-DL.H265.10bit.HDR10.AAC-GyWEB.mp4'}, {'errno': -32, 'path': '/X.W.N.W.2.2025.S02E03.2160p.HQ.60fps.WEB-DL.H265.10bit.HDR10.AAC-GyWEB.mp4'}, {'errno': -32, 'path': '/X.W.N.W.2.2025.S02E01.2160p.HQ.60fps.WEB-DL.H265.10bit.HDR10.AAC-GyWEB.mp4'}], 'newno': '', 'request_id': 2036239907861764434, 'show_msg': '剩余空间不足，无法转存', 'target_file_nums': 21, 'target_size': 205775669838, 'task_id': 0}
2025-11-21 14:15:27 [ERROR] app.modules.storage_operations.services.save_episodes_to_cloud:122 - ❌7505quark | 失败重命名 X.W.N.W.2.2025.S02E19.2160p.HQ.60fps.WEB-DL.H265.10bit.HDR10.AAC-GyWEB.mp4 -> S02E19.4K.60FPS.HDR10.WEB-DL.X265.AAC.mp4 ：重命名发生错误：{'status': 404, 'code': 14014, 'message': 'illegal text', 'req_id': '97bbf1-2801fd2ce22c85', 'timestamp': 1763705727}
2025-11-21 14:15:27 [INFO] app.modules.storage_operations.services.save_episodes_to_cloud:120 - ✅4295quark | 成功重命名 S02E14.4K.60FPS.HDR10.WEB-DL.X265.AAC.mp4 -> S02E14.4K.60FPS.HDR10.WEB-DL.X265.AAC.mp4
2025-11-21 14:15:28 [INFO] app.modules.storage_operations.services.save_episodes_to_cloud:120 - ✅7505quark | 成功重命名 S02E18.4K.60FPS.HDR10.WEB-DL.X265.AAC.mp4 -> S02E18.4K.60FPS.HDR10.WEB-DL.X265.AAC.mp4
2025-11-21 14:15:28 [INFO] app.modules.storage_operations.services.save_episodes_to_cloud:120 - ✅4295quark | 成功重命名 S02E13.4K.60FPS.HDR10.WEB-DL.X265.AAC.mp4 -> S02E13.4K.60FPS.HDR10.WEB-DL.X265.AAC.mp4
2025-11-21 14:15:29 [INFO] app.modules.storage_operations.services.save_episodes_to_cloud:120 - ✅7505quark | 成功重命名 S02E17.4K.60FPS.HDR10.WEB-DL.X265.AAC.mp4 -> S02E17.4K.60FPS.HDR10.WEB-DL.X265.AAC.mp4
2025-11-21 14:15:29 [INFO] app.modules.storage_operations.services.save_episodes_to_cloud:120 - ✅4295quark | 成功重命名 S02E12.4K.60FPS.HDR10.WEB-DL.X265.AAC.mp4 -> S02E12.4K.60FPS.HDR10.WEB-DL.X265.AAC.mp4
2025-11-21 14:15:30 [INFO] app.modules.storage_operations.services.save_episodes_to_cloud:120 - ✅7505quark | 成功重命名 S02E16.4K.60FPS.HDR10.WEB-DL.X265.AAC.mp4 -> S02E16.4K.60FPS.HDR10.WEB-DL.X265.AAC.mp4
2025-11-21 14:15:31 [INFO] app.modules.storage_operations.services.save_episodes_to_cloud:120 - ✅4295quark | 成功重命名 S02E11.4K.60FPS.HDR10.WEB-DL.X265.AAC.mp4 -> S02E11.4K.60FPS.HDR10.WEB-DL.X265.AAC.mp4
2025-11-21 14:15:31 [INFO] app.modules.filter.services.regex_target_link_filter:50 - 匹配成功: link_title="勿扰飞升" movie_title_season="勿扰飞升" pattern="^勿扰飞升.*"
2025-11-21 14:15:31 [INFO] app.modules.filter.services.target_episode_filter_service:137 - 开始处理链接：--- 勿扰飞升 https://pan.quark.cn/s/c44537b7846d
2025-11-21 14:15:31 [INFO] app.modules.storage_operations.services.save_episodes_to_cloud:120 - ✅7505quark | 成功重命名 S02E15.4K.60FPS.HDR10.WEB-DL.X265.AAC.mp4 -> S02E15.4K.60FPS.HDR10.WEB-DL.X265.AAC.mp4
2025-11-21 14:15:32 [INFO] app.modules.filter.services.target_episode_filter_service:128 - 最终选择 12 个文件来覆盖新剧集: ['12-4K.高码率.mkv', '11-4K.高码率.mkv', '10-4K.高码率.mkv', '09-4K.高码率.mkv', '08-4K.高码率.mkv', '07-4K.高码率.mkv', '06-4K.高码率.mkv', '05-4K.高码率.mkv', '04-4K.高码率.mkv', '03-4K.高码率.mkv', '02-4K.高码率.mkv', '01-4K.高码率.mkv']
2025-11-21 14:15:32 [INFO] app.modules.filter.services.target_episode_filter_service:141 - 获取到目标剧集组合，来自链接：https://pan.quark.cn/s/c44537b7846d
2025-11-21 14:15:32 [INFO] app.modules.filter.flow:128 - 勿扰飞升 | https://pan.quark.cn/s/c44537b7846d 作为备选（更新至 12/19）
2025-11-21 14:15:32 [INFO] app.modules.filter.services.regex_target_link_filter:50 - 匹配成功: link_title="勿扰飞升" movie_title_season="勿扰飞升" pattern="^勿扰飞升.*"
2025-11-21 14:15:32 [INFO] app.modules.filter.services.target_episode_filter_service:137 - 开始处理链接：--- 勿扰飞升 https://pan.quark.cn/s/ac810cf770ef
2025-11-21 14:15:32 [INFO] app.modules.storage_operations.services.save_episodes_to_cloud:120 - ✅4295quark | 成功重命名 S02E10.4K.60FPS.HDR10.WEB-DL.X265.AAC.mp4 -> S02E10.4K.60FPS.HDR10.WEB-DL.X265.AAC.mp4
2025-11-21 14:15:32 [INFO] app.modules.filter.services.target_episode_filter_service:128 - 最终选择 34 个文件来覆盖新剧集: ['S01E16.2025.2160p.WEB-DL.H265.10bit.60fps.HIFI2.0.&AAC5.1.4Audios.mkv', 'S01E15.2025.2160p.WEB-DL.H265.10bit.60fps.HIFI2.0.&AAC5.1.4Audios.mkv', 'S01E14.2025.2160p.WEB-DL.H265.10bit.60fps.HIFI2.0.&AAC5.1.4Audios.mkv', 'S01E13.2025.2160p.WEB-DL.H265.10bit.60fps.HIFI2.0.&AAC5.1.4Audios.mkv', 'S01E12.2025.2160p.WEB-DL.H265.10bit.60fps.HIFI2.0.&AAC5.1.4Audios.mkv', 'S01E11.2025.2160p.WEB-DL.H265.10bit.60fps.HIFI2.0.&AAC5.1.4Audios.mkv', 'S01E10.2025.2160p.WEB-DL.H265.10bit.60fps.HIFI2.0.&AAC5.1.4Audios.mkv', 'S01E09.2025.2160p.WEB-DL.H265.10bit.60fps.HIFI2.0.&AAC5.1.4Audios.mkv', 'S01E08.2025.2160p.WEB-DL.H265.10bit.60fps.HIFI2.0.&AAC5.1.4Audios.mkv', 'S01E07.2025.2160p.WEB-DL.H265.10bit.60fps.HIFI2.0.&AAC5.1.4Audios.mkv', 'S01E06.2025.2160p.WEB-DL.H265.10bit.60fps.HIFI2.0.&AAC5.1.4Audios.mkv', 'S01E05.2025.2160p.WEB-DL.H265.10bit.60fps.HIFI2.0.&AAC5.1.4Audios.mkv', 'S01E04.2025.2160p.WEB-DL.H265.10bit.60fps.HIFI2.0.&AAC5.1.4Audios.mkv', 'S01E03.2025.2160p.WEB-DL.H265.10bit.60fps.HIFI2.0.&AAC5.1.4Audios.mkv', 'S01E02.2025.2160p.WEB-DL.H265.10bit.60fps.HIFI2.0.&AAC5.1.4Audios.mkv', 'S01E01.2025.2160p.WEB-DL.H265.10bit.60fps.HIFI2.0.&AAC5.1.4Audios.mkv', 'S01E18.mkv', 'S01E17.mkv', 'S01E16.2025.2160p.60fps.WEB-DL.H265.10bit.AAC.mp4', 'S01E15.2025.2160p.60fps.WEB-DL.H265.10bit.AAC.mp4', 'S01E14.2025.2160p.60fps.WEB-DL.H265.10bit.AAC.mp4', 'S01E13.2025.2160p.60fps.WEB-DL.H265.10bit.AAC.mp4', 'S01E12.2025.2160p.60fps.WEB-DL.H265.10bit.AAC.mp4', 'S01E11.2025.2160p.60fps.WEB-DL.H265.10bit.AAC.mp4', 'S01E10.2025.2160p.60fps.WEB-DL.H265.10bit.AAC.mp4', 'S01E09.2025.2160p.60fps.WEB-DL.H265.10bit.AAC.mp4', 'S01E08.2025.2160p.60fps.WEB-DL.H265.10bit.AAC.mp4', 'S01E07.2025.2160p.60fps.WEB-DL.H265.10bit.AAC.mp4', 'S01E06.2025.2160p.60fps.WEB-DL.H265.10bit.AAC.mp4', 'S01E05.2025.2160p.60fps.WEB-DL.H265.10bit.AAC.mp4', 'S01E04.2025.2160p.60fps.WEB-DL.H265.10bit.AAC.mp4', 'S01E03.2025.2160p.60fps.WEB-DL.H265.10bit.AAC.mp4', 'S01E02.2025.2160p.60fps.WEB-DL.H265.10bit.AAC.mp4', 'S01E01.2025.2160p.60fps.WEB-DL.H265.10bit.AAC.mp4']
2025-11-21 14:15:32 [INFO] app.modules.filter.services.target_episode_filter_service:141 - 获取到目标剧集组合，来自链接：https://pan.quark.cn/s/ac810cf770ef
2025-11-21 14:15:32 [INFO] app.modules.filter.flow:128 - 勿扰飞升 | https://pan.quark.cn/s/ac810cf770ef 作为备选（更新至 18/19）
2025-11-21 14:15:32 [INFO] app.modules.filter.services.regex_target_link_filter:50 - 匹配成功: link_title="勿扰飞升 4K[臻彩]" movie_title_season="勿扰飞升" pattern="^勿扰飞升.*"
2025-11-21 14:15:32 [INFO] app.modules.filter.services.target_episode_filter_service:137 - 开始处理链接：--- 勿扰飞升 4K[臻彩] https://pan.quark.cn/s/c95b84316aeb
2025-11-21 14:15:32 [INFO] app.modules.storage_operations.services.save_episodes_to_cloud:120 - ✅7505quark | 成功重命名 S02E14.4K.60FPS.HDR10.WEB-DL.X265.AAC.mp4 -> S02E14.4K.60FPS.HDR10.WEB-DL.X265.AAC.mp4
2025-11-21 14:15:32 [INFO] app.modules.filter.services.regex_target_link_filter:50 - 匹配成功: link_title="勿扰飞升‎ (2025) 4K HDR 高码率 60帧 杜比音效&立体全景声 中文字幕【4.7GB/集】更14集.描述： 改编自月下蝶影小说《勿扰飞升》 一位在凡尘界备受冷遇的亡国公主箜篌，因机缘巧合意外进入修仙世界，开启全员宠女主模式，从师傅师兄到隔壁门派，整个修仙界都对女主宠爱有加，为了吃苦头，磨练心智，箜篌主动走出舒适圈，要求下山闯荡，偶遇了病弱男子桓宗一起升级打怪闯荡修仙界，没想到桓宗竟然就是自己一直痴迷的修仙话本的大大，也是传说中的修仙界天才，箜篌顺利把作者大大拐回了门派当女婿，两人也在一次次的历练中克服了心魔，突破修为，双双成为了一代宗师。." movie_title_season="勿扰飞升" pattern="^勿扰飞升.*"
2025-11-21 14:15:32 [INFO] app.modules.filter.services.target_episode_filter_service:137 - 开始处理链接：--- 勿扰飞升‎ (2025) 4K HDR 高码率 60帧 杜比音效&立体全景声 中文字幕【4.7GB/集】更14集.描述： 改编自月下蝶影小说《勿扰飞升》 一位在凡尘界备受冷遇的亡国公主箜篌，因机缘巧合意外进入修仙世界，开启全员宠女主模式，从师傅师兄到隔壁门派，整个修仙界都对女主宠爱有加，为了吃苦头，磨练心智，箜篌主动走出舒适圈，要求下山闯荡，偶遇了病弱男子桓宗一起升级打怪闯荡修仙界，没想到桓宗竟然就是自己一直痴迷的修仙话本的大大，也是传说中的修仙界天才，箜篌顺利把作者大大拐回了门派当女婿，两人也在一次次的历练中克服了心魔，突破修为，双双成为了一代宗师。. https://pan.quark.cn/s/8ea3b9618153
2025-11-21 14:15:33 [INFO] app.modules.storage_operations.services.save_episodes_to_cloud:120 - ✅4295quark | 成功重命名 S02E09.4K.60FPS.HDR10.WEB-DL.X265.AAC.mp4 -> S02E09.4K.60FPS.HDR10.WEB-DL.X265.AAC.mp4
2025-11-21 14:15:33 [INFO] app.modules.filter.services.regex_target_link_filter:50 - 匹配成功: link_title="🗄 勿扰飞升（2025）4K HDR 60FPS S01E01 - E18" movie_title_season="勿扰飞升" pattern=".*勿扰飞升.*S\d{2}E\d{2}"
2025-11-21 14:15:33 [INFO] app.modules.filter.services.target_episode_filter_service:137 - 开始处理链接：--- 🗄 勿扰飞升（2025）4K HDR 60FPS S01E01 - E18 https://pan.quark.cn/s/302904b43b18
2025-11-21 14:15:33 [INFO] app.modules.filter.services.target_episode_filter_service:128 - 最终选择 18 个文件来覆盖新剧集: ['S01E18.mkv', 'S01E17.mkv', 'S01E16.mkv', 'S01E15.mkv', 'S01E14.mkv', 'S01E13.mkv', 'S01E12.mkv', 'S01E11.mkv', 'S01E10.mkv', 'S01E09.mkv', 'S01E08.mkv', 'S01E07.mkv', 'S01E06.mkv', 'S01E05.mkv', 'S01E04.mkv', 'S01E03.mkv', 'S01E02.mkv', 'S01E01.mkv']
2025-11-21 14:15:33 [INFO] app.modules.filter.services.target_episode_filter_service:141 - 获取到目标剧集组合，来自链接：https://pan.quark.cn/s/302904b43b18
2025-11-21 14:15:33 [INFO] app.modules.filter.flow:138 - 勿扰飞升 | https://pan.quark.cn/s/302904b43b18 跳过（更新至 18，比备选https://pan.quark.cn/s/ac810cf770ef | 18 更少）
2025-11-21 14:15:33 [INFO] app.modules.storage_operations.services.save_episodes_to_cloud:120 - ✅7505quark | 成功重命名 S02E13.4K.60FPS.HDR10.WEB-DL.X265.AAC.mp4 -> S02E13.4K.60FPS.HDR10.WEB-DL.X265.AAC.mp4
2025-11-21 14:15:33 [INFO] app.modules.filter.services.regex_target_link_filter:50 - 匹配成功: link_title="勿扰飞升（又名: Flying Without Disturb）【2025国剧】（主演: 李宏毅 / 陆婷玉 ）更新至 第16集 4K SDR 60帧 高码率 [杜比音效&HIFI声&立体环绕声]【单集4G,共72G】纯净版" movie_title_season="勿扰飞升" pattern="^勿扰飞升.*"
2025-11-21 14:15:33 [INFO] app.modules.filter.services.target_episode_filter_service:137 - 开始处理链接：--- 勿扰飞升（又名: Flying Without Disturb）【2025国剧】（主演: 李宏毅 / 陆婷玉 ）更新至 第16集 4K SDR 60帧 高码率 [杜比音效&HIFI声&立体环绕声]【单集4G,共72G】纯净版 https://pan.quark.cn/s/834cbec6d41b
2025-11-21 14:15:34 [INFO] app.modules.filter.services.target_episode_filter_service:128 - 最终选择 16 个文件来覆盖新剧集: ['S01E16.2025.2160p.WEB-DL.H265.10bit.60fps.HIFI2.0.&AAC5.1.4Audios.mkv', 'S01E15.2025.2160p.WEB-DL.H265.10bit.60fps.HIFI2.0.&AAC5.1.4Audios.mkv', 'S01E14.2025.2160p.WEB-DL.H265.10bit.60fps.HIFI2.0.&AAC5.1.4Audios.mkv', 'S01E13.2025.2160p.WEB-DL.H265.10bit.60fps.HIFI2.0.&AAC5.1.4Audios.mkv', 'S01E12.2025.2160p.WEB-DL.H265.10bit.60fps.HIFI2.0.&AAC5.1.4Audios.mkv', 'S01E11.2025.2160p.WEB-DL.H265.10bit.60fps.HIFI2.0.&AAC5.1.4Audios.mkv', 'S01E10.2025.2160p.WEB-DL.H265.10bit.60fps.HIFI2.0.&AAC5.1.4Audios.mkv', 'S01E09.2025.2160p.WEB-DL.H265.10bit.60fps.HIFI2.0.&AAC5.1.4Audios.mkv', 'S01E08.2025.2160p.WEB-DL.H265.10bit.60fps.HIFI2.0.&AAC5.1.4Audios.mkv', 'S01E07.2025.2160p.WEB-DL.H265.10bit.60fps.HIFI2.0.&AAC5.1.4Audios.mkv', 'S01E06.2025.2160p.WEB-DL.H265.10bit.60fps.HIFI2.0.&AAC5.1.4Audios.mkv', 'S01E05.2025.2160p.WEB-DL.H265.10bit.60fps.HIFI2.0.&AAC5.1.4Audios.mkv', 'S01E04.2025.2160p.WEB-DL.H265.10bit.60fps.HIFI2.0.&AAC5.1.4Audios.mkv', 'S01E03.2025.2160p.WEB-DL.H265.10bit.60fps.HIFI2.0.&AAC5.1.4Audios.mkv', 'S01E02.2025.2160p.WEB-DL.H265.10bit.60fps.HIFI2.0.&AAC5.1.4Audios.mkv', 'S01E01.2025.2160p.WEB-DL.H265.10bit.60fps.HIFI2.0.&AAC5.1.4Audios.mkv']
2025-11-21 14:15:34 [INFO] app.modules.filter.services.target_episode_filter_service:141 - 获取到目标剧集组合，来自链接：https://pan.quark.cn/s/834cbec6d41b
2025-11-21 14:15:34 [INFO] app.modules.filter.flow:138 - 勿扰飞升 | https://pan.quark.cn/s/834cbec6d41b 跳过（更新至 16，比备选https://pan.quark.cn/s/ac810cf770ef | 18 更少）
2025-11-21 14:15:34 [INFO] app.modules.filter.services.regex_target_link_filter:50 - 匹配成功: link_title="勿扰飞升 (2025) 4K 臻彩MAX [HDR.Vivid.60fps] [更新16集]描述：改编自月下蝶影小说《勿扰飞升》 一位在凡尘界备受冷遇的亡国公主箜篌，因机缘巧合意外进入修仙世界，开启全员宠女主模式，从师傅师兄到隔壁门派，整个修仙界都对女主宠爱有加，为了吃苦头，磨练心智，箜篌主动走出舒适圈，要求下山闯荡，偶遇了病弱男子桓宗一起升级打怪闯荡修仙界，没想到桓宗竟然就是自己一直痴迷的修仙话本的大大，也是传说中的修仙界天才，箜篌顺利把作者大大拐回了门派当女婿，两人也在一次次的历练中克服了心魔，突破修为，双双成为了一代宗师。夸克：" movie_title_season="勿扰飞升" pattern="^勿扰飞升.*"
2025-11-21 14:15:34 [INFO] app.modules.filter.services.target_episode_filter_service:137 - 开始处理链接：--- 勿扰飞升 (2025) 4K 臻彩MAX [HDR.Vivid.60fps] [更新16集]描述：改编自月下蝶影小说《勿扰飞升》 一位在凡尘界备受冷遇的亡国公主箜篌，因机缘巧合意外进入修仙世界，开启全员宠女主模式，从师傅师兄到隔壁门派，整个修仙界都对女主宠爱有加，为了吃苦头，磨练心智，箜篌主动走出舒适圈，要求下山闯荡，偶遇了病弱男子桓宗一起升级打怪闯荡修仙界，没想到桓宗竟然就是自己一直痴迷的修仙话本的大大，也是传说中的修仙界天才，箜篌顺利把作者大大拐回了门派当女婿，两人也在一次次的历练中克服了心魔，突破修为，双双成为了一代宗师。夸克： https://pan.quark.cn/s/14b05fefd4a8
2025-11-21 14:15:34 [INFO] app.modules.storage_operations.services.save_episodes_to_cloud:120 - ✅4295quark | 成功重命名 S02E08.4K.60FPS.HDR10.WEB-DL.X265.AAC.mp4 -> S02E08.4K.60FPS.HDR10.WEB-DL.X265.AAC.mp4
2025-11-21 14:15:34 [INFO] app.modules.filter.services.target_episode_filter_service:128 - 最终选择 16 个文件来覆盖新剧集: ['S01E16.2025.2160p.60fps.WEB-DL.HDR.Vivid.H.265.10bit.AAC.mp4', 'S01E15.2025.2160p.60fps.WEB-DL.HDR.Vivid.H.265.10bit.AAC.mp4', 'S01E14.2025.2160p.60fps.WEB-DL.HDR.Vivid.H.265.10bit.AAC.mp4', 'S01E13.2025.2160p.60fps.WEB-DL.HDR.Vivid.H.265.10bit.AAC.mp4', 'S01E12.2025.2160p.60fps.WEB-DL.HDR.Vivid.H.265.10bit.AAC.mp4', 'S01E11.2025.2160p.60fps.WEB-DL.HDR.Vivid.H.265.10bit.AAC.mp4', 'S01E10.2025.2160p.60fps.WEB-DL.HDR.Vivid.H.265.10bit.AAC.mp4', 'S01E09.2025.2160p.60fps.WEB-DL.HDR.Vivid.H.265.10bit.AAC.mp4', 'S01E08.2025.2160p.60fps.WEB-DL.HDR.Vivid.H.265.10bit.AAC.mp4', 'S01E07.2025.2160p.60fps.WEB-DL.HDR.Vivid.H.265.10bit.AAC.mp4', 'S01E06.2025.2160p.60fps.WEB-DL.HDR.Vivid.H.265.10bit.AAC.mp4', 'S01E05.2025.2160p.60fps.WEB-DL.HDR.Vivid.H.265.10bit.AAC.mp4', 'S01E04.2025.2160p.60fps.WEB-DL.HDR.Vivid.H.265.10bit.AAC.mp4', 'S01E03.2025.2160p.60fps.WEB-DL.HDR.Vivid.H.265.10bit.AAC.mp4', 'S01E02.2025.2160p.60fps.WEB-DL.HDR.Vivid.H.265.10bit.AAC.mp4', 'S01E01.2025.2160p.60fps.WEB-DL.HDR.Vivid.H.265.10bit.AAC.mp4']
2025-11-21 14:15:34 [INFO] app.modules.filter.services.target_episode_filter_service:141 - 获取到目标剧集组合，来自链接：https://pan.quark.cn/s/14b05fefd4a8
2025-11-21 14:15:34 [INFO] app.modules.filter.flow:138 - 勿扰飞升 | https://pan.quark.cn/s/14b05fefd4a8 跳过（更新至 16，比备选https://pan.quark.cn/s/ac810cf770ef | 18 更少）
2025-11-21 14:15:34 [INFO] app.modules.filter.services.regex_target_link_filter:50 - 匹配成功: link_title="勿扰飞升(2025)【更16集】【4K.HDR】【高码率】【内嵌简中】描述：改编自月下蝶影小说《勿扰飞升》 一位在凡尘界备受冷遇的亡国公主箜篌，因机缘巧合意外进入修仙世界，开启全员宠女主模式，从师傅师兄到隔壁门派" movie_title_season="勿扰飞升" pattern="^勿扰飞升.*"
2025-11-21 14:15:34 [INFO] app.modules.filter.services.target_episode_filter_service:137 - 开始处理链接：--- 勿扰飞升(2025)【更16集】【4K.HDR】【高码率】【内嵌简中】描述：改编自月下蝶影小说《勿扰飞升》 一位在凡尘界备受冷遇的亡国公主箜篌，因机缘巧合意外进入修仙世界，开启全员宠女主模式，从师傅师兄到隔壁门派 https://pan.quark.cn/s/7628a2df4376
2025-11-21 14:15:35 [INFO] app.modules.storage_operations.services.save_episodes_to_cloud:120 - ✅7505quark | 成功重命名 S02E12.4K.60FPS.HDR10.WEB-DL.X265.AAC.mp4 -> S02E12.4K.60FPS.HDR10.WEB-DL.X265.AAC.mp4
2025-11-21 14:15:35 [INFO] app.modules.filter.services.target_episode_filter_service:128 - 最终选择 17 个文件来覆盖新剧集: ['Flying Up Without Disturb S01E16 - 第 16 集 - 2160p WEB-DL HDR H265 AAC.mkv', 'Flying Up Without Disturb S01E15 - 第 15 集 - 2160p WEB-DL HDR H265 AAC.mkv', 'Flying Up Without Disturb S01E14 - 第 14 集 - 2160p WEB-DL HDR H265 AAC.mkv', 'Flying Up Without Disturb S01E13 - 第 13 集 - 2160p WEB-DL HDR H265 AAC.mkv', 'Flying Up Without Disturb S01E12 - 第 12 集 - 2160p WEB-DL HDR H265 AAC.mkv', 'Flying Up Without Disturb S01E11 - 第 11 集 - 2160p WEB-DL HDR H265 AAC.mkv', 'Flying Up Without Disturb S01E10 - 第 10 集 - 2160p WEB-DL HDR H265 AAC.mkv', 'Flying Up Without Disturb S01E09 - 第 9 集 - 2160p WEB-DL HDR H265 AAC.mkv', 'Flying Up Without Disturb S01E09 - 第 9 集 - 2160p WEB-DL H265 10bit AAC.mp4', 'Flying Up Without Disturb S01E08 - 第 8 集 - 2160p WEB-DL HDR H265 AAC.mkv', 'Flying Up Without Disturb S01E07 - 第 7 集 - 2160p WEB-DL HDR H265 AAC.mkv', 'Flying Up Without Disturb S01E06 - 第 6 集 - 2160p WEB-DL HDR H265 AAC.mkv', 'Flying Up Without Disturb S01E05 - 第 5 集 - 2160p WEB-DL HDR H265 AAC.mkv', 'Flying Up Without Disturb S01E04 - 第 4 集 - 2160p WEB-DL HDR H265 AAC.mkv', 'Flying Up Without Disturb S01E03 - 第 3 集 - 2160p WEB-DL HDR H265 AAC.mkv', 'Flying Up Without Disturb S01E02 - 第 2 集 - 2160p WEB-DL HDR H265 AAC.mkv', 'Flying Up Without Disturb S01E01 - 第 1 集 - 2160p WEB-DL HDR H265 AAC.mkv']
2025-11-21 14:15:35 [INFO] app.modules.filter.services.target_episode_filter_service:141 - 获取到目标剧集组合，来自链接：https://pan.quark.cn/s/7628a2df4376
2025-11-21 14:15:35 [INFO] app.modules.filter.flow:138 - 勿扰飞升 | https://pan.quark.cn/s/7628a2df4376 跳过（更新至 16，比备选https://pan.quark.cn/s/ac810cf770ef | 18 更少）
2025-11-21 14:15:35 [INFO] app.modules.filter.services.regex_target_link_filter:50 - 匹配成功: link_title="勿扰飞升（2025）【4K.HDR.60fps】【更12集】【剧情】【李宏毅/陆婷玉】描述：改编自月下蝶影小说《勿扰飞升》 一位在凡尘界备受冷遇的亡国公主箜篌，因机缘巧合意外进入修仙世界，开启全员宠女主模式，从师傅师兄到隔壁门派，整个修仙界都对女主宠爱有加，为了吃苦头，磨练心智，箜篌主动走出舒适圈，要求下山闯荡，偶遇了病弱男子桓宗一起升级打怪闯荡修仙界，没想到桓宗竟然就是自己一直痴迷的修仙话本的大大，也是传说中的修仙界天才，箜篌顺利把作者大大拐回了门派当女婿，两人也在一次次的历练中克服了心魔，突破修为，双双成为了一代宗师。" movie_title_season="勿扰飞升" pattern="^勿扰飞升.*"
2025-11-21 14:15:35 [INFO] app.modules.filter.services.target_episode_filter_service:137 - 开始处理链接：--- 勿扰飞升（2025）【4K.HDR.60fps】【更12集】【剧情】【李宏毅/陆婷玉】描述：改编自月下蝶影小说《勿扰飞升》 一位在凡尘界备受冷遇的亡国公主箜篌，因机缘巧合意外进入修仙世界，开启全员宠女主模式，从师傅师兄到隔壁门派，整个修仙界都对女主宠爱有加，为了吃苦头，磨练心智，箜篌主动走出舒适圈，要求下山闯荡，偶遇了病弱男子桓宗一起升级打怪闯荡修仙界，没想到桓宗竟然就是自己一直痴迷的修仙话本的大大，也是传说中的修仙界天才，箜篌顺利把作者大大拐回了门派当女婿，两人也在一次次的历练中克服了心魔，突破修为，双双成为了一代宗师。 https://pan.quark.cn/s/325a8a49d23e
2025-11-21 14:15:35 [INFO] app.modules.filter.services.regex_target_link_filter:50 - 匹配成功: link_title="勿扰飞升 (2025) 【4K.HDR】【60帧率】【国语中字】【李宏毅/陆婷玉】【古装/剧情】【更新14集】描述：　　改编自月下蝶影小说《勿扰飞升》一位在凡尘界备受冷遇的亡国公主箜篌，因机缘巧合意外进入修仙世界，开启全员宠女主模式，从师傅师兄到隔壁门派，整个修仙界都对女主宠爱有加，为了吃苦头，磨练心智，箜篌主动走出舒适圈，要求下山闯荡，偶遇了病弱男子桓宗一起升级打怪闯荡修仙界，没想到桓宗竟然就是自己一直痴迷的修仙话本的大大，也是传说中的修仙界天才，箜篌顺利把作者大大拐回了门派当女婿，两人也在一次次的历练中克服了心魔，突破修为，双双成为了一代宗" movie_title_season="勿扰飞升" pattern="^勿扰飞升.*"
2025-11-21 14:15:35 [INFO] app.modules.filter.services.target_episode_filter_service:137 - 开始处理链接：--- 勿扰飞升 (2025) 【4K.HDR】【60帧率】【国语中字】【李宏毅/陆婷玉】【古装/剧情】【更新14集】描述：　　改编自月下蝶影小说《勿扰飞升》一位在凡尘界备受冷遇的亡国公主箜篌，因机缘巧合意外进入修仙世界，开启全员宠女主模式，从师傅师兄到隔壁门派，整个修仙界都对女主宠爱有加，为了吃苦头，磨练心智，箜篌主动走出舒适圈，要求下山闯荡，偶遇了病弱男子桓宗一起升级打怪闯荡修仙界，没想到桓宗竟然就是自己一直痴迷的修仙话本的大大，也是传说中的修仙界天才，箜篌顺利把作者大大拐回了门派当女婿，两人也在一次次的历练中克服了心魔，突破修为，双双成为了一代宗 https://pan.quark.cn/s/ac4a79848ff9
2025-11-21 14:15:35 [INFO] app.modules.storage_operations.services.save_episodes_to_cloud:120 - ✅4295quark | 成功重命名 S02E07.4K.60FPS.HDR10.WEB-DL.X265.AAC.mp4 -> S02E07.4K.60FPS.HDR10.WEB-DL.X265.AAC.mp4
2025-11-21 14:15:35 [INFO] app.modules.filter.services.target_episode_filter_service:128 - 最终选择 16 个文件来覆盖新剧集: ['S01E16.2025.2160p.60fps.WEB-DL.AAC5.1.HDR.Vivid.10bits.H.265.mp4', 'S01E15.2025.2160p.60fps.WEB-DL.AAC5.1.HDR.Vivid.10bits.H.265.mp4', 'S01E14.2025.2160p.60fps.WEB-DL.AAC5.1.HDR.Vivid.10bits.H.265.mp4', 'S01E13.2025.2160p.60fps.WEB-DL.AAC5.1.HDR.Vivid.10bits.H.265.mp4', 'S01E12.2025.2160p.60fps.WEB-DL.AAC5.1.HDR.Vivid.10bits.H.265.mp4', 'S01E11.2025.2160p.60fps.WEB-DL.AAC5.1.HDR.Vivid.10bits.H.265.mp4', 'S01E10.2025.2160p.60fps.WEB-DL.AAC5.1.HDR.Vivid.10bits.H.265.mp4', 'S01E09.2025.2160p.60fps.WEB-DL.AAC5.1.HDR.Vivid.10bits.H.265.mp4', 'S01E08.2025.2160p.60fps.WEB-DL.AAC5.1.HDR.Vivid.10bits.H.265.mp4', 'S01E07.2025.2160p.60fps.WEB-DL.AAC5.1.HDR.Vivid.10bits.H.265.mp4', 'S01E06.2025.2160p.60fps.WEB-DL.AAC5.1.HDR.Vivid.10bits.H.265.mp4', 'S01E05.2025.2160p.60fps.WEB-DL.AAC5.1.HDR.Vivid.10bits.H.265.mp4', 'S01E04.2025.2160p.60fps.WEB-DL.AAC5.1.HDR.Vivid.10bits.H.265.mp4', 'S01E03.2025.2160p.60fps.WEB-DL.AAC5.1.HDR.Vivid.10bits.H.265.mp4', 'S01E02.2025.2160p.60fps.WEB-DL.AAC5.1.HDR.Vivid.10bits.H.265.mp4', 'S01E01.2025.2160p.60fps.WEB-DL.AAC5.1.HDR.Vivid.10bits.H.265.mp4']
2025-11-21 14:15:35 [INFO] app.modules.filter.services.target_episode_filter_service:141 - 获取到目标剧集组合，来自链接：https://pan.quark.cn/s/ac4a79848ff9
2025-11-21 14:15:35 [INFO] app.modules.filter.flow:138 - 勿扰飞升 | https://pan.quark.cn/s/ac4a79848ff9 跳过（更新至 16，比备选https://pan.quark.cn/s/ac810cf770ef | 18 更少）
2025-11-21 14:15:35 [INFO] app.modules.filter.flow:158 - 勿扰飞升分享链接遍历完成，无可用分享链接
2025-11-21 14:15:35 [INFO] app.modules.storage_operations.services.save_episodes_to_cloud:44 - 未筛选到适合['mkv', 'mp4', 'avi', 'mov', 'm4v', 'wmv', 'flv', 'torrent', 'srt', 'ass', 'sub', 'mp3', 'aac', 'zip']的链接
2025-11-21 14:15:35 [INFO] app.modules.storage_operations.services.save_episodes_to_cloud:44 - 未筛选到适合['mkv', 'mp4', 'avi', 'mov', 'm4v', 'wmv', 'flv', 'torrent', 'srt', 'ass', 'sub', 'mp3', 'aac', 'zip']的链接
2025-11-21 14:15:36 [INFO] app.modules.storage_operations.services.save_episodes_to_cloud:120 - ✅7505quark | 成功重命名 S02E11.4K.60FPS.HDR10.WEB-DL.X265.AAC.mp4 -> S02E11.4K.60FPS.HDR10.WEB-DL.X265.AAC.mp4
2025-11-21 14:15:36 [INFO] app.modules.storage_operations.services.save_episodes_to_cloud:120 - ✅4295quark | 成功重命名 S02E06.4K.60FPS.HDR10.WEB-DL.X265.AAC.mp4 -> S02E06.4K.60FPS.HDR10.WEB-DL.X265.AAC.mp4
2025-11-21 14:15:37 [INFO] app.modules.storage_operations.services.save_episodes_to_cloud:120 - ✅7505quark | 成功重命名 S02E10.4K.60FPS.HDR10.WEB-DL.X265.AAC.mp4 -> S02E10.4K.60FPS.HDR10.WEB-DL.X265.AAC.mp4
2025-11-21 14:15:37 [INFO] app.modules.storage_operations.services.save_episodes_to_cloud:120 - ✅4295quark | 成功重命名 S02E05.4K.60FPS.HDR10.WEB-DL.X265.AAC.mp4 -> S02E05.4K.60FPS.HDR10.WEB-DL.X265.AAC.mp4
2025-11-21 14:15:38 [INFO] app.modules.storage_operations.services.save_episodes_to_cloud:120 - ✅7505quark | 成功重命名 S02E09.4K.60FPS.HDR10.WEB-DL.X265.AAC.mp4 -> S02E09.4K.60FPS.HDR10.WEB-DL.X265.AAC.mp4
2025-11-21 14:15:38 [INFO] app.modules.storage_operations.services.save_episodes_to_cloud:120 - ✅4295quark | 成功重命名 S02E04.4K.60FPS.HDR10.WEB-DL.X265.AAC.mp4 -> S02E04.4K.60FPS.HDR10.WEB-DL.X265.AAC.mp4
2025-11-21 14:15:39 [INFO] app.modules.storage_operations.services.save_episodes_to_cloud:120 - ✅7505quark | 成功重命名 S02E08.4K.60FPS.HDR10.WEB-DL.X265.AAC.mp4 -> S02E08.4K.60FPS.HDR10.WEB-DL.X265.AAC.mp4
2025-11-21 14:15:39 [INFO] app.modules.storage_operations.services.save_episodes_to_cloud:120 - ✅4295quark | 成功重命名 S02E03.4K.60FPS.HDR10.WEB-DL.X265.AAC.mp4 -> S02E03.4K.60FPS.HDR10.WEB-DL.X265.AAC.mp4
2025-11-21 14:15:40 [INFO] app.modules.storage_operations.services.save_episodes_to_cloud:120 - ✅7505quark | 成功重命名 S02E07.4K.60FPS.HDR10.WEB-DL.X265.AAC.mp4 -> S02E07.4K.60FPS.HDR10.WEB-DL.X265.AAC.mp4
2025-11-21 14:15:40 [INFO] app.modules.storage_operations.services.save_episodes_to_cloud:120 - ✅4295quark | 成功重命名 S02E02.4K.60FPS.HDR10.WEB-DL.X265.AAC.mp4 -> S02E02.4K.60FPS.HDR10.WEB-DL.X265.AAC.mp4
2025-11-21 14:15:41 [INFO] app.modules.storage_operations.services.save_episodes_to_cloud:120 - ✅7505quark | 成功重命名 S02E06.4K.60FPS.HDR10.WEB-DL.X265.AAC.mp4 -> S02E06.4K.60FPS.HDR10.WEB-DL.X265.AAC.mp4
2025-11-21 14:15:42 [INFO] app.modules.storage_operations.services.save_episodes_to_cloud:120 - ✅4295quark | 成功重命名 S02E01.4K.60FPS.HDR10.WEB-DL.X265.AAC.mp4 -> S02E01.4K.60FPS.HDR10.WEB-DL.X265.AAC.mp4
2025-11-21 14:15:42 [INFO] app.modules.storage_operations.services.save_episodes_to_cloud:120 - ✅7505quark | 成功重命名 S02E05.4K.60FPS.HDR10.WEB-DL.X265.AAC.mp4 -> S02E05.4K.60FPS.HDR10.WEB-DL.X265.AAC.mp4
2025-11-21 14:15:43 [ERROR] app.modules.storage_operations.services.save_episodes_to_cloud:181 - ❌4295quark | 后台重命名任务失败: 'NoneType' object has no attribute 'resource_type'
2025-11-21 14:15:43 [INFO] app.modules.storage_operations.services.save_episodes_to_cloud:120 - ✅7505quark | 成功重命名 S02E04.4K.60FPS.HDR10.WEB-DL.X265.AAC.mp4 -> S02E04.4K.60FPS.HDR10.WEB-DL.X265.AAC.mp4
2025-11-21 14:15:45 [INFO] app.modules.storage_operations.services.save_episodes_to_cloud:120 - ✅7505quark | 成功重命名 S02E03.4K.60FPS.HDR10.WEB-DL.X265.AAC.mp4 -> S02E03.4K.60FPS.HDR10.WEB-DL.X265.AAC.mp4
2025-11-21 14:15:46 [INFO] app.modules.storage_operations.services.save_episodes_to_cloud:120 - ✅7505quark | 成功重命名 S02E02.4K.60FPS.HDR10.WEB-DL.X265.AAC.mp4 -> S02E02.4K.60FPS.HDR10.WEB-DL.X265.AAC.mp4
2025-11-21 14:15:47 [INFO] app.modules.storage_operations.services.save_episodes_to_cloud:120 - ✅7505quark | 成功重命名 S02E01.4K.60FPS.HDR10.WEB-DL.X265.AAC.mp4 -> S02E01.4K.60FPS.HDR10.WEB-DL.X265.AAC.mp4
2025-11-21 14:15:48 [ERROR] app.modules.storage_operations.services.save_episodes_to_cloud:181 - ❌7505quark | 后台重命名任务失败: 'NoneType' object has no attribute 'resource_type'
2025-11-21 14:16:22 [INFO] telethon.client.updates:443 - Got difference for channel 2209378593 updates
2025-11-21 14:16:23 [INFO] telethon.client.updates:443 - Got difference for channel 1280467440 updates
2025-11-21 14:16:23 [INFO] telethon.client.updates:443 - Got difference for channel 1859684449 updates
2025-11-21 14:16:23 [INFO] telethon.client.updates:443 - Got difference for channel 1580372425 updates
2025-11-21 14:17:23 [INFO] telethon.client.updates:443 - Got difference for channel 2209378593 updates
2025-11-21 14:17:23 [INFO] telethon.client.updates:443 - Got difference for channel 1669747816 updates
2025-11-21 14:18:23 [INFO] telethon.client.updates:443 - Got difference for channel 1688099294 updates
2025-11-21 14:18:23 [INFO] telethon.client.updates:443 - Got difference for channel 1642618802 updates
2025-11-21 14:18:23 [INFO] telethon.client.updates:443 - Got difference for channel 2193554291 updates
2025-11-21 14:18:23 [INFO] telethon.client.updates:443 - Got difference for channel 2016939647 updates
2025-11-21 14:19:23 [INFO] telethon.client.updates:443 - Got difference for channel 1280467440 updates
2025-11-21 14:19:23 [INFO] telethon.client.updates:443 - Got difference for channel 2209378593 updates
2025-11-21 14:19:23 [INFO] telethon.client.updates:443 - Got difference for channel 1780401093 updates
2025-11-21 14:19:23 [INFO] telethon.client.updates:443 - Got difference for channel 2269063013 updates
2025-11-21 14:19:24 [INFO] telethon.client.updates:443 - Got difference for channel 1580372425 updates
2025-11-21 14:19:24 [INFO] telethon.client.updates:443 - Got difference for channel 2600169516 updates
2025-11-21 14:20:00 [INFO] app.core.scheduler:480 - Dispatching scheduled job f8e4963f2a92414589a557957998c0a7 -> 将所有网盘已更新到最新进度的movie推送到平台
2025-11-21 14:20:00 [INFO] app.core.scheduler:506 - Scheduled job f8e4963f2a92414589a557957998c0a7 dispatched to task_manager
2025-11-21 14:20:00 [INFO] root:162 - [task 3f32c539a9554f628847bd43a3617843] log handler attached for capture
2025-11-21 14:20:00 [INFO] app.flow.sync_new_movie_flow:327 - 将['赴山海', '欢乐家长群2', '暴风圈', '照镜辞', '漫威丧尸', '弥留之国的爱丽丝 第三季', '行骗天下KR', '健力士王朝', '犯罪现场 Zero', '科斯缇娜酒店', '入青云', '回魂计', '水龙吟', '锦月令', '新闻女王2', '棕眼之谜', '三人行', '黑盒子', '大厨小婿']发布至平台
2025-11-21 14:20:00 [INFO] app.modules.publish.clients.tg_client:48 - Deleted old message id=171
2025-11-21 14:20:00 [INFO] app.modules.publish.clients.tg_client:54 - 成功向TG发送消息，消息id=192
2025-11-21 14:20:01 [INFO] telethon.client.updates:443 - Got difference for channel 2209378593 updates
2025-11-21 14:20:01 [INFO] telethon.client.updates:443 - Got difference for channel 1280467440 updates
2025-11-21 14:20:02 [INFO] telethon.client.updates:443 - Got difference for channel 2999815417 updates
2025-11-21 14:20:23 [INFO] telethon.client.updates:443 - Got difference for channel 2158983339 updates
2025-11-21 14:20:23 [INFO] telethon.client.updates:443 - Got difference for channel 2193554291 updates
2025-11-21 14:20:23 [INFO] telethon.client.updates:443 - Got difference for channel 1850014529 updates
2025-11-21 14:20:23 [INFO] telethon.client.updates:443 - Got difference for channel 1669747816 updates
2025-11-21 14:21:23 [INFO] telethon.client.updates:443 - Got difference for channel 2209378593 updates
2025-11-21 14:21:23 [ERROR] asyncio:1785 - Exception in callback _ProactorBasePipeTransport._call_connection_lost(None)
handle: <Handle _ProactorBasePipeTransport._call_connection_lost(None)>
Traceback (most recent call last):
  File "C:\Users\helon\AppData\Local\Programs\Python\Python312\Lib\asyncio\events.py", line 84, in _run
    self._context.run(self._callback, *self._args)
  File "C:\Users\helon\AppData\Local\Programs\Python\Python312\Lib\asyncio\proactor_events.py", line 165, in _call_connection_lost
    self._sock.shutdown(socket.SHUT_RDWR)
ConnectionResetError: [WinError 10054] 远程主机强迫关闭了一个现有的连接。
2025-11-21 14:21:23 [INFO] telethon.client.updates:443 - Got difference for channel 1780401093 updates
2025-11-21 14:21:24 [INFO] telethon.client.updates:443 - Got difference for channel 1280467440 updates
2025-11-21 14:21:24 [INFO] telethon.client.updates:443 - Got difference for channel 1617621330 updates
2025-11-21 14:21:24 [INFO] telethon.client.updates:443 - Got difference for channel 1688099294 updates
2025-11-21 14:22:21 [INFO] telethon.client.updates:344 - Got difference for account updates
2025-11-21 14:22:21 [INFO] telethon.client.updates:443 - Got difference for channel 1290825027 updates
2025-11-21 14:22:21 [INFO] telethon.client.updates:443 - Got difference for channel 1912103688 updates
2025-11-21 14:22:22 [INFO] telethon.client.updates:443 - Got difference for channel 1280467440 updates
2025-11-21 14:22:22 [INFO] telethon.client.updates:443 - Got difference for channel 2014194320 updates
2025-11-21 14:22:22 [INFO] telethon.client.updates:443 - Got difference for channel 2193554291 updates
2025-11-21 14:22:22 [INFO] telethon.client.updates:443 - Got difference for channel 1401724496 updates
2025-11-21 14:22:23 [INFO] telethon.client.updates:443 - Got difference for channel 1872908471 updates
2025-11-21 14:22:23 [INFO] telethon.client.updates:443 - Got difference for channel 2073046329 updates
2025-11-21 14:22:23 [INFO] telethon.client.updates:443 - Got difference for channel 1084638970 updates
2025-11-21 14:22:24 [INFO] telethon.client.updates:443 - Got difference for channel 2016939647 updates
2025-11-21 14:23:23 [INFO] telethon.client.updates:443 - Got difference for channel 2209378593 updates
2025-11-21 14:23:23 [INFO] telethon.client.updates:443 - Got difference for channel 1280467440 updates
2025-11-21 14:23:23 [INFO] telethon.client.updates:443 - Got difference for channel 2193554291 updates
2025-11-21 14:24:23 [INFO] telethon.client.updates:443 - Got difference for channel 2269063013 updates
2025-11-21 14:24:23 [INFO] telethon.client.updates:443 - Got difference for channel 2158983339 updates
2025-11-21 14:24:23 [INFO] telethon.client.updates:443 - Got difference for channel 2600169516 updates
2025-11-21 14:24:23 [INFO] telethon.client.updates:443 - Got difference for channel 2209378593 updates
2025-11-21 14:24:24 [INFO] telethon.client.updates:443 - Got difference for channel 1669747816 updates
2025-11-21 14:24:24 [INFO] telethon.client.updates:443 - Got difference for channel 1084638970 updates
2025-11-21 14:24:24 [INFO] telethon.client.updates:443 - Got difference for channel 1688099294 updates
2025-11-21 14:25:00 [INFO] app.core.scheduler:480 - Dispatching scheduled job f8e4963f2a92414589a557957998c0a7 -> 将所有网盘已更新到最新进度的movie推送到平台
2025-11-21 14:25:00 [INFO] app.core.scheduler:506 - Scheduled job f8e4963f2a92414589a557957998c0a7 dispatched to task_manager
2025-11-21 14:25:00 [INFO] root:162 - [task 269f6d24c6cf49388f7730d5e7aefaa7] log handler attached for capture
2025-11-21 14:25:00 [INFO] app.flow.sync_new_movie_flow:327 - 将['赴山海', '欢乐家长群2', '暴风圈', '照镜辞', '漫威丧尸', '弥留之国的爱丽丝 第三季', '行骗天下KR', '健力士王朝', '犯罪现场 Zero', '科斯缇娜酒店', '入青云', '回魂计', '水龙吟', '锦月令', '新闻女王2', '棕眼之谜', '三人行', '黑盒子', '大厨小婿']发布至平台
2025-11-21 14:25:23 [INFO] telethon.client.updates:443 - Got difference for channel 1688099294 updates
2025-11-21 14:25:23 [INFO] telethon.client.updates:443 - Got difference for channel 1580372425 updates
2025-11-21 14:25:23 [INFO] telethon.client.updates:443 - Got difference for channel 2209378593 updates
2025-11-21 14:25:23 [INFO] telethon.client.updates:443 - Got difference for channel 1669747816 updates
2025-11-21 14:25:24 [INFO] telethon.client.updates:443 - Got difference for channel 1280467440 updates
2025-11-21 14:25:24 [INFO] telethon.client.updates:443 - Got difference for channel 2016939647 updates
2025-11-21 14:26:23 [INFO] telethon.client.updates:443 - Got difference for channel 1739110235 updates
2025-11-21 14:27:23 [INFO] telethon.client.updates:443 - Got difference for channel 2209378593 updates
2025-11-21 14:27:23 [INFO] telethon.client.updates:443 - Got difference for channel 1780401093 updates
2025-11-21 14:27:23 [INFO] telethon.client.updates:443 - Got difference for channel 2193554291 updates
2025-11-21 14:27:23 [INFO] telethon.client.updates:443 - Got difference for channel 1084638970 updates
2025-11-21 14:27:24 [INFO] telethon.client.updates:443 - Got difference for channel 1688099294 updates
2025-11-21 14:28:01 [ERROR] asyncio:1785 - Exception in callback _ProactorBasePipeTransport._call_connection_lost(None)
handle: <Handle _ProactorBasePipeTransport._call_connection_lost(None)>
Traceback (most recent call last):
  File "C:\Users\helon\AppData\Local\Programs\Python\Python312\Lib\asyncio\events.py", line 84, in _run
    self._context.run(self._callback, *self._args)
  File "C:\Users\helon\AppData\Local\Programs\Python\Python312\Lib\asyncio\proactor_events.py", line 165, in _call_connection_lost
    self._sock.shutdown(socket.SHUT_RDWR)
ConnectionResetError: [WinError 10054] 远程主机强迫关闭了一个现有的连接。
2025-11-21 14:28:06 [INFO] telethon.client.updates:443 - Got difference for channel 1669747816 updates
2025-11-21 14:28:23 [INFO] telethon.client.updates:443 - Got difference for channel 1084638970 updates
2025-11-21 14:28:23 [INFO] telethon.client.updates:443 - Got difference for channel 1280467440 updates
2025-11-21 14:29:23 [INFO] telethon.client.updates:443 - Got difference for channel 2209378593 updates
2025-11-21 14:29:23 [INFO] telethon.client.updates:443 - Got difference for channel 2600169516 updates
2025-11-21 14:29:23 [INFO] telethon.client.updates:443 - Got difference for channel 1280467440 updates
2025-11-21 14:30:00 [INFO] app.core.scheduler:480 - Dispatching scheduled job 6f853106834c42dbb500a627c0aa1bbc -> 同步今日可更新影视资源到网盘
2025-11-21 14:30:00 [INFO] app.core.scheduler:506 - Scheduled job 6f853106834c42dbb500a627c0aa1bbc dispatched to task_manager
2025-11-21 14:30:00 [INFO] app.core.scheduler:480 - Dispatching scheduled job f8e4963f2a92414589a557957998c0a7 -> 将所有网盘已更新到最新进度的movie推送到平台
2025-11-21 14:30:00 [INFO] app.core.scheduler:506 - Scheduled job f8e4963f2a92414589a557957998c0a7 dispatched to task_manager
2025-11-21 14:30:00 [INFO] root:162 - [task a6d00f2603164c20aaf6b485b0193524] log handler attached for capture
2025-11-21 14:30:00 [INFO] root:162 - [task 5d13f38400714701a4868077b4b8a0eb] log handler attached for capture
2025-11-21 14:30:00 [INFO] app.flow.sync_new_movie_flow:181 - 今日已到更新时间点的movie:['新闻女王2', '勿扰飞升']
2025-11-21 14:30:00 [WARNING] app.flow.sync_new_movie_flow:186 - 这些movie由于tmdb_info为空无法同步：[]
2025-11-21 14:30:00 [INFO] app.flow.sync_new_movie_flow:327 - 将['赴山海', '欢乐家长群2', '暴风圈', '照镜辞', '漫威丧尸', '弥留之国的爱丽丝 第三季', '行骗天下KR', '健力士王朝', '犯罪现场 Zero', '科斯缇娜酒店', '入青云', '回魂计', '水龙吟', '锦月令', '新闻女王2', '棕眼之谜', '三人行', '黑盒子', '大厨小婿']发布至平台
2025-11-21 14:30:04 [INFO] app.modules.filter.services.regex_target_link_filter:50 - 匹配成功: link_title="勿扰飞升" movie_title_season="勿扰飞升" pattern="^勿扰飞升.*"
2025-11-21 14:30:04 [INFO] app.modules.filter.services.target_episode_filter_service:137 - 开始处理链接：--- 勿扰飞升 https://pan.quark.cn/s/c44537b7846d
2025-11-21 14:30:04 [ERROR] asyncio:1785 - Exception in callback _ProactorBasePipeTransport._call_connection_lost(None)
handle: <Handle _ProactorBasePipeTransport._call_connection_lost(None)>
Traceback (most recent call last):
  File "C:\Users\helon\AppData\Local\Programs\Python\Python312\Lib\asyncio\events.py", line 84, in _run
    self._context.run(self._callback, *self._args)
  File "C:\Users\helon\AppData\Local\Programs\Python\Python312\Lib\asyncio\proactor_events.py", line 165, in _call_connection_lost
    self._sock.shutdown(socket.SHUT_RDWR)
ConnectionResetError: [WinError 10054] 远程主机强迫关闭了一个现有的连接。
2025-11-21 14:30:04 [INFO] app.modules.filter.services.target_episode_filter_service:128 - 最终选择 12 个文件来覆盖新剧集: ['12-4K.高码率.mkv', '11-4K.高码率.mkv', '10-4K.高码率.mkv', '09-4K.高码率.mkv', '08-4K.高码率.mkv', '07-4K.高码率.mkv', '06-4K.高码率.mkv', '05-4K.高码率.mkv', '04-4K.高码率.mkv', '03-4K.高码率.mkv', '02-4K.高码率.mkv', '01-4K.高码率.mkv']
2025-11-21 14:30:04 [INFO] app.modules.filter.services.target_episode_filter_service:141 - 获取到目标剧集组合，来自链接：https://pan.quark.cn/s/c44537b7846d
2025-11-21 14:30:04 [INFO] app.modules.filter.flow:128 - 勿扰飞升 | https://pan.quark.cn/s/c44537b7846d 作为备选（更新至 12/19）
2025-11-21 14:30:04 [INFO] app.modules.filter.services.regex_target_link_filter:50 - 匹配成功: link_title="勿扰飞升 4K[臻彩]" movie_title_season="勿扰飞升" pattern="^勿扰飞升.*"
2025-11-21 14:30:04 [INFO] app.modules.filter.services.target_episode_filter_service:137 - 开始处理链接：--- 勿扰飞升 4K[臻彩] https://pan.quark.cn/s/c95b84316aeb
2025-11-21 14:30:05 [INFO] app.modules.filter.services.regex_target_link_filter:50 - 匹配成功: link_title="勿扰飞升" movie_title_season="勿扰飞升" pattern="^勿扰飞升.*"
2025-11-21 14:30:05 [INFO] app.modules.filter.services.target_episode_filter_service:137 - 开始处理链接：--- 勿扰飞升 https://pan.quark.cn/s/ac810cf770ef
2025-11-21 14:30:05 [INFO] app.modules.filter.services.target_episode_filter_service:128 - 最终选择 34 个文件来覆盖新剧集: ['S01E16.2025.2160p.WEB-DL.H265.10bit.60fps.HIFI2.0.&AAC5.1.4Audios.mkv', 'S01E15.2025.2160p.WEB-DL.H265.10bit.60fps.HIFI2.0.&AAC5.1.4Audios.mkv', 'S01E14.2025.2160p.WEB-DL.H265.10bit.60fps.HIFI2.0.&AAC5.1.4Audios.mkv', 'S01E13.2025.2160p.WEB-DL.H265.10bit.60fps.HIFI2.0.&AAC5.1.4Audios.mkv', 'S01E12.2025.2160p.WEB-DL.H265.10bit.60fps.HIFI2.0.&AAC5.1.4Audios.mkv', 'S01E11.2025.2160p.WEB-DL.H265.10bit.60fps.HIFI2.0.&AAC5.1.4Audios.mkv', 'S01E10.2025.2160p.WEB-DL.H265.10bit.60fps.HIFI2.0.&AAC5.1.4Audios.mkv', 'S01E09.2025.2160p.WEB-DL.H265.10bit.60fps.HIFI2.0.&AAC5.1.4Audios.mkv', 'S01E08.2025.2160p.WEB-DL.H265.10bit.60fps.HIFI2.0.&AAC5.1.4Audios.mkv', 'S01E07.2025.2160p.WEB-DL.H265.10bit.60fps.HIFI2.0.&AAC5.1.4Audios.mkv', 'S01E06.2025.2160p.WEB-DL.H265.10bit.60fps.HIFI2.0.&AAC5.1.4Audios.mkv', 'S01E05.2025.2160p.WEB-DL.H265.10bit.60fps.HIFI2.0.&AAC5.1.4Audios.mkv', 'S01E04.2025.2160p.WEB-DL.H265.10bit.60fps.HIFI2.0.&AAC5.1.4Audios.mkv', 'S01E03.2025.2160p.WEB-DL.H265.10bit.60fps.HIFI2.0.&AAC5.1.4Audios.mkv', 'S01E02.2025.2160p.WEB-DL.H265.10bit.60fps.HIFI2.0.&AAC5.1.4Audios.mkv', 'S01E01.2025.2160p.WEB-DL.H265.10bit.60fps.HIFI2.0.&AAC5.1.4Audios.mkv', 'S01E18.mkv', 'S01E17.mkv', 'S01E16.2025.2160p.60fps.WEB-DL.H265.10bit.AAC.mp4', 'S01E15.2025.2160p.60fps.WEB-DL.H265.10bit.AAC.mp4', 'S01E14.2025.2160p.60fps.WEB-DL.H265.10bit.AAC.mp4', 'S01E13.2025.2160p.60fps.WEB-DL.H265.10bit.AAC.mp4', 'S01E12.2025.2160p.60fps.WEB-DL.H265.10bit.AAC.mp4', 'S01E11.2025.2160p.60fps.WEB-DL.H265.10bit.AAC.mp4', 'S01E10.2025.2160p.60fps.WEB-DL.H265.10bit.AAC.mp4', 'S01E09.2025.2160p.60fps.WEB-DL.H265.10bit.AAC.mp4', 'S01E08.2025.2160p.60fps.WEB-DL.H265.10bit.AAC.mp4', 'S01E07.2025.2160p.60fps.WEB-DL.H265.10bit.AAC.mp4', 'S01E06.2025.2160p.60fps.WEB-DL.H265.10bit.AAC.mp4', 'S01E05.2025.2160p.60fps.WEB-DL.H265.10bit.AAC.mp4', 'S01E04.2025.2160p.60fps.WEB-DL.H265.10bit.AAC.mp4', 'S01E03.2025.2160p.60fps.WEB-DL.H265.10bit.AAC.mp4', 'S01E02.2025.2160p.60fps.WEB-DL.H265.10bit.AAC.mp4', 'S01E01.2025.2160p.60fps.WEB-DL.H265.10bit.AAC.mp4']
2025-11-21 14:30:05 [INFO] app.modules.filter.services.target_episode_filter_service:141 - 获取到目标剧集组合，来自链接：https://pan.quark.cn/s/ac810cf770ef
2025-11-21 14:30:05 [INFO] app.modules.filter.flow:128 - 勿扰飞升 | https://pan.quark.cn/s/ac810cf770ef 作为备选（更新至 18/19）
2025-11-21 14:30:05 [INFO] app.modules.filter.services.regex_target_link_filter:50 - 匹配成功: link_title="勿扰飞升‎ (2025) 4K HDR 高码率 60帧 杜比音效&立体全景声 中文字幕【4.7GB/集】更14集.描述： 改编自月下蝶影小说《勿扰飞升》 一位在凡尘界备受冷遇的亡国公主箜篌，因机缘巧合意外进入修仙世界，开启全员宠女主模式，从师傅师兄到隔壁门派，整个修仙界都对女主宠爱有加，为了吃苦头，磨练心智，箜篌主动走出舒适圈，要求下山闯荡，偶遇了病弱男子桓宗一起升级打怪闯荡修仙界，没想到桓宗竟然就是自己一直痴迷的修仙话本的大大，也是传说中的修仙界天才，箜篌顺利把作者大大拐回了门派当女婿，两人也在一次次的历练中克服了心魔，突破修为，双双成为了一代宗师。." movie_title_season="勿扰飞升" pattern="^勿扰飞升.*"
2025-11-21 14:30:05 [INFO] app.modules.filter.services.target_episode_filter_service:137 - 开始处理链接：--- 勿扰飞升‎ (2025) 4K HDR 高码率 60帧 杜比音效&立体全景声 中文字幕【4.7GB/集】更14集.描述： 改编自月下蝶影小说《勿扰飞升》 一位在凡尘界备受冷遇的亡国公主箜篌，因机缘巧合意外进入修仙世界，开启全员宠女主模式，从师傅师兄到隔壁门派，整个修仙界都对女主宠爱有加，为了吃苦头，磨练心智，箜篌主动走出舒适圈，要求下山闯荡，偶遇了病弱男子桓宗一起升级打怪闯荡修仙界，没想到桓宗竟然就是自己一直痴迷的修仙话本的大大，也是传说中的修仙界天才，箜篌顺利把作者大大拐回了门派当女婿，两人也在一次次的历练中克服了心魔，突破修为，双双成为了一代宗师。. https://pan.quark.cn/s/8ea3b9618153
2025-11-21 14:30:06 [INFO] app.modules.filter.services.regex_target_link_filter:50 - 匹配成功: link_title="勿扰飞升 更新至18集 4K SDR 60帧 高码率https://pan.baidu.com/s/1DnTLXQryvfO6b-CJGPFUmQ?pwd=26us" movie_title_season="勿扰飞升" pattern="^勿扰飞升.*"
2025-11-21 14:30:06 [INFO] app.modules.filter.services.target_episode_filter_service:137 - 开始处理链接：--- 勿扰飞升 更新至18集 4K SDR 60帧 高码率https://pan.baidu.com/s/1DnTLXQryvfO6b-CJGPFUmQ?pwd=26us https://pan.quark.cn/s/7d124130b79f
2025-11-21 14:30:06 [INFO] app.modules.filter.services.target_episode_filter_service:128 - 最终选择 18 个文件来覆盖新剧集: ['Flying.Up.Without.Disturb.2025.S01E18.2160p.WEB-DL.60fps.H.265.DDP2.0.mp4', 'Flying.Up.Without.Disturb.2025.S01E17.2160p.WEB-DL.60fps.H.265.DDP2.0.mp4', 'Flying.Up.Without.Disturb.2025.S01E16.2160p.WEB-DL.60fps.H.265.DDP2.0.mp4', 'Flying.Up.Without.Disturb.2025.S01E15.2160p.WEB-DL.60fps.H.265.DDP2.0.mp4', 'Flying.Up.Without.Disturb.2025.S01E14.2160p.WEB-DL.60fps.H.265.DDP2.0.mp4', 'Flying.Up.Without.Disturb.2025.S01E13.2160p.WEB-DL.60fps.H.265.DDP2.0.mp4', 'Flying.Up.Without.Disturb.2025.S01E12.2160p.WEB-DL.60fps.H.265.DDP2.0.mp4', 'Flying.Up.Without.Disturb.2025.S01E11.2160p.WEB-DL.60fps.H.265.DDP2.0.mp4', 'Flying.Up.Without.Disturb.2025.S01E10.2160p.WEB-DL.60fps.H.265.DDP2.0.mp4', 'Flying.Up.Without.Disturb.2025.S01E09.2160p.WEB-DL.60fps.H.265.DDP2.0.mp4', 'Flying.Up.Without.Disturb.2025.S01E08.2160p.WEB-DL.60fps.H.265.DDP2.0.mp4', 'Flying.Up.Without.Disturb.2025.S01E07.2160p.WEB-DL.60fps.H.265.DDP2.0.mp4', 'Flying.Up.Without.Disturb.2025.S01E06.2160p.WEB-DL.60fps.H.265.DDP2.0.mp4', 'Flying.Up.Without.Disturb.2025.S01E05.2160p.WEB-DL.60fps.H.265.DDP2.0.mp4', 'Flying.Up.Without.Disturb.2025.S01E04.2160p.WEB-DL.60fps.H.265.DDP2.0.mp4', 'Flying.Up.Without.Disturb.2025.S01E03.2160p.WEB-DL.60fps.H.265.DDP2.0.mp4', 'Flying.Up.Without.Disturb.2025.S01E02.2160p.WEB-DL.60fps.H.265.DDP2.0.mp4', 'Flying.Up.Without.Disturb.2025.S01E01.2160p.WEB-DL.60fps.H.265.DDP2.0.mp4']
2025-11-21 14:30:06 [INFO] app.modules.filter.services.target_episode_filter_service:141 - 获取到目标剧集组合，来自链接：https://pan.quark.cn/s/7d124130b79f
2025-11-21 14:30:06 [INFO] app.modules.filter.flow:138 - 勿扰飞升 | https://pan.quark.cn/s/7d124130b79f 跳过（更新至 18，比备选https://pan.quark.cn/s/ac810cf770ef | 18 更少）
2025-11-21 14:30:06 [INFO] app.modules.filter.services.regex_target_link_filter:50 - 匹配成功: link_title="勿扰飞升（2025）4K HDR 60FPS S01E01 - E18.描述：一位在凡尘界备受冷遇的亡国公主箜篌，因机缘巧合意外进入修仙世界，为磨练心智，主动下山闯荡，偶遇了病弱男子桓宗一起升级打怪闯荡修仙界并发展出深厚的感情的故事。." movie_title_season="勿扰飞升" pattern="^勿扰飞升.*"
2025-11-21 14:30:06 [INFO] app.modules.filter.services.target_episode_filter_service:137 - 开始处理链接：--- 勿扰飞升（2025）4K HDR 60FPS S01E01 - E18.描述：一位在凡尘界备受冷遇的亡国公主箜篌，因机缘巧合意外进入修仙世界，为磨练心智，主动下山闯荡，偶遇了病弱男子桓宗一起升级打怪闯荡修仙界并发展出深厚的感情的故事。. https://pan.quark.cn/s/302904b43b18
2025-11-21 14:30:06 [INFO] app.modules.filter.services.target_episode_filter_service:128 - 最终选择 18 个文件来覆盖新剧集: ['S01E18.mkv', 'S01E17.mkv', 'S01E16.mkv', 'S01E15.mkv', 'S01E14.mkv', 'S01E13.mkv', 'S01E12.mkv', 'S01E11.mkv', 'S01E10.mkv', 'S01E09.mkv', 'S01E08.mkv', 'S01E07.mkv', 'S01E06.mkv', 'S01E05.mkv', 'S01E04.mkv', 'S01E03.mkv', 'S01E02.mkv', 'S01E01.mkv']
2025-11-21 14:30:06 [INFO] app.modules.filter.services.target_episode_filter_service:141 - 获取到目标剧集组合，来自链接：https://pan.quark.cn/s/302904b43b18
2025-11-21 14:30:06 [INFO] app.modules.filter.flow:138 - 勿扰飞升 | https://pan.quark.cn/s/302904b43b18 跳过（更新至 18，比备选https://pan.quark.cn/s/ac810cf770ef | 18 更少）
2025-11-21 14:30:06 [INFO] app.modules.filter.services.regex_target_link_filter:50 - 匹配成功: link_title="勿扰飞升（又名: Flying Without Disturb）【2025国剧】（主演: 李宏毅 / 陆婷玉 ）更新至 第16集 4K SDR 60帧 高码率 [杜比音效&HIFI声&立体环绕声]【单集4G,共72G】纯净版" movie_title_season="勿扰飞升" pattern="^勿扰飞升.*"
2025-11-21 14:30:06 [INFO] app.modules.filter.services.target_episode_filter_service:137 - 开始处理链接：--- 勿扰飞升（又名: Flying Without Disturb）【2025国剧】（主演: 李宏毅 / 陆婷玉 ）更新至 第16集 4K SDR 60帧 高码率 [杜比音效&HIFI声&立体环绕声]【单集4G,共72G】纯净版 https://pan.quark.cn/s/834cbec6d41b
2025-11-21 14:30:07 [INFO] app.modules.filter.services.target_episode_filter_service:128 - 最终选择 16 个文件来覆盖新剧集: ['S01E16.2025.2160p.WEB-DL.H265.10bit.60fps.HIFI2.0.&AAC5.1.4Audios.mkv', 'S01E15.2025.2160p.WEB-DL.H265.10bit.60fps.HIFI2.0.&AAC5.1.4Audios.mkv', 'S01E14.2025.2160p.WEB-DL.H265.10bit.60fps.HIFI2.0.&AAC5.1.4Audios.mkv', 'S01E13.2025.2160p.WEB-DL.H265.10bit.60fps.HIFI2.0.&AAC5.1.4Audios.mkv', 'S01E12.2025.2160p.WEB-DL.H265.10bit.60fps.HIFI2.0.&AAC5.1.4Audios.mkv', 'S01E11.2025.2160p.WEB-DL.H265.10bit.60fps.HIFI2.0.&AAC5.1.4Audios.mkv', 'S01E10.2025.2160p.WEB-DL.H265.10bit.60fps.HIFI2.0.&AAC5.1.4Audios.mkv', 'S01E09.2025.2160p.WEB-DL.H265.10bit.60fps.HIFI2.0.&AAC5.1.4Audios.mkv', 'S01E08.2025.2160p.WEB-DL.H265.10bit.60fps.HIFI2.0.&AAC5.1.4Audios.mkv', 'S01E07.2025.2160p.WEB-DL.H265.10bit.60fps.HIFI2.0.&AAC5.1.4Audios.mkv', 'S01E06.2025.2160p.WEB-DL.H265.10bit.60fps.HIFI2.0.&AAC5.1.4Audios.mkv', 'S01E05.2025.2160p.WEB-DL.H265.10bit.60fps.HIFI2.0.&AAC5.1.4Audios.mkv', 'S01E04.2025.2160p.WEB-DL.H265.10bit.60fps.HIFI2.0.&AAC5.1.4Audios.mkv', 'S01E03.2025.2160p.WEB-DL.H265.10bit.60fps.HIFI2.0.&AAC5.1.4Audios.mkv', 'S01E02.2025.2160p.WEB-DL.H265.10bit.60fps.HIFI2.0.&AAC5.1.4Audios.mkv', 'S01E01.2025.2160p.WEB-DL.H265.10bit.60fps.HIFI2.0.&AAC5.1.4Audios.mkv']
2025-11-21 14:30:07 [INFO] app.modules.filter.services.target_episode_filter_service:141 - 获取到目标剧集组合，来自链接：https://pan.quark.cn/s/834cbec6d41b
2025-11-21 14:30:07 [INFO] app.modules.filter.flow:138 - 勿扰飞升 | https://pan.quark.cn/s/834cbec6d41b 跳过（更新至 16，比备选https://pan.quark.cn/s/ac810cf770ef | 18 更少）
2025-11-21 14:30:07 [INFO] app.modules.filter.services.regex_target_link_filter:50 - 匹配成功: link_title="勿扰飞升 (2025) 4K 臻彩MAX [HDR.Vivid.60fps] [更新16集]描述：改编自月下蝶影小说《勿扰飞升》 一位在凡尘界备受冷遇的亡国公主箜篌，因机缘巧合意外进入修仙世界，开启全员宠女主模式，从师傅师兄到隔壁门派，整个修仙界都对女主宠爱有加，为了吃苦头，磨练心智，箜篌主动走出舒适圈，要求下山闯荡，偶遇了病弱男子桓宗一起升级打怪闯荡修仙界，没想到桓宗竟然就是自己一直痴迷的修仙话本的大大，也是传说中的修仙界天才，箜篌顺利把作者大大拐回了门派当女婿，两人也在一次次的历练中克服了心魔，突破修为，双双成为了一代宗师。夸克：" movie_title_season="勿扰飞升" pattern="^勿扰飞升.*"
2025-11-21 14:30:07 [INFO] app.modules.filter.services.target_episode_filter_service:137 - 开始处理链接：--- 勿扰飞升 (2025) 4K 臻彩MAX [HDR.Vivid.60fps] [更新16集]描述：改编自月下蝶影小说《勿扰飞升》 一位在凡尘界备受冷遇的亡国公主箜篌，因机缘巧合意外进入修仙世界，开启全员宠女主模式，从师傅师兄到隔壁门派，整个修仙界都对女主宠爱有加，为了吃苦头，磨练心智，箜篌主动走出舒适圈，要求下山闯荡，偶遇了病弱男子桓宗一起升级打怪闯荡修仙界，没想到桓宗竟然就是自己一直痴迷的修仙话本的大大，也是传说中的修仙界天才，箜篌顺利把作者大大拐回了门派当女婿，两人也在一次次的历练中克服了心魔，突破修为，双双成为了一代宗师。夸克： https://pan.quark.cn/s/14b05fefd4a8
2025-11-21 14:30:07 [INFO] app.modules.filter.services.target_episode_filter_service:128 - 最终选择 16 个文件来覆盖新剧集: ['S01E16.2025.2160p.60fps.WEB-DL.HDR.Vivid.H.265.10bit.AAC.mp4', 'S01E15.2025.2160p.60fps.WEB-DL.HDR.Vivid.H.265.10bit.AAC.mp4', 'S01E14.2025.2160p.60fps.WEB-DL.HDR.Vivid.H.265.10bit.AAC.mp4', 'S01E13.2025.2160p.60fps.WEB-DL.HDR.Vivid.H.265.10bit.AAC.mp4', 'S01E12.2025.2160p.60fps.WEB-DL.HDR.Vivid.H.265.10bit.AAC.mp4', 'S01E11.2025.2160p.60fps.WEB-DL.HDR.Vivid.H.265.10bit.AAC.mp4', 'S01E10.2025.2160p.60fps.WEB-DL.HDR.Vivid.H.265.10bit.AAC.mp4', 'S01E09.2025.2160p.60fps.WEB-DL.HDR.Vivid.H.265.10bit.AAC.mp4', 'S01E08.2025.2160p.60fps.WEB-DL.HDR.Vivid.H.265.10bit.AAC.mp4', 'S01E07.2025.2160p.60fps.WEB-DL.HDR.Vivid.H.265.10bit.AAC.mp4', 'S01E06.2025.2160p.60fps.WEB-DL.HDR.Vivid.H.265.10bit.AAC.mp4', 'S01E05.2025.2160p.60fps.WEB-DL.HDR.Vivid.H.265.10bit.AAC.mp4', 'S01E04.2025.2160p.60fps.WEB-DL.HDR.Vivid.H.265.10bit.AAC.mp4', 'S01E03.2025.2160p.60fps.WEB-DL.HDR.Vivid.H.265.10bit.AAC.mp4', 'S01E02.2025.2160p.60fps.WEB-DL.HDR.Vivid.H.265.10bit.AAC.mp4', 'S01E01.2025.2160p.60fps.WEB-DL.HDR.Vivid.H.265.10bit.AAC.mp4']
2025-11-21 14:30:07 [INFO] app.modules.filter.services.target_episode_filter_service:141 - 获取到目标剧集组合，来自链接：https://pan.quark.cn/s/14b05fefd4a8
2025-11-21 14:30:07 [INFO] app.modules.filter.flow:138 - 勿扰飞升 | https://pan.quark.cn/s/14b05fefd4a8 跳过（更新至 16，比备选https://pan.quark.cn/s/ac810cf770ef | 18 更少）
2025-11-21 14:30:07 [INFO] app.modules.filter.services.regex_target_link_filter:50 - 匹配成功: link_title="勿扰飞升(2025)【更16集】【4K.HDR】【高码率】【内嵌简中】描述：改编自月下蝶影小说《勿扰飞升》 一位在凡尘界备受冷遇的亡国公主箜篌，因机缘巧合意外进入修仙世界，开启全员宠女主模式，从师傅师兄到隔壁门派" movie_title_season="勿扰飞升" pattern="^勿扰飞升.*"
2025-11-21 14:30:07 [INFO] app.modules.filter.services.target_episode_filter_service:137 - 开始处理链接：--- 勿扰飞升(2025)【更16集】【4K.HDR】【高码率】【内嵌简中】描述：改编自月下蝶影小说《勿扰飞升》 一位在凡尘界备受冷遇的亡国公主箜篌，因机缘巧合意外进入修仙世界，开启全员宠女主模式，从师傅师兄到隔壁门派 https://pan.quark.cn/s/7628a2df4376
2025-11-21 14:30:08 [INFO] app.modules.filter.services.target_episode_filter_service:128 - 最终选择 17 个文件来覆盖新剧集: ['Flying Up Without Disturb S01E16 - 第 16 集 - 2160p WEB-DL HDR H265 AAC.mkv', 'Flying Up Without Disturb S01E15 - 第 15 集 - 2160p WEB-DL HDR H265 AAC.mkv', 'Flying Up Without Disturb S01E14 - 第 14 集 - 2160p WEB-DL HDR H265 AAC.mkv', 'Flying Up Without Disturb S01E13 - 第 13 集 - 2160p WEB-DL HDR H265 AAC.mkv', 'Flying Up Without Disturb S01E12 - 第 12 集 - 2160p WEB-DL HDR H265 AAC.mkv', 'Flying Up Without Disturb S01E11 - 第 11 集 - 2160p WEB-DL HDR H265 AAC.mkv', 'Flying Up Without Disturb S01E10 - 第 10 集 - 2160p WEB-DL HDR H265 AAC.mkv', 'Flying Up Without Disturb S01E09 - 第 9 集 - 2160p WEB-DL HDR H265 AAC.mkv', 'Flying Up Without Disturb S01E09 - 第 9 集 - 2160p WEB-DL H265 10bit AAC.mp4', 'Flying Up Without Disturb S01E08 - 第 8 集 - 2160p WEB-DL HDR H265 AAC.mkv', 'Flying Up Without Disturb S01E07 - 第 7 集 - 2160p WEB-DL HDR H265 AAC.mkv', 'Flying Up Without Disturb S01E06 - 第 6 集 - 2160p WEB-DL HDR H265 AAC.mkv', 'Flying Up Without Disturb S01E05 - 第 5 集 - 2160p WEB-DL HDR H265 AAC.mkv', 'Flying Up Without Disturb S01E04 - 第 4 集 - 2160p WEB-DL HDR H265 AAC.mkv', 'Flying Up Without Disturb S01E03 - 第 3 集 - 2160p WEB-DL HDR H265 AAC.mkv', 'Flying Up Without Disturb S01E02 - 第 2 集 - 2160p WEB-DL HDR H265 AAC.mkv', 'Flying Up Without Disturb S01E01 - 第 1 集 - 2160p WEB-DL HDR H265 AAC.mkv']
2025-11-21 14:30:08 [INFO] app.modules.filter.services.target_episode_filter_service:141 - 获取到目标剧集组合，来自链接：https://pan.quark.cn/s/7628a2df4376
2025-11-21 14:30:08 [INFO] app.modules.filter.flow:138 - 勿扰飞升 | https://pan.quark.cn/s/7628a2df4376 跳过（更新至 16，比备选https://pan.quark.cn/s/ac810cf770ef | 18 更少）
2025-11-21 14:30:08 [INFO] app.modules.filter.services.regex_target_link_filter:50 - 匹配成功: link_title="勿扰飞升 (2025) 【4K.HDR】【60帧率】【国语中字】【李宏毅/陆婷玉】【古装/剧情】【更新14集】描述：　　改编自月下蝶影小说《勿扰飞升》一位在凡尘界备受冷遇的亡国公主箜篌，因机缘巧合意外进入修仙世界，开启全员宠女主模式，从师傅师兄到隔壁门派，整个修仙界都对女主宠爱有加，为了吃苦头，磨练心智，箜篌主动走出舒适圈，要求下山闯荡，偶遇了病弱男子桓宗一起升级打怪闯荡修仙界，没想到桓宗竟然就是自己一直痴迷的修仙话本的大大，也是传说中的修仙界天才，箜篌顺利把作者大大拐回了门派当女婿，两人也在一次次的历练中克服了心魔，突破修为，双双成为了一代宗" movie_title_season="勿扰飞升" pattern="^勿扰飞升.*"
2025-11-21 14:30:08 [INFO] app.modules.filter.services.target_episode_filter_service:137 - 开始处理链接：--- 勿扰飞升 (2025) 【4K.HDR】【60帧率】【国语中字】【李宏毅/陆婷玉】【古装/剧情】【更新14集】描述：　　改编自月下蝶影小说《勿扰飞升》一位在凡尘界备受冷遇的亡国公主箜篌，因机缘巧合意外进入修仙世界，开启全员宠女主模式，从师傅师兄到隔壁门派，整个修仙界都对女主宠爱有加，为了吃苦头，磨练心智，箜篌主动走出舒适圈，要求下山闯荡，偶遇了病弱男子桓宗一起升级打怪闯荡修仙界，没想到桓宗竟然就是自己一直痴迷的修仙话本的大大，也是传说中的修仙界天才，箜篌顺利把作者大大拐回了门派当女婿，两人也在一次次的历练中克服了心魔，突破修为，双双成为了一代宗 https://pan.quark.cn/s/ac4a79848ff9
2025-11-21 14:30:08 [INFO] app.modules.filter.services.target_episode_filter_service:128 - 最终选择 16 个文件来覆盖新剧集: ['S01E16.2025.2160p.60fps.WEB-DL.AAC5.1.HDR.Vivid.10bits.H.265.mp4', 'S01E15.2025.2160p.60fps.WEB-DL.AAC5.1.HDR.Vivid.10bits.H.265.mp4', 'S01E14.2025.2160p.60fps.WEB-DL.AAC5.1.HDR.Vivid.10bits.H.265.mp4', 'S01E13.2025.2160p.60fps.WEB-DL.AAC5.1.HDR.Vivid.10bits.H.265.mp4', 'S01E12.2025.2160p.60fps.WEB-DL.AAC5.1.HDR.Vivid.10bits.H.265.mp4', 'S01E11.2025.2160p.60fps.WEB-DL.AAC5.1.HDR.Vivid.10bits.H.265.mp4', 'S01E10.2025.2160p.60fps.WEB-DL.AAC5.1.HDR.Vivid.10bits.H.265.mp4', 'S01E09.2025.2160p.60fps.WEB-DL.AAC5.1.HDR.Vivid.10bits.H.265.mp4', 'S01E08.2025.2160p.60fps.WEB-DL.AAC5.1.HDR.Vivid.10bits.H.265.mp4', 'S01E07.2025.2160p.60fps.WEB-DL.AAC5.1.HDR.Vivid.10bits.H.265.mp4', 'S01E06.2025.2160p.60fps.WEB-DL.AAC5.1.HDR.Vivid.10bits.H.265.mp4', 'S01E05.2025.2160p.60fps.WEB-DL.AAC5.1.HDR.Vivid.10bits.H.265.mp4', 'S01E04.2025.2160p.60fps.WEB-DL.AAC5.1.HDR.Vivid.10bits.H.265.mp4', 'S01E03.2025.2160p.60fps.WEB-DL.AAC5.1.HDR.Vivid.10bits.H.265.mp4', 'S01E02.2025.2160p.60fps.WEB-DL.AAC5.1.HDR.Vivid.10bits.H.265.mp4', 'S01E01.2025.2160p.60fps.WEB-DL.AAC5.1.HDR.Vivid.10bits.H.265.mp4']
2025-11-21 14:30:08 [INFO] app.modules.filter.services.target_episode_filter_service:141 - 获取到目标剧集组合，来自链接：https://pan.quark.cn/s/ac4a79848ff9
2025-11-21 14:30:08 [INFO] app.modules.filter.flow:138 - 勿扰飞升 | https://pan.quark.cn/s/ac4a79848ff9 跳过（更新至 16，比备选https://pan.quark.cn/s/ac810cf770ef | 18 更少）
2025-11-21 14:30:08 [INFO] app.modules.filter.flow:158 - 勿扰飞升分享链接遍历完成，无可用分享链接
2025-11-21 14:30:08 [INFO] app.modules.storage_operations.services.save_episodes_to_cloud:44 - 未筛选到适合['mkv', 'mp4', 'avi', 'mov', 'm4v', 'wmv', 'flv', 'torrent', 'srt', 'ass', 'sub', 'mp3', 'aac', 'zip']的链接
2025-11-21 14:30:08 [INFO] app.modules.storage_operations.services.save_episodes_to_cloud:44 - 未筛选到适合['mkv', 'mp4', 'avi', 'mov', 'm4v', 'wmv', 'flv', 'torrent', 'srt', 'ass', 'sub', 'mp3', 'aac', 'zip']的链接
2025-11-21 14:30:23 [INFO] telethon.client.updates:443 - Got difference for channel 2209378593 updates
2025-11-21 14:30:23 [INFO] telethon.client.updates:443 - Got difference for channel 1780401093 updates
2025-11-21 14:30:23 [INFO] telethon.client.updates:443 - Got difference for channel 2269063013 updates
2025-11-21 14:30:24 [INFO] telethon.client.updates:443 - Got difference for channel 1280467440 updates
2025-11-21 14:30:24 [INFO] telethon.client.updates:443 - Got difference for channel 1688099294 updates
2025-11-21 14:30:24 [INFO] telethon.client.updates:443 - Got difference for channel 1580372425 updates
2025-11-21 14:31:23 [INFO] telethon.client.updates:443 - Got difference for channel 1669747816 updates
2025-11-21 14:31:23 [INFO] telethon.client.updates:443 - Got difference for channel 1859684449 updates
2025-11-21 14:32:23 [INFO] telethon.client.updates:443 - Got difference for channel 2209378593 updates
2025-11-21 14:32:23 [INFO] telethon.client.updates:443 - Got difference for channel 1669747816 updates
2025-11-21 14:32:23 [INFO] telethon.client.updates:443 - Got difference for channel 1280467440 updates
2025-11-21 14:32:24 [INFO] telethon.client.updates:443 - Got difference for channel 2158983339 updates
2025-11-21 14:33:23 [INFO] telethon.client.updates:443 - Got difference for channel 1688099294 updates
2025-11-21 14:33:23 [INFO] telethon.client.updates:443 - Got difference for channel 1938447671 updates
2025-11-21 14:33:23 [INFO] telethon.client.updates:443 - Got difference for channel 2209378593 updates
2025-11-21 14:33:29 [INFO] telethon.client.updates:443 - Got difference for channel 2193554291 updates
2025-11-21 14:34:23 [INFO] telethon.client.updates:443 - Got difference for channel 1580372425 updates
2025-11-21 14:34:23 [INFO] telethon.client.updates:443 - Got difference for channel 2600169516 updates
2025-11-21 14:34:23 [INFO] telethon.client.updates:443 - Got difference for channel 2158983339 updates
2025-11-21 14:34:24 [INFO] telethon.client.updates:443 - Got difference for channel 2269063013 updates
2025-11-21 14:35:00 [INFO] app.core.scheduler:480 - Dispatching scheduled job f8e4963f2a92414589a557957998c0a7 -> 将所有网盘已更新到最新进度的movie推送到平台
2025-11-21 14:35:00 [INFO] app.core.scheduler:506 - Scheduled job f8e4963f2a92414589a557957998c0a7 dispatched to task_manager
2025-11-21 14:35:00 [INFO] root:162 - [task ac528787ca5c49d990cc7667574c19e8] log handler attached for capture
2025-11-21 14:35:00 [INFO] app.flow.sync_new_movie_flow:327 - 将['赴山海', '欢乐家长群2', '暴风圈', '照镜辞', '漫威丧尸', '弥留之国的爱丽丝 第三季', '行骗天下KR', '健力士王朝', '犯罪现场 Zero', '科斯缇娜酒店', '入青云', '回魂计', '水龙吟', '锦月令', '新闻女王2', '棕眼之谜', '三人行', '黑盒子', '大厨小婿']发布至平台
2025-11-21 14:35:03 [INFO] telethon.client.updates:443 - Got difference for channel 1280467440 updates
2025-11-21 14:35:03 [INFO] telethon.client.updates:443 - Got difference for channel 2209378593 updates
2025-11-21 14:35:03 [INFO] telethon.client.updates:443 - Got difference for channel 1688099294 updates
2025-11-21 14:35:23 [INFO] telethon.client.updates:443 - Got difference for channel 2209378593 updates
2025-11-21 14:35:23 [INFO] telethon.client.updates:443 - Got difference for channel 1850014529 updates
2025-11-21 14:36:23 [INFO] telethon.client.updates:443 - Got difference for channel 1280467440 updates
2025-11-21 14:36:24 [INFO] telethon.client.updates:443 - Got difference for channel 2209378593 updates
2025-11-21 14:36:24 [INFO] telethon.client.updates:443 - Got difference for channel 2193554291 updates
2025-11-21 14:36:24 [INFO] telethon.client.updates:443 - Got difference for channel 1780401093 updates
2025-11-21 14:36:24 [INFO] telethon.client.updates:443 - Got difference for channel 1688099294 updates
2025-11-21 14:36:25 [INFO] telethon.client.updates:443 - Got difference for channel 2016939647 updates
2025-11-21 14:37:22 [INFO] telethon.client.updates:344 - Got difference for account updates
2025-11-21 14:37:22 [INFO] telethon.client.updates:443 - Got difference for channel 2209378593 updates
2025-11-21 14:37:22 [INFO] telethon.client.updates:443 - Got difference for channel 1290825027 updates
2025-11-21 14:37:22 [INFO] telethon.client.updates:443 - Got difference for channel 1688099294 updates
2025-11-21 14:37:23 [INFO] telethon.client.updates:443 - Got difference for channel 2158983339 updates
2025-11-21 14:37:23 [INFO] telethon.client.updates:443 - Got difference for channel 1642618802 updates
2025-11-21 14:37:23 [INFO] telethon.client.updates:443 - Got difference for channel 1617621330 updates
2025-11-21 14:37:24 [INFO] telethon.client.updates:443 - Got difference for channel 1401724496 updates
2025-11-21 14:37:24 [INFO] telethon.client.updates:443 - Got difference for channel 2073046329 updates
2025-11-21 14:37:24 [INFO] telethon.client.updates:443 - Got difference for channel 1373840858 updates
2025-11-21 14:37:26 [INFO] telethon.client.updates:443 - Got difference for channel 1669747816 updates
2025-11-21 14:37:26 [INFO] telethon.client.updates:443 - Got difference for channel 1538105589 updates
2025-11-21 14:37:27 [INFO] telethon.client.updates:443 - Got difference for channel 1084638970 updates
2025-11-21 14:38:11 [INFO] telethon.client.updates:443 - Got difference for channel 1850014529 updates
2025-11-21 14:38:12 [INFO] telethon.client.updates:443 - Got difference for channel 1688099294 updates
2025-11-21 14:38:12 [INFO] telethon.client.updates:443 - Got difference for channel 2209378593 updates
2025-11-21 14:38:23 [INFO] telethon.client.updates:443 - Got difference for channel 1373840858 updates
2025-11-21 14:38:24 [INFO] telethon.client.updates:443 - Got difference for channel 2209378593 updates
2025-11-21 14:38:24 [INFO] telethon.client.updates:443 - Got difference for channel 2600169516 updates
2025-11-21 14:38:24 [INFO] telethon.client.updates:443 - Got difference for channel 1641913470 updates
2025-11-21 14:39:23 [INFO] telethon.client.updates:443 - Got difference for channel 1401724496 updates
2025-11-21 14:39:23 [INFO] telethon.client.updates:443 - Got difference for channel 1780401093 updates
2025-11-21 14:39:24 [INFO] telethon.client.updates:443 - Got difference for channel 1373840858 updates
2025-11-21 14:39:24 [INFO] telethon.client.updates:443 - Got difference for channel 1688099294 updates
2025-11-21 14:39:24 [INFO] telethon.client.updates:443 - Got difference for channel 2209378593 updates
2025-11-21 14:39:24 [INFO] telethon.client.updates:443 - Got difference for channel 2269063013 updates
2025-11-21 14:39:25 [INFO] telethon.client.updates:443 - Got difference for channel 2158983339 updates
2025-11-21 14:39:25 [INFO] telethon.client.updates:443 - Got difference for channel 2193554291 updates
2025-11-21 14:39:25 [INFO] telethon.client.updates:443 - Got difference for channel 1938447671 updates
2025-11-21 14:40:00 [INFO] app.core.scheduler:480 - Dispatching scheduled job f8e4963f2a92414589a557957998c0a7 -> 将所有网盘已更新到最新进度的movie推送到平台
2025-11-21 14:40:00 [INFO] app.core.scheduler:506 - Scheduled job f8e4963f2a92414589a557957998c0a7 dispatched to task_manager
2025-11-21 14:40:00 [INFO] root:162 - [task cf6d48d6996f426ebf80e63c8e9a4cba] log handler attached for capture
2025-11-21 14:40:00 [INFO] app.flow.sync_new_movie_flow:327 - 将['赴山海', '欢乐家长群2', '暴风圈', '照镜辞', '漫威丧尸', '弥留之国的爱丽丝 第三季', '行骗天下KR', '健力士王朝', '犯罪现场 Zero', '科斯缇娜酒店', '入青云', '回魂计', '水龙吟', '锦月令', '新闻女王2', '棕眼之谜', '三人行', '黑盒子', '大厨小婿']发布至平台
2025-11-21 14:40:23 [INFO] telethon.client.updates:443 - Got difference for channel 1850014529 updates
2025-11-21 14:40:23 [INFO] telethon.client.updates:443 - Got difference for channel 1780401093 updates
2025-11-21 14:40:24 [INFO] telethon.client.updates:443 - Got difference for channel 1688099294 updates
2025-11-21 14:40:24 [INFO] telethon.client.updates:443 - Got difference for channel 2209378593 updates
2025-11-21 14:40:24 [INFO] telethon.client.updates:443 - Got difference for channel 2158983339 updates
2025-11-21 14:41:23 [INFO] telethon.client.updates:443 - Got difference for channel 1561455638 updates
2025-11-21 14:41:24 [INFO] telethon.client.updates:443 - Got difference for channel 1688099294 updates
2025-11-21 14:41:24 [INFO] telethon.client.updates:443 - Got difference for channel 2209378593 updates
2025-11-21 14:41:24 [INFO] telethon.client.updates:443 - Got difference for channel 1580372425 updates
2025-11-21 14:41:24 [INFO] telethon.client.updates:443 - Got difference for channel 1831403495 updates
2025-11-21 14:42:23 [INFO] telethon.client.updates:443 - Got difference for channel 1688099294 updates
2025-11-21 14:42:23 [INFO] telethon.client.updates:443 - Got difference for channel 2209378593 updates
2025-11-21 14:42:24 [INFO] telethon.client.updates:443 - Got difference for channel 2193554291 updates
2025-11-21 14:42:24 [INFO] telethon.client.updates:443 - Got difference for channel 1084638970 updates
2025-11-21 14:42:24 [INFO] telethon.client.updates:443 - Got difference for channel 2600169516 updates
2025-11-21 14:43:07 [INFO] telethon.client.updates:443 - Got difference for channel 1780401093 updates
2025-11-21 14:43:07 [INFO] telethon.client.updates:443 - Got difference for channel 1580372425 updates
2025-11-21 14:43:07 [INFO] telethon.client.updates:443 - Got difference for channel 2209378593 updates
2025-11-21 14:43:23 [INFO] telethon.client.updates:443 - Got difference for channel 1688099294 updates
2025-11-21 14:44:23 [INFO] telethon.client.updates:443 - Got difference for channel 1669747816 updates
2025-11-21 14:44:24 [INFO] telethon.client.updates:443 - Got difference for channel 2209378593 updates
2025-11-21 14:44:24 [INFO] telethon.client.updates:443 - Got difference for channel 2016939647 updates
2025-11-21 14:45:00 [INFO] app.core.scheduler:480 - Dispatching scheduled job 6f853106834c42dbb500a627c0aa1bbc -> 同步今日可更新影视资源到网盘
2025-11-21 14:45:00 [INFO] app.core.scheduler:506 - Scheduled job 6f853106834c42dbb500a627c0aa1bbc dispatched to task_manager
2025-11-21 14:45:00 [INFO] app.core.scheduler:480 - Dispatching scheduled job f8e4963f2a92414589a557957998c0a7 -> 将所有网盘已更新到最新进度的movie推送到平台
2025-11-21 14:45:00 [INFO] app.core.scheduler:506 - Scheduled job f8e4963f2a92414589a557957998c0a7 dispatched to task_manager
2025-11-21 14:45:00 [INFO] root:162 - [task 052f7924bd71464c900637fdd3c08462] log handler attached for capture
2025-11-21 14:45:00 [INFO] root:162 - [task 638b757c2659406c920e7a856b055052] log handler attached for capture
2025-11-21 14:45:00 [INFO] app.flow.sync_new_movie_flow:181 - 今日已到更新时间点的movie:['新闻女王2', '勿扰飞升']
2025-11-21 14:45:00 [WARNING] app.flow.sync_new_movie_flow:186 - 这些movie由于tmdb_info为空无法同步：[]
2025-11-21 14:45:00 [INFO] app.flow.sync_new_movie_flow:327 - 将['赴山海', '欢乐家长群2', '暴风圈', '照镜辞', '漫威丧尸', '弥留之国的爱丽丝 第三季', '行骗天下KR', '健力士王朝', '犯罪现场 Zero', '科斯缇娜酒店', '入青云', '回魂计', '水龙吟', '锦月令', '新闻女王2', '棕眼之谜', '三人行', '黑盒子', '大厨小婿']发布至平台
2025-11-21 14:45:04 [INFO] app.modules.filter.services.regex_target_link_filter:50 - 匹配成功: link_title="勿扰飞升" movie_title_season="勿扰飞升" pattern="^勿扰飞升.*"
2025-11-21 14:45:04 [INFO] app.modules.filter.services.target_episode_filter_service:137 - 开始处理链接：--- 勿扰飞升 https://pan.quark.cn/s/c44537b7846d
2025-11-21 14:45:04 [INFO] app.modules.filter.services.target_episode_filter_service:128 - 最终选择 12 个文件来覆盖新剧集: ['12-4K.高码率.mkv', '11-4K.高码率.mkv', '10-4K.高码率.mkv', '09-4K.高码率.mkv', '08-4K.高码率.mkv', '07-4K.高码率.mkv', '06-4K.高码率.mkv', '05-4K.高码率.mkv', '04-4K.高码率.mkv', '03-4K.高码率.mkv', '02-4K.高码率.mkv', '01-4K.高码率.mkv']
2025-11-21 14:45:04 [INFO] app.modules.filter.services.target_episode_filter_service:141 - 获取到目标剧集组合，来自链接：https://pan.quark.cn/s/c44537b7846d
2025-11-21 14:45:04 [INFO] app.modules.filter.flow:128 - 勿扰飞升 | https://pan.quark.cn/s/c44537b7846d 作为备选（更新至 12/19）
2025-11-21 14:45:04 [INFO] app.modules.filter.services.regex_target_link_filter:50 - 匹配成功: link_title="勿扰飞升 4K[臻彩]" movie_title_season="勿扰飞升" pattern="^勿扰飞升.*"
2025-11-21 14:45:04 [INFO] app.modules.filter.services.target_episode_filter_service:137 - 开始处理链接：--- 勿扰飞升 4K[臻彩] https://pan.quark.cn/s/c95b84316aeb
2025-11-21 14:45:05 [INFO] app.modules.filter.services.regex_target_link_filter:50 - 匹配成功: link_title="勿扰飞升" movie_title_season="勿扰飞升" pattern="^勿扰飞升.*"
2025-11-21 14:45:05 [INFO] app.modules.filter.services.target_episode_filter_service:137 - 开始处理链接：--- 勿扰飞升 https://pan.quark.cn/s/ac810cf770ef
2025-11-21 14:45:05 [INFO] app.modules.filter.services.target_episode_filter_service:128 - 最终选择 34 个文件来覆盖新剧集: ['S01E16.2025.2160p.WEB-DL.H265.10bit.60fps.HIFI2.0.&AAC5.1.4Audios.mkv', 'S01E15.2025.2160p.WEB-DL.H265.10bit.60fps.HIFI2.0.&AAC5.1.4Audios.mkv', 'S01E14.2025.2160p.WEB-DL.H265.10bit.60fps.HIFI2.0.&AAC5.1.4Audios.mkv', 'S01E13.2025.2160p.WEB-DL.H265.10bit.60fps.HIFI2.0.&AAC5.1.4Audios.mkv', 'S01E12.2025.2160p.WEB-DL.H265.10bit.60fps.HIFI2.0.&AAC5.1.4Audios.mkv', 'S01E11.2025.2160p.WEB-DL.H265.10bit.60fps.HIFI2.0.&AAC5.1.4Audios.mkv', 'S01E10.2025.2160p.WEB-DL.H265.10bit.60fps.HIFI2.0.&AAC5.1.4Audios.mkv', 'S01E09.2025.2160p.WEB-DL.H265.10bit.60fps.HIFI2.0.&AAC5.1.4Audios.mkv', 'S01E08.2025.2160p.WEB-DL.H265.10bit.60fps.HIFI2.0.&AAC5.1.4Audios.mkv', 'S01E07.2025.2160p.WEB-DL.H265.10bit.60fps.HIFI2.0.&AAC5.1.4Audios.mkv', 'S01E06.2025.2160p.WEB-DL.H265.10bit.60fps.HIFI2.0.&AAC5.1.4Audios.mkv', 'S01E05.2025.2160p.WEB-DL.H265.10bit.60fps.HIFI2.0.&AAC5.1.4Audios.mkv', 'S01E04.2025.2160p.WEB-DL.H265.10bit.60fps.HIFI2.0.&AAC5.1.4Audios.mkv', 'S01E03.2025.2160p.WEB-DL.H265.10bit.60fps.HIFI2.0.&AAC5.1.4Audios.mkv', 'S01E02.2025.2160p.WEB-DL.H265.10bit.60fps.HIFI2.0.&AAC5.1.4Audios.mkv', 'S01E01.2025.2160p.WEB-DL.H265.10bit.60fps.HIFI2.0.&AAC5.1.4Audios.mkv', 'S01E18.mkv', 'S01E17.mkv', 'S01E16.2025.2160p.60fps.WEB-DL.H265.10bit.AAC.mp4', 'S01E15.2025.2160p.60fps.WEB-DL.H265.10bit.AAC.mp4', 'S01E14.2025.2160p.60fps.WEB-DL.H265.10bit.AAC.mp4', 'S01E13.2025.2160p.60fps.WEB-DL.H265.10bit.AAC.mp4', 'S01E12.2025.2160p.60fps.WEB-DL.H265.10bit.AAC.mp4', 'S01E11.2025.2160p.60fps.WEB-DL.H265.10bit.AAC.mp4', 'S01E10.2025.2160p.60fps.WEB-DL.H265.10bit.AAC.mp4', 'S01E09.2025.2160p.60fps.WEB-DL.H265.10bit.AAC.mp4', 'S01E08.2025.2160p.60fps.WEB-DL.H265.10bit.AAC.mp4', 'S01E07.2025.2160p.60fps.WEB-DL.H265.10bit.AAC.mp4', 'S01E06.2025.2160p.60fps.WEB-DL.H265.10bit.AAC.mp4', 'S01E05.2025.2160p.60fps.WEB-DL.H265.10bit.AAC.mp4', 'S01E04.2025.2160p.60fps.WEB-DL.H265.10bit.AAC.mp4', 'S01E03.2025.2160p.60fps.WEB-DL.H265.10bit.AAC.mp4', 'S01E02.2025.2160p.60fps.WEB-DL.H265.10bit.AAC.mp4', 'S01E01.2025.2160p.60fps.WEB-DL.H265.10bit.AAC.mp4']
2025-11-21 14:45:05 [INFO] app.modules.filter.services.target_episode_filter_service:141 - 获取到目标剧集组合，来自链接：https://pan.quark.cn/s/ac810cf770ef
2025-11-21 14:45:05 [INFO] app.modules.filter.flow:128 - 勿扰飞升 | https://pan.quark.cn/s/ac810cf770ef 作为备选（更新至 18/19）
2025-11-21 14:45:05 [INFO] app.modules.filter.services.regex_target_link_filter:50 - 匹配成功: link_title="勿扰飞升‎ (2025) 4K HDR 高码率 60帧 杜比音效&立体全景声 中文字幕【4.7GB/集】更18集描述： 改编自月下蝶影小说《勿扰飞升》 一位在凡尘界备受冷遇的亡国公主箜篌，因机缘巧合意外进入修仙世界，开启全员宠女主模式，从师傅师兄到隔壁门派，整个修仙界都对女主宠爱有加，为了吃苦头，磨练心智，箜篌主动走出舒适圈，要求下山闯荡，偶遇了病弱男子桓宗一起升级打怪闯荡修仙界，没想到桓宗竟然就是自己一直痴迷的修仙话本的大大，也是传说中的修仙界天才，箜篌顺利把作者大大拐回了门派当女婿，两人也在一次次的历练中克服了心魔，突破修为，双双成为了一代宗师。" movie_title_season="勿扰飞升" pattern="^勿扰飞升.*"
2025-11-21 14:45:05 [INFO] app.modules.filter.services.target_episode_filter_service:137 - 开始处理链接：--- 勿扰飞升‎ (2025) 4K HDR 高码率 60帧 杜比音效&立体全景声 中文字幕【4.7GB/集】更18集描述： 改编自月下蝶影小说《勿扰飞升》 一位在凡尘界备受冷遇的亡国公主箜篌，因机缘巧合意外进入修仙世界，开启全员宠女主模式，从师傅师兄到隔壁门派，整个修仙界都对女主宠爱有加，为了吃苦头，磨练心智，箜篌主动走出舒适圈，要求下山闯荡，偶遇了病弱男子桓宗一起升级打怪闯荡修仙界，没想到桓宗竟然就是自己一直痴迷的修仙话本的大大，也是传说中的修仙界天才，箜篌顺利把作者大大拐回了门派当女婿，两人也在一次次的历练中克服了心魔，突破修为，双双成为了一代宗师。 https://pan.quark.cn/s/8ea3b9618153
2025-11-21 14:45:06 [INFO] app.modules.filter.services.regex_target_link_filter:50 - 匹配成功: link_title="勿扰飞升 更新至18集 4K SDR 60帧 高码率https://pan.baidu.com/s/1DnTLXQryvfO6b-CJGPFUmQ?pwd=26us" movie_title_season="勿扰飞升" pattern="^勿扰飞升.*"
2025-11-21 14:45:06 [INFO] app.modules.filter.services.target_episode_filter_service:137 - 开始处理链接：--- 勿扰飞升 更新至18集 4K SDR 60帧 高码率https://pan.baidu.com/s/1DnTLXQryvfO6b-CJGPFUmQ?pwd=26us https://pan.quark.cn/s/7d124130b79f
2025-11-21 14:45:06 [INFO] app.modules.filter.services.target_episode_filter_service:128 - 最终选择 18 个文件来覆盖新剧集: ['Flying.Up.Without.Disturb.2025.S01E18.2160p.WEB-DL.60fps.H.265.DDP2.0.mp4', 'Flying.Up.Without.Disturb.2025.S01E17.2160p.WEB-DL.60fps.H.265.DDP2.0.mp4', 'Flying.Up.Without.Disturb.2025.S01E16.2160p.WEB-DL.60fps.H.265.DDP2.0.mp4', 'Flying.Up.Without.Disturb.2025.S01E15.2160p.WEB-DL.60fps.H.265.DDP2.0.mp4', 'Flying.Up.Without.Disturb.2025.S01E14.2160p.WEB-DL.60fps.H.265.DDP2.0.mp4', 'Flying.Up.Without.Disturb.2025.S01E13.2160p.WEB-DL.60fps.H.265.DDP2.0.mp4', 'Flying.Up.Without.Disturb.2025.S01E12.2160p.WEB-DL.60fps.H.265.DDP2.0.mp4', 'Flying.Up.Without.Disturb.2025.S01E11.2160p.WEB-DL.60fps.H.265.DDP2.0.mp4', 'Flying.Up.Without.Disturb.2025.S01E10.2160p.WEB-DL.60fps.H.265.DDP2.0.mp4', 'Flying.Up.Without.Disturb.2025.S01E09.2160p.WEB-DL.60fps.H.265.DDP2.0.mp4', 'Flying.Up.Without.Disturb.2025.S01E08.2160p.WEB-DL.60fps.H.265.DDP2.0.mp4', 'Flying.Up.Without.Disturb.2025.S01E07.2160p.WEB-DL.60fps.H.265.DDP2.0.mp4', 'Flying.Up.Without.Disturb.2025.S01E06.2160p.WEB-DL.60fps.H.265.DDP2.0.mp4', 'Flying.Up.Without.Disturb.2025.S01E05.2160p.WEB-DL.60fps.H.265.DDP2.0.mp4', 'Flying.Up.Without.Disturb.2025.S01E04.2160p.WEB-DL.60fps.H.265.DDP2.0.mp4', 'Flying.Up.Without.Disturb.2025.S01E03.2160p.WEB-DL.60fps.H.265.DDP2.0.mp4', 'Flying.Up.Without.Disturb.2025.S01E02.2160p.WEB-DL.60fps.H.265.DDP2.0.mp4', 'Flying.Up.Without.Disturb.2025.S01E01.2160p.WEB-DL.60fps.H.265.DDP2.0.mp4']
2025-11-21 14:45:06 [INFO] app.modules.filter.services.target_episode_filter_service:141 - 获取到目标剧集组合，来自链接：https://pan.quark.cn/s/7d124130b79f
2025-11-21 14:45:06 [INFO] app.modules.filter.flow:138 - 勿扰飞升 | https://pan.quark.cn/s/7d124130b79f 跳过（更新至 18，比备选https://pan.quark.cn/s/ac810cf770ef | 18 更少）
2025-11-21 14:45:06 [INFO] app.modules.filter.services.regex_target_link_filter:50 - 匹配成功: link_title="勿扰飞升（2025）4K HDR 60FPS S01E01 - E18.描述：一位在凡尘界备受冷遇的亡国公主箜篌，因机缘巧合意外进入修仙世界，为磨练心智，主动下山闯荡，偶遇了病弱男子桓宗一起升级打怪闯荡修仙界并发展出深厚的感情的故事。." movie_title_season="勿扰飞升" pattern="^勿扰飞升.*"
2025-11-21 14:45:06 [INFO] app.modules.filter.services.target_episode_filter_service:137 - 开始处理链接：--- 勿扰飞升（2025）4K HDR 60FPS S01E01 - E18.描述：一位在凡尘界备受冷遇的亡国公主箜篌，因机缘巧合意外进入修仙世界，为磨练心智，主动下山闯荡，偶遇了病弱男子桓宗一起升级打怪闯荡修仙界并发展出深厚的感情的故事。. https://pan.quark.cn/s/302904b43b18
2025-11-21 14:45:06 [INFO] app.modules.filter.services.target_episode_filter_service:128 - 最终选择 18 个文件来覆盖新剧集: ['S01E18.mkv', 'S01E17.mkv', 'S01E16.mkv', 'S01E15.mkv', 'S01E14.mkv', 'S01E13.mkv', 'S01E12.mkv', 'S01E11.mkv', 'S01E10.mkv', 'S01E09.mkv', 'S01E08.mkv', 'S01E07.mkv', 'S01E06.mkv', 'S01E05.mkv', 'S01E04.mkv', 'S01E03.mkv', 'S01E02.mkv', 'S01E01.mkv']
2025-11-21 14:45:06 [INFO] app.modules.filter.services.target_episode_filter_service:141 - 获取到目标剧集组合，来自链接：https://pan.quark.cn/s/302904b43b18
2025-11-21 14:45:06 [INFO] app.modules.filter.flow:138 - 勿扰飞升 | https://pan.quark.cn/s/302904b43b18 跳过（更新至 18，比备选https://pan.quark.cn/s/ac810cf770ef | 18 更少）
2025-11-21 14:45:06 [INFO] app.modules.filter.services.regex_target_link_filter:50 - 匹配成功: link_title="勿扰飞升（又名: Flying Without Disturb）【2025国剧】（主演: 李宏毅 / 陆婷玉 ）更新至 第16集 4K SDR 60帧 高码率 [杜比音效&HIFI声&立体环绕声]【单集4G,共72G】纯净版" movie_title_season="勿扰飞升" pattern="^勿扰飞升.*"
2025-11-21 14:45:06 [INFO] app.modules.filter.services.target_episode_filter_service:137 - 开始处理链接：--- 勿扰飞升（又名: Flying Without Disturb）【2025国剧】（主演: 李宏毅 / 陆婷玉 ）更新至 第16集 4K SDR 60帧 高码率 [杜比音效&HIFI声&立体环绕声]【单集4G,共72G】纯净版 https://pan.quark.cn/s/834cbec6d41b
2025-11-21 14:45:06 [INFO] app.modules.filter.services.target_episode_filter_service:128 - 最终选择 16 个文件来覆盖新剧集: ['S01E16.2025.2160p.WEB-DL.H265.10bit.60fps.HIFI2.0.&AAC5.1.4Audios.mkv', 'S01E15.2025.2160p.WEB-DL.H265.10bit.60fps.HIFI2.0.&AAC5.1.4Audios.mkv', 'S01E14.2025.2160p.WEB-DL.H265.10bit.60fps.HIFI2.0.&AAC5.1.4Audios.mkv', 'S01E13.2025.2160p.WEB-DL.H265.10bit.60fps.HIFI2.0.&AAC5.1.4Audios.mkv', 'S01E12.2025.2160p.WEB-DL.H265.10bit.60fps.HIFI2.0.&AAC5.1.4Audios.mkv', 'S01E11.2025.2160p.WEB-DL.H265.10bit.60fps.HIFI2.0.&AAC5.1.4Audios.mkv', 'S01E10.2025.2160p.WEB-DL.H265.10bit.60fps.HIFI2.0.&AAC5.1.4Audios.mkv', 'S01E09.2025.2160p.WEB-DL.H265.10bit.60fps.HIFI2.0.&AAC5.1.4Audios.mkv', 'S01E08.2025.2160p.WEB-DL.H265.10bit.60fps.HIFI2.0.&AAC5.1.4Audios.mkv', 'S01E07.2025.2160p.WEB-DL.H265.10bit.60fps.HIFI2.0.&AAC5.1.4Audios.mkv', 'S01E06.2025.2160p.WEB-DL.H265.10bit.60fps.HIFI2.0.&AAC5.1.4Audios.mkv', 'S01E05.2025.2160p.WEB-DL.H265.10bit.60fps.HIFI2.0.&AAC5.1.4Audios.mkv', 'S01E04.2025.2160p.WEB-DL.H265.10bit.60fps.HIFI2.0.&AAC5.1.4Audios.mkv', 'S01E03.2025.2160p.WEB-DL.H265.10bit.60fps.HIFI2.0.&AAC5.1.4Audios.mkv', 'S01E02.2025.2160p.WEB-DL.H265.10bit.60fps.HIFI2.0.&AAC5.1.4Audios.mkv', 'S01E01.2025.2160p.WEB-DL.H265.10bit.60fps.HIFI2.0.&AAC5.1.4Audios.mkv']
2025-11-21 14:45:06 [INFO] app.modules.filter.services.target_episode_filter_service:141 - 获取到目标剧集组合，来自链接：https://pan.quark.cn/s/834cbec6d41b
2025-11-21 14:45:06 [INFO] app.modules.filter.flow:138 - 勿扰飞升 | https://pan.quark.cn/s/834cbec6d41b 跳过（更新至 16，比备选https://pan.quark.cn/s/ac810cf770ef | 18 更少）
2025-11-21 14:45:07 [INFO] app.modules.filter.services.regex_target_link_filter:50 - 匹配成功: link_title="勿扰飞升 (2025) 4K 臻彩MAX [HDR.Vivid.60fps] [更新16集]描述：改编自月下蝶影小说《勿扰飞升》 一位在凡尘界备受冷遇的亡国公主箜篌，因机缘巧合意外进入修仙世界，开启全员宠女主模式，从师傅师兄到隔壁门派，整个修仙界都对女主宠爱有加，为了吃苦头，磨练心智，箜篌主动走出舒适圈，要求下山闯荡，偶遇了病弱男子桓宗一起升级打怪闯荡修仙界，没想到桓宗竟然就是自己一直痴迷的修仙话本的大大，也是传说中的修仙界天才，箜篌顺利把作者大大拐回了门派当女婿，两人也在一次次的历练中克服了心魔，突破修为，双双成为了一代宗师。夸克：" movie_title_season="勿扰飞升" pattern="^勿扰飞升.*"
2025-11-21 14:45:07 [INFO] app.modules.filter.services.target_episode_filter_service:137 - 开始处理链接：--- 勿扰飞升 (2025) 4K 臻彩MAX [HDR.Vivid.60fps] [更新16集]描述：改编自月下蝶影小说《勿扰飞升》 一位在凡尘界备受冷遇的亡国公主箜篌，因机缘巧合意外进入修仙世界，开启全员宠女主模式，从师傅师兄到隔壁门派，整个修仙界都对女主宠爱有加，为了吃苦头，磨练心智，箜篌主动走出舒适圈，要求下山闯荡，偶遇了病弱男子桓宗一起升级打怪闯荡修仙界，没想到桓宗竟然就是自己一直痴迷的修仙话本的大大，也是传说中的修仙界天才，箜篌顺利把作者大大拐回了门派当女婿，两人也在一次次的历练中克服了心魔，突破修为，双双成为了一代宗师。夸克： https://pan.quark.cn/s/14b05fefd4a8
2025-11-21 14:45:07 [INFO] app.modules.filter.services.target_episode_filter_service:128 - 最终选择 16 个文件来覆盖新剧集: ['S01E16.2025.2160p.60fps.WEB-DL.HDR.Vivid.H.265.10bit.AAC.mp4', 'S01E15.2025.2160p.60fps.WEB-DL.HDR.Vivid.H.265.10bit.AAC.mp4', 'S01E14.2025.2160p.60fps.WEB-DL.HDR.Vivid.H.265.10bit.AAC.mp4', 'S01E13.2025.2160p.60fps.WEB-DL.HDR.Vivid.H.265.10bit.AAC.mp4', 'S01E12.2025.2160p.60fps.WEB-DL.HDR.Vivid.H.265.10bit.AAC.mp4', 'S01E11.2025.2160p.60fps.WEB-DL.HDR.Vivid.H.265.10bit.AAC.mp4', 'S01E10.2025.2160p.60fps.WEB-DL.HDR.Vivid.H.265.10bit.AAC.mp4', 'S01E09.2025.2160p.60fps.WEB-DL.HDR.Vivid.H.265.10bit.AAC.mp4', 'S01E08.2025.2160p.60fps.WEB-DL.HDR.Vivid.H.265.10bit.AAC.mp4', 'S01E07.2025.2160p.60fps.WEB-DL.HDR.Vivid.H.265.10bit.AAC.mp4', 'S01E06.2025.2160p.60fps.WEB-DL.HDR.Vivid.H.265.10bit.AAC.mp4', 'S01E05.2025.2160p.60fps.WEB-DL.HDR.Vivid.H.265.10bit.AAC.mp4', 'S01E04.2025.2160p.60fps.WEB-DL.HDR.Vivid.H.265.10bit.AAC.mp4', 'S01E03.2025.2160p.60fps.WEB-DL.HDR.Vivid.H.265.10bit.AAC.mp4', 'S01E02.2025.2160p.60fps.WEB-DL.HDR.Vivid.H.265.10bit.AAC.mp4', 'S01E01.2025.2160p.60fps.WEB-DL.HDR.Vivid.H.265.10bit.AAC.mp4']
2025-11-21 14:45:07 [INFO] app.modules.filter.services.target_episode_filter_service:141 - 获取到目标剧集组合，来自链接：https://pan.quark.cn/s/14b05fefd4a8
2025-11-21 14:45:07 [INFO] app.modules.filter.flow:138 - 勿扰飞升 | https://pan.quark.cn/s/14b05fefd4a8 跳过（更新至 16，比备选https://pan.quark.cn/s/ac810cf770ef | 18 更少）
2025-11-21 14:45:07 [INFO] app.modules.filter.services.regex_target_link_filter:50 - 匹配成功: link_title="勿扰飞升(2025)【更16集】【4K.HDR】【高码率】【内嵌简中】描述：改编自月下蝶影小说《勿扰飞升》 一位在凡尘界备受冷遇的亡国公主箜篌，因机缘巧合意外进入修仙世界，开启全员宠女主模式，从师傅师兄到隔壁门派" movie_title_season="勿扰飞升" pattern="^勿扰飞升.*"
2025-11-21 14:45:07 [INFO] app.modules.filter.services.target_episode_filter_service:137 - 开始处理链接：--- 勿扰飞升(2025)【更16集】【4K.HDR】【高码率】【内嵌简中】描述：改编自月下蝶影小说《勿扰飞升》 一位在凡尘界备受冷遇的亡国公主箜篌，因机缘巧合意外进入修仙世界，开启全员宠女主模式，从师傅师兄到隔壁门派 https://pan.quark.cn/s/7628a2df4376
2025-11-21 14:45:08 [INFO] app.modules.filter.services.target_episode_filter_service:128 - 最终选择 17 个文件来覆盖新剧集: ['Flying Up Without Disturb S01E16 - 第 16 集 - 2160p WEB-DL HDR H265 AAC.mkv', 'Flying Up Without Disturb S01E15 - 第 15 集 - 2160p WEB-DL HDR H265 AAC.mkv', 'Flying Up Without Disturb S01E14 - 第 14 集 - 2160p WEB-DL HDR H265 AAC.mkv', 'Flying Up Without Disturb S01E13 - 第 13 集 - 2160p WEB-DL HDR H265 AAC.mkv', 'Flying Up Without Disturb S01E12 - 第 12 集 - 2160p WEB-DL HDR H265 AAC.mkv', 'Flying Up Without Disturb S01E11 - 第 11 集 - 2160p WEB-DL HDR H265 AAC.mkv', 'Flying Up Without Disturb S01E10 - 第 10 集 - 2160p WEB-DL HDR H265 AAC.mkv', 'Flying Up Without Disturb S01E09 - 第 9 集 - 2160p WEB-DL HDR H265 AAC.mkv', 'Flying Up Without Disturb S01E09 - 第 9 集 - 2160p WEB-DL H265 10bit AAC.mp4', 'Flying Up Without Disturb S01E08 - 第 8 集 - 2160p WEB-DL HDR H265 AAC.mkv', 'Flying Up Without Disturb S01E07 - 第 7 集 - 2160p WEB-DL HDR H265 AAC.mkv', 'Flying Up Without Disturb S01E06 - 第 6 集 - 2160p WEB-DL HDR H265 AAC.mkv', 'Flying Up Without Disturb S01E05 - 第 5 集 - 2160p WEB-DL HDR H265 AAC.mkv', 'Flying Up Without Disturb S01E04 - 第 4 集 - 2160p WEB-DL HDR H265 AAC.mkv', 'Flying Up Without Disturb S01E03 - 第 3 集 - 2160p WEB-DL HDR H265 AAC.mkv', 'Flying Up Without Disturb S01E02 - 第 2 集 - 2160p WEB-DL HDR H265 AAC.mkv', 'Flying Up Without Disturb S01E01 - 第 1 集 - 2160p WEB-DL HDR H265 AAC.mkv']
2025-11-21 14:45:08 [INFO] app.modules.filter.services.target_episode_filter_service:141 - 获取到目标剧集组合，来自链接：https://pan.quark.cn/s/7628a2df4376
2025-11-21 14:45:08 [INFO] app.modules.filter.flow:138 - 勿扰飞升 | https://pan.quark.cn/s/7628a2df4376 跳过（更新至 16，比备选https://pan.quark.cn/s/ac810cf770ef | 18 更少）
2025-11-21 14:45:08 [INFO] app.modules.filter.services.regex_target_link_filter:50 - 匹配成功: link_title="勿扰飞升 (2025) 【4K.HDR】【60帧率】【国语中字】【李宏毅/陆婷玉】【古装/剧情】【更新14集】描述：　　改编自月下蝶影小说《勿扰飞升》一位在凡尘界备受冷遇的亡国公主箜篌，因机缘巧合意外进入修仙世界，开启全员宠女主模式，从师傅师兄到隔壁门派，整个修仙界都对女主宠爱有加，为了吃苦头，磨练心智，箜篌主动走出舒适圈，要求下山闯荡，偶遇了病弱男子桓宗一起升级打怪闯荡修仙界，没想到桓宗竟然就是自己一直痴迷的修仙话本的大大，也是传说中的修仙界天才，箜篌顺利把作者大大拐回了门派当女婿，两人也在一次次的历练中克服了心魔，突破修为，双双成为了一代宗" movie_title_season="勿扰飞升" pattern="^勿扰飞升.*"
2025-11-21 14:45:08 [INFO] app.modules.filter.services.target_episode_filter_service:137 - 开始处理链接：--- 勿扰飞升 (2025) 【4K.HDR】【60帧率】【国语中字】【李宏毅/陆婷玉】【古装/剧情】【更新14集】描述：　　改编自月下蝶影小说《勿扰飞升》一位在凡尘界备受冷遇的亡国公主箜篌，因机缘巧合意外进入修仙世界，开启全员宠女主模式，从师傅师兄到隔壁门派，整个修仙界都对女主宠爱有加，为了吃苦头，磨练心智，箜篌主动走出舒适圈，要求下山闯荡，偶遇了病弱男子桓宗一起升级打怪闯荡修仙界，没想到桓宗竟然就是自己一直痴迷的修仙话本的大大，也是传说中的修仙界天才，箜篌顺利把作者大大拐回了门派当女婿，两人也在一次次的历练中克服了心魔，突破修为，双双成为了一代宗 https://pan.quark.cn/s/ac4a79848ff9
2025-11-21 14:45:08 [INFO] app.modules.filter.services.target_episode_filter_service:128 - 最终选择 16 个文件来覆盖新剧集: ['S01E16.2025.2160p.60fps.WEB-DL.AAC5.1.HDR.Vivid.10bits.H.265.mp4', 'S01E15.2025.2160p.60fps.WEB-DL.AAC5.1.HDR.Vivid.10bits.H.265.mp4', 'S01E14.2025.2160p.60fps.WEB-DL.AAC5.1.HDR.Vivid.10bits.H.265.mp4', 'S01E13.2025.2160p.60fps.WEB-DL.AAC5.1.HDR.Vivid.10bits.H.265.mp4', 'S01E12.2025.2160p.60fps.WEB-DL.AAC5.1.HDR.Vivid.10bits.H.265.mp4', 'S01E11.2025.2160p.60fps.WEB-DL.AAC5.1.HDR.Vivid.10bits.H.265.mp4', 'S01E10.2025.2160p.60fps.WEB-DL.AAC5.1.HDR.Vivid.10bits.H.265.mp4', 'S01E09.2025.2160p.60fps.WEB-DL.AAC5.1.HDR.Vivid.10bits.H.265.mp4', 'S01E08.2025.2160p.60fps.WEB-DL.AAC5.1.HDR.Vivid.10bits.H.265.mp4', 'S01E07.2025.2160p.60fps.WEB-DL.AAC5.1.HDR.Vivid.10bits.H.265.mp4', 'S01E06.2025.2160p.60fps.WEB-DL.AAC5.1.HDR.Vivid.10bits.H.265.mp4', 'S01E05.2025.2160p.60fps.WEB-DL.AAC5.1.HDR.Vivid.10bits.H.265.mp4', 'S01E04.2025.2160p.60fps.WEB-DL.AAC5.1.HDR.Vivid.10bits.H.265.mp4', 'S01E03.2025.2160p.60fps.WEB-DL.AAC5.1.HDR.Vivid.10bits.H.265.mp4', 'S01E02.2025.2160p.60fps.WEB-DL.AAC5.1.HDR.Vivid.10bits.H.265.mp4', 'S01E01.2025.2160p.60fps.WEB-DL.AAC5.1.HDR.Vivid.10bits.H.265.mp4']
2025-11-21 14:45:08 [INFO] app.modules.filter.services.target_episode_filter_service:141 - 获取到目标剧集组合，来自链接：https://pan.quark.cn/s/ac4a79848ff9
2025-11-21 14:45:08 [INFO] app.modules.filter.flow:138 - 勿扰飞升 | https://pan.quark.cn/s/ac4a79848ff9 跳过（更新至 16，比备选https://pan.quark.cn/s/ac810cf770ef | 18 更少）
2025-11-21 14:45:08 [INFO] app.modules.filter.flow:158 - 勿扰飞升分享链接遍历完成，无可用分享链接
2025-11-21 14:45:08 [INFO] app.modules.storage_operations.services.save_episodes_to_cloud:44 - 未筛选到适合['mkv', 'mp4', 'avi', 'mov', 'm4v', 'wmv', 'flv', 'torrent', 'srt', 'ass', 'sub', 'mp3', 'aac', 'zip']的链接
2025-11-21 14:45:08 [INFO] app.modules.storage_operations.services.save_episodes_to_cloud:44 - 未筛选到适合['mkv', 'mp4', 'avi', 'mov', 'm4v', 'wmv', 'flv', 'torrent', 'srt', 'ass', 'sub', 'mp3', 'aac', 'zip']的链接
2025-11-21 14:45:23 [INFO] telethon.client.updates:443 - Got difference for channel 1561455638 updates
2025-11-21 14:45:23 [INFO] telethon.client.updates:443 - Got difference for channel 1084638970 updates
2025-11-21 14:45:24 [INFO] telethon.client.updates:443 - Got difference for channel 1280467440 updates
2025-11-21 14:45:24 [INFO] telethon.client.updates:443 - Got difference for channel 1617621330 updates
2025-11-21 14:45:24 [INFO] telethon.client.updates:443 - Got difference for channel 1688099294 updates
2025-11-21 14:45:24 [INFO] telethon.client.updates:443 - Got difference for channel 2209378593 updates
2025-11-21 14:45:25 [INFO] telethon.client.updates:443 - Got difference for channel 1859684449 updates
2025-11-21 14:45:25 [INFO] telethon.client.updates:443 - Got difference for channel 2193554291 updates
2025-11-21 14:45:44 [INFO] telethon.crypto.libssl:79 - Failed to load SSL library: <class 'OSError'> (no library called "ssl" found)
2025-11-21 14:45:44 [INFO] telethon.crypto.aes:25 - cryptg module not installed and libssl not found, falling back to (slower) Python encryption
2025-11-21 14:48:35 [INFO] app.core.scheduler:193 - Added cron job b03142c7f03e4aac98634332ca38b1cc -> 重建网盘影视目录 (next 2025-11-22 01:00:00+08:00 (Asia/Shanghai))
2025-11-21 14:48:46 [INFO] app.core.scheduler:572 - Loaded 6 cron jobs from DB
2025-11-21 14:48:46 [INFO] app.core.scheduler:123 - CronScheduler started (Beanie persistence)
2025-11-21 14:50:00 [INFO] app.core.scheduler:480 - Dispatching scheduled job f8e4963f2a92414589a557957998c0a7 -> 将所有网盘已更新到最新进度的movie推送到平台
2025-11-21 14:50:00 [INFO] app.core.scheduler:506 - Scheduled job f8e4963f2a92414589a557957998c0a7 dispatched to task_manager
2025-11-21 14:50:00 [INFO] root:162 - [task 8610d92cf1ef43bfb04525192139b7d5] log handler attached for capture
2025-11-21 14:50:00 [INFO] app.flow.sync_new_movie_flow:327 - 将['赴山海', '欢乐家长群2', '暴风圈', '照镜辞', '漫威丧尸', '弥留之国的爱丽丝 第三季', '行骗天下KR', '健力士王朝', '犯罪现场 Zero', '科斯缇娜酒店', '入青云', '回魂计', '水龙吟', '锦月令', '新闻女王2', '棕眼之谜', '三人行', '黑盒子', '大厨小婿']发布至平台
